{"type": "FeatureCollection", "features": [{"type": "Feature", "geometry": {"type": "Polygon", "coordinates": [[[28.0, 39.0], [28.25, 39.0], [28.25, 39.25], [28.0, 39.25], [28.0, 39.0]]]}, "properties": {"risk_index": 100, "annual_rate": 18.4369, "max_mag": 6.1, "n_events": 672, "n_recent": 610}}, {"type": "Feature", "geometry": {"type": "Polygon", "coordinates": [[[37.0, 37.25], [37.25, 37.25], [37.25, 37.5], [37.0, 37.5], [37.0, 37.25]]]}, "properties": {"risk_index": 100, "annual_rate": 13.8551, "max_mag": 7.7, "n_events": 505, "n_recent": 205}}, {"type": "Feature", "geometry": {"type": "Polygon", "coordinates": [[[43.25, 38.5], [43.5, 38.5], [43.5, 38.75], [43.25, 38.75], [43.25, 38.5]]]}, "properties": {"risk_index": 100, "annual_rate": 12.2639, "max_mag": 6.7, "n_events": 447, "n_recent": 20}}, {"type": "Feature", "geometry": {"type": "Polygon", "coordinates": [[[39.0, 38.25], [39.25, 38.25], [39.25, 38.5], [39.0, 38.5], [39.0, 38.25]]]}, "properties": {"risk_index": 100, "annual_rate": 12.1267, "max_mag": 6.8, "n_events": 442, "n_recent": 197}}, {"type": "Feature", "geometry": {"type": "Polygon", "coordinates": [[[26.5, 38.0], [26.75, 38.0], [26.75, 38.25], [26.5, 38.25], [26.5, 38.0]]]}, "properties": {"risk_index": 99, "annual_rate": 15.611, "max_mag": 5.9, "n_events": 569, "n_recent": 5}}, {"type": "Feature", "geometry": {"type": "Polygon", "coordinates": [[[29.0, 39.0], [29.25, 39.0], [29.25, 39.25], [29.0, 39.25], [29.0, 39.0]]]}, "properties": {"risk_index": 99, "annual_rate": 30.1521, "max_mag": 5.7, "n_events": 1099, "n_recent": 33}}, {"type": "Feature", "geometry": {"type": "Polygon", "coordinates": [[[43.0, 38.5], [43.25, 38.5], [43.25, 38.75], [43.0, 38.75], [43.0, 38.5]]]}, "properties": {"risk_index": 99, "annual_rate": 26.5305, "max_mag": 5.8, "n_events": 967, "n_recent": 57}}, {"type": "Feature", "geometry": {"type": "Polygon", "coordinates": [[[26.25, 38.75], [26.5, 38.75], [26.5, 39.0], [26.25, 39.0], [26.25, 38.75]]]}, "properties": {"risk_index": 99, "annual_rate": 7.6272, "max_mag": 6.2, "n_events": 278, "n_recent": 138}}, {"type": "Feature", "geometry": {"type": "Polygon", "coordinates": [[[38.75, 38.25], [39.0, 38.25], [39.0, 38.5], [38.75, 38.5], [38.75, 38.25]]]}, "properties": {"risk_index": 99, "annual_rate": 7.8741, "max_mag": 5.9, "n_events": 287, "n_recent": 162}}, {"type": "Feature", "geometry": {"type": "Polygon", "coordinates": [[[33.0, 39.25], [33.25, 39.25], [33.25, 39.5], [33.0, 39.5], [33.0, 39.25]]]}, "properties": {"risk_index": 99, "annual_rate": 17.8059, "max_mag": 5.6, "n_events": 649, "n_recent": 0}}, {"type": "Feature", "geometry": {"type": "Polygon", "coordinates": [[[43.25, 38.75], [43.5, 38.75], [43.5, 39.0], [43.25, 39.0], [43.25, 38.75]]]}, "properties": {"risk_index": 99, "annual_rate": 7.4351, "max_mag": 5.8, "n_events": 271, "n_recent": 22}}, {"type": "Feature", "geometry": {"type": "Polygon", "coordinates": [[[40.75, 39.25], [41.0, 39.25], [41.0, 39.5], [40.75, 39.5], [40.75, 39.25]]]}, "properties": {"risk_index": 98, "annual_rate": 5.0208, "max_mag": 5.9, "n_events": 183, "n_recent": 18}}, {"type": "Feature", "geometry": {"type": "Polygon", "coordinates": [[[27.25, 36.75], [27.5, 36.75], [27.5, 37.0], [27.25, 37.0], [27.25, 36.75]]]}, "properties": {"risk_index": 98, "annual_rate": 4.5818, "max_mag": 6.5, "n_events": 167, "n_recent": 87}}, {"type": "Feature", "geometry": {"type": "Polygon", "coordinates": [[[37.0, 38.0], [37.25, 38.0], [37.25, 38.25], [37.0, 38.25], [37.0, 38.0]]]}, "properties": {"risk_index": 98, "annual_rate": 3.649, "max_mag": 7.6, "n_events": 133, "n_recent": 119}}, {"type": "Feature", "geometry": {"type": "Polygon", "coordinates": [[[37.75, 38.0], [38.0, 38.0], [38.0, 38.25], [37.75, 38.25], [37.75, 38.0]]]}, "properties": {"risk_index": 98, "annual_rate": 6.7218, "max_mag": 5.9, "n_events": 245, "n_recent": 230}}, {"type": "Feature", "geometry": {"type": "Polygon", "coordinates": [[[39.25, 38.25], [39.5, 38.25], [39.5, 38.5], [39.25, 38.5], [39.25, 38.25]]]}, "properties": {"risk_index": 98, "annual_rate": 7.2157, "max_mag": 5.4, "n_events": 263, "n_recent": 87}}, {"type": "Feature", "geometry": {"type": "Polygon", "coordinates": [[[38.5, 38.0], [38.75, 38.0], [38.75, 38.25], [38.5, 38.25], [38.5, 38.0]]]}, "properties": {"risk_index": 98, "annual_rate": 11.1939, "max_mag": 5.3, "n_events": 408, "n_recent": 340}}, {"type": "Feature", "geometry": {"type": "Polygon", "coordinates": [[[36.75, 37.25], [37.0, 37.25], [37.0, 37.5], [36.75, 37.5], [36.75, 37.25]]]}, "properties": {"risk_index": 98, "annual_rate": 4.9933, "max_mag": 6.6, "n_events": 182, "n_recent": 154}}, {"type": "Feature", "geometry": {"type": "Polygon", "coordinates": [[[26.5, 37.75], [26.75, 37.75], [26.75, 38.0], [26.5, 38.0], [26.5, 37.75]]]}, "properties": {"risk_index": 98, "annual_rate": 3.7862, "max_mag": 6.6, "n_events": 138, "n_recent": 74}}, {"type": "Feature", "geometry": {"type": "Polygon", "coordinates": [[[27.75, 38.75], [28.0, 38.75], [28.0, 39.0], [27.75, 39.0], [27.75, 38.75]]]}, "properties": {"risk_index": 98, "annual_rate": 6.0633, "max_mag": 5.5, "n_events": 221, "n_recent": 112}}, {"type": "Feature", "geometry": {"type": "Polygon", "coordinates": [[[33.0, 40.5], [33.25, 40.5], [33.25, 40.75], [33.0, 40.75], [33.0, 40.5]]]}, "properties": {"risk_index": 98, "annual_rate": 6.8864, "max_mag": 5.9, "n_events": 251, "n_recent": 9}}, {"type": "Feature", "geometry": {"type": "Polygon", "coordinates": [[[43.5, 38.75], [43.75, 38.75], [43.75, 39.0], [43.5, 39.0], [43.5, 38.75]]]}, "properties": {"risk_index": 98, "annual_rate": 23.979, "max_mag": 5.4, "n_events": 874, "n_recent": 75}}, {"type": "Feature", "geometry": {"type": "Polygon", "coordinates": [[[27.75, 39.0], [28.0, 39.0], [28.0, 39.25], [27.75, 39.25], [27.75, 39.0]]]}, "properties": {"risk_index": 98, "annual_rate": 8.7795, "max_mag": 5.4, "n_events": 320, "n_recent": 181}}, {"type": "Feature", "geometry": {"type": "Polygon", "coordinates": [[[40.0, 38.75], [40.25, 38.75], [40.25, 39.0], [40.0, 39.0], [40.0, 38.75]]]}, "properties": {"risk_index": 98, "annual_rate": 4.8013, "max_mag": 5.8, "n_events": 175, "n_recent": 16}}, {"type": "Feature", "geometry": {"type": "Polygon", "coordinates": [[[27.0, 36.25], [27.25, 36.25], [27.25, 36.5], [27.0, 36.5], [27.0, 36.25]]]}, "properties": {"risk_index": 98, "annual_rate": 7.2431, "max_mag": 5.5, "n_events": 264, "n_recent": 235}}, {"type": "Feature", "geometry": {"type": "Polygon", "coordinates": [[[27.5, 36.75], [27.75, 36.75], [27.75, 37.0], [27.5, 37.0], [27.5, 36.75]]]}, "properties": {"risk_index": 98, "annual_rate": 15.5562, "max_mag": 5.3, "n_events": 567, "n_recent": 240}}, {"type": "Feature", "geometry": {"type": "Polygon", "coordinates": [[[31.0, 40.75], [31.25, 40.75], [31.25, 41.0], [31.0, 41.0], [31.0, 40.75]]]}, "properties": {"risk_index": 97, "annual_rate": 3.2649, "max_mag": 7.2, "n_events": 119, "n_recent": 18}}, {"type": "Feature", "geometry": {"type": "Polygon", "coordinates": [[[36.75, 37.0], [37.0, 37.0], [37.0, 37.25], [36.75, 37.25], [36.75, 37.0]]]}, "properties": {"risk_index": 97, "annual_rate": 3.9782, "max_mag": 5.6, "n_events": 145, "n_recent": 97}}, {"type": "Feature", "geometry": {"type": "Polygon", "coordinates": [[[38.25, 38.0], [38.5, 38.0], [38.5, 38.25], [38.25, 38.25], [38.25, 38.0]]]}, "properties": {"risk_index": 97, "annual_rate": 7.0785, "max_mag": 5.2, "n_events": 258, "n_recent": 214}}, {"type": "Feature", "geometry": {"type": "Polygon", "coordinates": [[[38.0, 38.0], [38.25, 38.0], [38.25, 38.25], [38.0, 38.25], [38.0, 38.0]]]}, "properties": {"risk_index": 97, "annual_rate": 5.5146, "max_mag": 5.3, "n_events": 201, "n_recent": 166}}, {"type": "Feature", "geometry": {"type": "Polygon", "coordinates": [[[36.5, 38.0], [36.75, 38.0], [36.75, 38.25], [36.5, 38.25], [36.5, 38.0]]]}, "properties": {"risk_index": 97, "annual_rate": 7.4351, "max_mag": 5.2, "n_events": 271, "n_recent": 271}}, {"type": "Feature", "geometry": {"type": "Polygon", "coordinates": [[[36.25, 38.0], [36.5, 38.0], [36.5, 38.25], [36.25, 38.25], [36.25, 38.0]]]}, "properties": {"risk_index": 97, "annual_rate": 3.8136, "max_mag": 5.9, "n_events": 139, "n_recent": 136}}, {"type": "Feature", "geometry": {"type": "Polygon", "coordinates": [[[31.0, 38.5], [31.25, 38.5], [31.25, 38.75], [31.0, 38.75], [31.0, 38.5]]]}, "properties": {"risk_index": 97, "annual_rate": 3.5392, "max_mag": 5.6, "n_events": 129, "n_recent": 9}}, {"type": "Feature", "geometry": {"type": "Polygon", "coordinates": [[[36.25, 37.75], [36.5, 37.75], [36.5, 38.0], [36.25, 38.0], [36.25, 37.75]]]}, "properties": {"risk_index": 97, "annual_rate": 9.9318, "max_mag": 5.2, "n_events": 362, "n_recent": 346}}, {"type": "Feature", "geometry": {"type": "Polygon", "coordinates": [[[25.5, 36.5], [25.75, 36.5], [25.75, 36.75], [25.5, 36.75], [25.5, 36.5]]]}, "properties": {"risk_index": 97, "annual_rate": 10.8646, "max_mag": 5.2, "n_events": 396, "n_recent": 382}}, {"type": "Feature", "geometry": {"type": "Polygon", "coordinates": [[[28.75, 38.0], [29.0, 38.0], [29.0, 38.25], [28.75, 38.25], [28.75, 38.0]]]}, "properties": {"risk_index": 97, "annual_rate": 5.4323, "max_mag": 5.5, "n_events": 198, "n_recent": 34}}, {"type": "Feature", "geometry": {"type": "Polygon", "coordinates": [[[25.75, 40.25], [26.0, 40.25], [26.0, 40.5], [25.75, 40.5], [25.75, 40.25]]]}, "properties": {"risk_index": 97, "annual_rate": 4.7464, "max_mag": 5.3, "n_events": 173, "n_recent": 6}}, {"type": "Feature", "geometry": {"type": "Polygon", "coordinates": [[[35.75, 36.0], [36.0, 36.0], [36.0, 36.25], [35.75, 36.25], [35.75, 36.0]]]}, "properties": {"risk_index": 97, "annual_rate": 3.7587, "max_mag": 5.8, "n_events": 137, "n_recent": 95}}, {"type": "Feature", "geometry": {"type": "Polygon", "coordinates": [[[36.0, 36.0], [36.25, 36.0], [36.25, 36.25], [36.0, 36.25], [36.0, 36.0]]]}, "properties": {"risk_index": 97, "annual_rate": 3.3197, "max_mag": 6.4, "n_events": 121, "n_recent": 88}}, {"type": "Feature", "geometry": {"type": "Polygon", "coordinates": [[[28.75, 39.0], [29.0, 39.0], [29.0, 39.25], [28.75, 39.25], [28.75, 39.0]]]}, "properties": {"risk_index": 97, "annual_rate": 5.2951, "max_mag": 5.4, "n_events": 193, "n_recent": 92}}, {"type": "Feature", "geometry": {"type": "Polygon", "coordinates": [[[25.5, 39.5], [25.75, 39.5], [25.75, 39.75], [25.5, 39.75], [25.5, 39.5]]]}, "properties": {"risk_index": 97, "annual_rate": 4.28, "max_mag": 5.6, "n_events": 156, "n_recent": 13}}, {"type": "Feature", "geometry": {"type": "Polygon", "coordinates": [[[26.0, 39.5], [26.25, 39.5], [26.25, 39.75], [26.0, 39.75], [26.0, 39.5]]]}, "properties": {"risk_index": 97, "annual_rate": 8.2033, "max_mag": 5.3, "n_events": 299, "n_recent": 207}}, {"type": "Feature", "geometry": {"type": "Polygon", "coordinates": [[[37.75, 37.75], [38.0, 37.75], [38.0, 38.0], [37.75, 38.0], [37.75, 37.75]]]}, "properties": {"risk_index": 97, "annual_rate": 3.7587, "max_mag": 5.6, "n_events": 137, "n_recent": 84}}, {"type": "Feature", "geometry": {"type": "Polygon", "coordinates": [[[26.75, 37.75], [27.0, 37.75], [27.0, 38.0], [26.75, 38.0], [26.75, 37.75]]]}, "properties": {"risk_index": 96, "annual_rate": 10.6177, "max_mag": 5.1, "n_events": 387, "n_recent": 272}}, {"type": "Feature", "geometry": {"type": "Polygon", "coordinates": [[[27.0, 37.75], [27.25, 37.75], [27.25, 38.0], [27.0, 38.0], [27.0, 37.75]]]}, "properties": {"risk_index": 96, "annual_rate": 6.3103, "max_mag": 5.1, "n_events": 230, "n_recent": 122}}, {"type": "Feature", "geometry": {"type": "Polygon", "coordinates": [[[38.0, 38.25], [38.25, 38.25], [38.25, 38.5], [38.0, 38.5], [38.0, 38.25]]]}, "properties": {"risk_index": 96, "annual_rate": 3.2649, "max_mag": 5.7, "n_events": 119, "n_recent": 99}}, {"type": "Feature", "geometry": {"type": "Polygon", "coordinates": [[[28.75, 36.25], [29.0, 36.25], [29.0, 36.5], [28.75, 36.5], [28.75, 36.25]]]}, "properties": {"risk_index": 96, "annual_rate": 3.8959, "max_mag": 5.3, "n_events": 142, "n_recent": 13}}, {"type": "Feature", "geometry": {"type": "Polygon", "coordinates": [[[38.5, 39.5], [38.75, 39.5], [38.75, 39.75], [38.5, 39.75], [38.5, 39.5]]]}, "properties": {"risk_index": 96, "annual_rate": 3.5392, "max_mag": 5.4, "n_events": 129, "n_recent": 8}}, {"type": "Feature", "geometry": {"type": "Polygon", "coordinates": [[[36.5, 37.0], [36.75, 37.0], [36.75, 37.25], [36.5, 37.25], [36.5, 37.0]]]}, "properties": {"risk_index": 96, "annual_rate": 2.7162, "max_mag": 5.7, "n_events": 99, "n_recent": 87}}, {"type": "Feature", "geometry": {"type": "Polygon", "coordinates": [[[28.25, 39.0], [28.5, 39.0], [28.5, 39.25], [28.25, 39.25], [28.25, 39.0]]]}, "properties": {"risk_index": 96, "annual_rate": 5.3774, "max_mag": 5.1, "n_events": 196, "n_recent": 173}}, {"type": "Feature", "geometry": {"type": "Polygon", "coordinates": [[[30.75, 40.75], [31.0, 40.75], [31.0, 41.0], [30.75, 41.0], [30.75, 40.75]]]}, "properties": {"risk_index": 96, "annual_rate": 3.1826, "max_mag": 5.4, "n_events": 116, "n_recent": 12}}, {"type": "Feature", "geometry": {"type": "Polygon", "coordinates": [[[28.25, 40.75], [28.5, 40.75], [28.5, 41.0], [28.25, 41.0], [28.25, 40.75]]]}, "properties": {"risk_index": 96, "annual_rate": 2.7985, "max_mag": 5.9, "n_events": 102, "n_recent": 89}}, {"type": "Feature", "geometry": {"type": "Polygon", "coordinates": [[[28.0, 40.75], [28.25, 40.75], [28.25, 41.0], [28.0, 41.0], [28.0, 40.75]]]}, "properties": {"risk_index": 96, "annual_rate": 2.3869, "max_mag": 6.2, "n_events": 87, "n_recent": 51}}, {"type": "Feature", "geometry": {"type": "Polygon", "coordinates": [[[35.25, 40.5], [35.5, 40.5], [35.5, 40.75], [35.25, 40.75], [35.25, 40.5]]]}, "properties": {"risk_index": 96, "annual_rate": 3.4021, "max_mag": 5.4, "n_events": 124, "n_recent": 16}}, {"type": "Feature", "geometry": {"type": "Polygon", "coordinates": [[[37.5, 38.0], [37.75, 38.0], [37.75, 38.25], [37.5, 38.25], [37.5, 38.0]]]}, "properties": {"risk_index": 96, "annual_rate": 4.5818, "max_mag": 5.3, "n_events": 167, "n_recent": 160}}, {"type": "Feature", "geometry": {"type": "Polygon", "coordinates": [[[26.0, 38.75], [26.25, 38.75], [26.25, 39.0], [26.0, 39.0], [26.0, 38.75]]]}, "properties": {"risk_index": 96, "annual_rate": 6.9687, "max_mag": 5.1, "n_events": 254, "n_recent": 139}}, {"type": "Feature", "geometry": {"type": "Polygon", "coordinates": [[[29.0, 40.5], [29.25, 40.5], [29.25, 40.75], [29.0, 40.75], [29.0, 40.5]]]}, "properties": {"risk_index": 96, "annual_rate": 5.8439, "max_mag": 5.1, "n_events": 213, "n_recent": 19}}, {"type": "Feature", "geometry": {"type": "Polygon", "coordinates": [[[37.5, 37.75], [37.75, 37.75], [37.75, 38.0], [37.5, 38.0], [37.5, 37.75]]]}, "properties": {"risk_index": 96, "annual_rate": 3.7862, "max_mag": 5.4, "n_events": 138, "n_recent": 120}}, {"type": "Feature", "geometry": {"type": "Polygon", "coordinates": [[[39.5, 38.5], [39.75, 38.5], [39.75, 38.75], [39.5, 38.75], [39.5, 38.5]]]}, "properties": {"risk_index": 96, "annual_rate": 3.9782, "max_mag": 5.3, "n_events": 145, "n_recent": 40}}, {"type": "Feature", "geometry": {"type": "Polygon", "coordinates": [[[40.75, 39.75], [41.0, 39.75], [41.0, 40.0], [40.75, 40.0], [40.75, 39.75]]]}, "properties": {"risk_index": 96, "annual_rate": 3.8136, "max_mag": 5.3, "n_events": 139, "n_recent": 9}}, {"type": "Feature", "geometry": {"type": "Polygon", "coordinates": [[[40.5, 39.25], [40.75, 39.25], [40.75, 39.5], [40.5, 39.5], [40.5, 39.25]]]}, "properties": {"risk_index": 95, "annual_rate": 2.1674, "max_mag": 5.7, "n_events": 79, "n_recent": 42}}, {"type": "Feature", "geometry": {"type": "Polygon", "coordinates": [[[30.0, 38.0], [30.25, 38.0], [30.25, 38.25], [30.0, 38.25], [30.0, 38.0]]]}, "properties": {"risk_index": 95, "annual_rate": 2.3046, "max_mag": 5.9, "n_events": 84, "n_recent": 5}}, {"type": "Feature", "geometry": {"type": "Polygon", "coordinates": [[[39.75, 39.5], [40.0, 39.5], [40.0, 39.75], [39.75, 39.75], [39.75, 39.5]]]}, "properties": {"risk_index": 95, "annual_rate": 2.0028, "max_mag": 6.1, "n_events": 73, "n_recent": 3}}, {"type": "Feature", "geometry": {"type": "Polygon", "coordinates": [[[40.0, 39.25], [40.25, 39.25], [40.25, 39.5], [40.0, 39.5], [40.0, 39.25]]]}, "properties": {"risk_index": 95, "annual_rate": 2.8259, "max_mag": 5.3, "n_events": 103, "n_recent": 12}}, {"type": "Feature", "geometry": {"type": "Polygon", "coordinates": [[[28.5, 37.0], [28.75, 37.0], [28.75, 37.25], [28.5, 37.25], [28.5, 37.0]]]}, "properties": {"risk_index": 95, "annual_rate": 4.6915, "max_mag": 5.1, "n_events": 171, "n_recent": 61}}, {"type": "Feature", "geometry": {"type": "Polygon", "coordinates": [[[28.25, 37.0], [28.5, 37.0], [28.5, 37.25], [28.25, 37.25], [28.25, 37.0]]]}, "properties": {"risk_index": 95, "annual_rate": 3.7587, "max_mag": 5.1, "n_events": 137, "n_recent": 31}}, {"type": "Feature", "geometry": {"type": "Polygon", "coordinates": [[[31.25, 40.75], [31.5, 40.75], [31.5, 41.0], [31.25, 41.0], [31.25, 40.75]]]}, "properties": {"risk_index": 95, "annual_rate": 3.1003, "max_mag": 5.2, "n_events": 113, "n_recent": 5}}, {"type": "Feature", "geometry": {"type": "Polygon", "coordinates": [[[26.25, 39.25], [26.5, 39.25], [26.5, 39.5], [26.25, 39.5], [26.25, 39.25]]]}, "properties": {"risk_index": 95, "annual_rate": 3.3746, "max_mag": 5.2, "n_events": 123, "n_recent": 65}}, {"type": "Feature", "geometry": {"type": "Polygon", "coordinates": [[[26.0, 40.25], [26.25, 40.25], [26.25, 40.5], [26.0, 40.5], [26.0, 40.25]]]}, "properties": {"risk_index": 95, "annual_rate": 4.1428, "max_mag": 5.1, "n_events": 151, "n_recent": 6}}, {"type": "Feature", "geometry": {"type": "Polygon", "coordinates": [[[43.5, 38.5], [43.75, 38.5], [43.75, 38.75], [43.5, 38.75], [43.5, 38.5]]]}, "properties": {"risk_index": 95, "annual_rate": 8.999, "max_mag": 5.0, "n_events": 328, "n_recent": 6}}, {"type": "Feature", "geometry": {"type": "Polygon", "coordinates": [[[36.5, 37.75], [36.75, 37.75], [36.75, 38.0], [36.5, 38.0], [36.5, 37.75]]]}, "properties": {"risk_index": 95, "annual_rate": 7.1608, "max_mag": 5.0, "n_events": 261, "n_recent": 244}}, {"type": "Feature", "geometry": {"type": "Polygon", "coordinates": [[[38.5, 38.25], [38.75, 38.25], [38.75, 38.5], [38.5, 38.5], [38.5, 38.25]]]}, "properties": {"risk_index": 95, "annual_rate": 2.4692, "max_mag": 5.6, "n_events": 90, "n_recent": 60}}, {"type": "Feature", "geometry": {"type": "Polygon", "coordinates": [[[43.25, 38.25], [43.5, 38.25], [43.5, 38.5], [43.25, 38.5], [43.25, 38.25]]]}, "properties": {"risk_index": 95, "annual_rate": 2.4418, "max_mag": 5.6, "n_events": 89, "n_recent": 1}}, {"type": "Feature", "geometry": {"type": "Polygon", "coordinates": [[[40.25, 39.0], [40.5, 39.0], [40.5, 39.25], [40.25, 39.25], [40.25, 39.0]]]}, "properties": {"risk_index": 95, "annual_rate": 6.42, "max_mag": 5.0, "n_events": 234, "n_recent": 43}}, {"type": "Feature", "geometry": {"type": "Polygon", "coordinates": [[[44.25, 38.25], [44.5, 38.25], [44.5, 38.5], [44.25, 38.5], [44.25, 38.25]]]}, "properties": {"risk_index": 95, "annual_rate": 2.1126, "max_mag": 5.9, "n_events": 77, "n_recent": 62}}, {"type": "Feature", "geometry": {"type": "Polygon", "coordinates": [[[37.25, 37.5], [37.5, 37.5], [37.5, 37.75], [37.25, 37.75], [37.25, 37.5]]]}, "properties": {"risk_index": 94, "annual_rate": 4.0056, "max_mag": 5.0, "n_events": 146, "n_recent": 93}}, {"type": "Feature", "geometry": {"type": "Polygon", "coordinates": [[[26.5, 38.5], [26.75, 38.5], [26.75, 38.75], [26.5, 38.75], [26.5, 38.5]]]}, "properties": {"risk_index": 94, "annual_rate": 3.9508, "max_mag": 5.0, "n_events": 144, "n_recent": 23}}, {"type": "Feature", "geometry": {"type": "Polygon", "coordinates": [[[31.5, 40.75], [31.75, 40.75], [31.75, 41.0], [31.5, 41.0], [31.5, 40.75]]]}, "properties": {"risk_index": 94, "annual_rate": 2.9356, "max_mag": 5.1, "n_events": 107, "n_recent": 22}}, {"type": "Feature", "geometry": {"type": "Polygon", "coordinates": [[[43.75, 41.0], [44.0, 41.0], [44.0, 41.25], [43.75, 41.25], [43.75, 41.0]]]}, "properties": {"risk_index": 94, "annual_rate": 2.2497, "max_mag": 5.3, "n_events": 82, "n_recent": 53}}, {"type": "Feature", "geometry": {"type": "Polygon", "coordinates": [[[29.25, 37.25], [29.5, 37.25], [29.5, 37.5], [29.25, 37.5], [29.25, 37.25]]]}, "properties": {"risk_index": 94, "annual_rate": 2.2497, "max_mag": 5.5, "n_events": 82, "n_recent": 73}}, {"type": "Feature", "geometry": {"type": "Polygon", "coordinates": [[[28.0, 37.0], [28.25, 37.0], [28.25, 37.25], [28.0, 37.25], [28.0, 37.0]]]}, "properties": {"risk_index": 94, "annual_rate": 4.0331, "max_mag": 5.0, "n_events": 147, "n_recent": 12}}, {"type": "Feature", "geometry": {"type": "Polygon", "coordinates": [[[35.75, 37.5], [36.0, 37.5], [36.0, 37.75], [35.75, 37.75], [35.75, 37.5]]]}, "properties": {"risk_index": 94, "annual_rate": 2.14, "max_mag": 5.5, "n_events": 78, "n_recent": 53}}, {"type": "Feature", "geometry": {"type": "Polygon", "coordinates": [[[35.0, 40.5], [35.25, 40.5], [35.25, 40.75], [35.0, 40.75], [35.0, 40.5]]]}, "properties": {"risk_index": 94, "annual_rate": 2.6613, "max_mag": 5.2, "n_events": 97, "n_recent": 8}}, {"type": "Feature", "geometry": {"type": "Polygon", "coordinates": [[[29.5, 37.75], [29.75, 37.75], [29.75, 38.0], [29.5, 38.0], [29.5, 37.75]]]}, "properties": {"risk_index": 94, "annual_rate": 1.8108, "max_mag": 6.0, "n_events": 66, "n_recent": 45}}, {"type": "Feature", "geometry": {"type": "Polygon", "coordinates": [[[28.75, 36.5], [29.0, 36.5], [29.0, 36.75], [28.75, 36.75], [28.75, 36.5]]]}, "properties": {"risk_index": 94, "annual_rate": 1.7833, "max_mag": 6.0, "n_events": 65, "n_recent": 9}}, {"type": "Feature", "geometry": {"type": "Polygon", "coordinates": [[[41.0, 39.25], [41.25, 39.25], [41.25, 39.5], [41.0, 39.5], [41.0, 39.25]]]}, "properties": {"risk_index": 94, "annual_rate": 2.1949, "max_mag": 5.5, "n_events": 80, "n_recent": 12}}, {"type": "Feature", "geometry": {"type": "Polygon", "coordinates": [[[26.75, 37.5], [27.0, 37.5], [27.0, 37.75], [26.75, 37.75], [26.75, 37.5]]]}, "properties": {"risk_index": 94, "annual_rate": 3.5392, "max_mag": 5.1, "n_events": 129, "n_recent": 29}}, {"type": "Feature", "geometry": {"type": "Polygon", "coordinates": [[[44.5, 38.25], [44.75, 38.25], [44.75, 38.5], [44.5, 38.5], [44.5, 38.25]]]}, "properties": {"risk_index": 94, "annual_rate": 1.7833, "max_mag": 5.9, "n_events": 65, "n_recent": 50}}, {"type": "Feature", "geometry": {"type": "Polygon", "coordinates": [[[26.0, 39.25], [26.25, 39.25], [26.25, 39.5], [26.0, 39.5], [26.0, 39.25]]]}, "properties": {"risk_index": 93, "annual_rate": 3.1003, "max_mag": 5.0, "n_events": 113, "n_recent": 35}}, {"type": "Feature", "geometry": {"type": "Polygon", "coordinates": [[[38.5, 37.5], [38.75, 37.5], [38.75, 37.75], [38.5, 37.75], [38.5, 37.5]]]}, "properties": {"risk_index": 93, "annual_rate": 2.6338, "max_mag": 5.1, "n_events": 96, "n_recent": 41}}, {"type": "Feature", "geometry": {"type": "Polygon", "coordinates": [[[29.0, 37.75], [29.25, 37.75], [29.25, 38.0], [29.0, 38.0], [29.0, 37.75]]]}, "properties": {"risk_index": 93, "annual_rate": 7.2157, "max_mag": 4.8, "n_events": 263, "n_recent": 21}}, {"type": "Feature", "geometry": {"type": "Polygon", "coordinates": [[[38.25, 37.5], [38.5, 37.5], [38.5, 37.75], [38.25, 37.75], [38.25, 37.5]]]}, "properties": {"risk_index": 93, "annual_rate": 1.701, "max_mag": 5.5, "n_events": 62, "n_recent": 42}}, {"type": "Feature", "geometry": {"type": "Polygon", "coordinates": [[[38.0, 37.75], [38.25, 37.75], [38.25, 38.0], [38.0, 38.0], [38.0, 37.75]]]}, "properties": {"risk_index": 93, "annual_rate": 2.2497, "max_mag": 5.1, "n_events": 82, "n_recent": 62}}, {"type": "Feature", "geometry": {"type": "Polygon", "coordinates": [[[29.25, 36.75], [29.5, 36.75], [29.5, 37.0], [29.25, 37.0], [29.25, 36.75]]]}, "properties": {"risk_index": 93, "annual_rate": 3.21, "max_mag": 5.0, "n_events": 117, "n_recent": 3}}, {"type": "Feature", "geometry": {"type": "Polygon", "coordinates": [[[37.0, 37.5], [37.25, 37.5], [37.25, 37.75], [37.0, 37.75], [37.0, 37.5]]]}, "properties": {"risk_index": 93, "annual_rate": 2.0028, "max_mag": 5.3, "n_events": 73, "n_recent": 70}}, {"type": "Feature", "geometry": {"type": "Polygon", "coordinates": [[[40.5, 38.75], [40.75, 38.75], [40.75, 39.0], [40.5, 39.0], [40.5, 38.75]]]}, "properties": {"risk_index": 93, "annual_rate": 1.5364, "max_mag": 6.1, "n_events": 56, "n_recent": 3}}, {"type": "Feature", "geometry": {"type": "Polygon", "coordinates": [[[27.5, 37.0], [27.75, 37.0], [27.75, 37.25], [27.5, 37.25], [27.5, 37.0]]]}, "properties": {"risk_index": 93, "annual_rate": 4.9385, "max_mag": 4.8, "n_events": 180, "n_recent": 65}}, {"type": "Feature", "geometry": {"type": "Polygon", "coordinates": [[[28.0, 36.75], [28.25, 36.75], [28.25, 37.0], [28.0, 37.0], [28.0, 36.75]]]}, "properties": {"risk_index": 93, "annual_rate": 3.2374, "max_mag": 5.0, "n_events": 118, "n_recent": 16}}, {"type": "Feature", "geometry": {"type": "Polygon", "coordinates": [[[30.75, 38.5], [31.0, 38.5], [31.0, 38.75], [30.75, 38.75], [30.75, 38.5]]]}, "properties": {"risk_index": 93, "annual_rate": 3.1003, "max_mag": 5.0, "n_events": 113, "n_recent": 4}}, {"type": "Feature", "geometry": {"type": "Polygon", "coordinates": [[[27.75, 40.75], [28.0, 40.75], [28.0, 41.0], [27.75, 41.0], [27.75, 40.75]]]}, "properties": {"risk_index": 93, "annual_rate": 2.4144, "max_mag": 5.1, "n_events": 88, "n_recent": 13}}, {"type": "Feature", "geometry": {"type": "Polygon", "coordinates": [[[36.0, 37.75], [36.25, 37.75], [36.25, 38.0], [36.0, 38.0], [36.0, 37.75]]]}, "properties": {"risk_index": 93, "annual_rate": 4.3897, "max_mag": 4.9, "n_events": 160, "n_recent": 135}}, {"type": "Feature", "geometry": {"type": "Polygon", "coordinates": [[[36.25, 37.25], [36.5, 37.25], [36.5, 37.5], [36.25, 37.5], [36.25, 37.25]]]}, "properties": {"risk_index": 93, "annual_rate": 2.7436, "max_mag": 5.1, "n_events": 100, "n_recent": 19}}, {"type": "Feature", "geometry": {"type": "Polygon", "coordinates": [[[38.75, 38.0], [39.0, 38.0], [39.0, 38.25], [38.75, 38.25], [38.75, 38.0]]]}, "properties": {"risk_index": 93, "annual_rate": 2.1126, "max_mag": 5.2, "n_events": 77, "n_recent": 26}}, {"type": "Feature", "geometry": {"type": "Polygon", "coordinates": [[[27.75, 38.5], [28.0, 38.5], [28.0, 38.75], [27.75, 38.75], [27.75, 38.5]]]}, "properties": {"risk_index": 92, "annual_rate": 1.948, "max_mag": 5.1, "n_events": 71, "n_recent": 41}}, {"type": "Feature", "geometry": {"type": "Polygon", "coordinates": [[[27.0, 38.0], [27.25, 38.0], [27.25, 38.25], [27.0, 38.25], [27.0, 38.0]]]}, "properties": {"risk_index": 92, "annual_rate": 1.7285, "max_mag": 5.3, "n_events": 63, "n_recent": 17}}, {"type": "Feature", "geometry": {"type": "Polygon", "coordinates": [[[31.0, 36.0], [31.25, 36.0], [31.25, 36.25], [31.0, 36.25], [31.0, 36.0]]]}, "properties": {"risk_index": 92, "annual_rate": 1.8931, "max_mag": 5.2, "n_events": 69, "n_recent": 26}}, {"type": "Feature", "geometry": {"type": "Polygon", "coordinates": [[[27.75, 39.25], [28.0, 39.25], [28.0, 39.5], [27.75, 39.5], [27.75, 39.25]]]}, "properties": {"risk_index": 92, "annual_rate": 6.0633, "max_mag": 4.7, "n_events": 221, "n_recent": 22}}, {"type": "Feature", "geometry": {"type": "Polygon", "coordinates": [[[25.5, 38.75], [25.75, 38.75], [25.75, 39.0], [25.5, 39.0], [25.5, 38.75]]]}, "properties": {"risk_index": 92, "annual_rate": 1.9754, "max_mag": 5.1, "n_events": 72, "n_recent": 7}}, {"type": "Feature", "geometry": {"type": "Polygon", "coordinates": [[[30.5, 40.5], [30.75, 40.5], [30.75, 40.75], [30.5, 40.75], [30.5, 40.5]]]}, "properties": {"risk_index": 92, "annual_rate": 3.1551, "max_mag": 4.9, "n_events": 115, "n_recent": 4}}, {"type": "Feature", "geometry": {"type": "Polygon", "coordinates": [[[30.75, 38.0], [31.0, 38.0], [31.0, 38.25], [30.75, 38.25], [30.75, 38.0]]]}, "properties": {"risk_index": 92, "annual_rate": 3.0728, "max_mag": 4.9, "n_events": 112, "n_recent": 6}}, {"type": "Feature", "geometry": {"type": "Polygon", "coordinates": [[[37.25, 38.0], [37.5, 38.0], [37.5, 38.25], [37.25, 38.25], [37.25, 38.0]]]}, "properties": {"risk_index": 92, "annual_rate": 4.0605, "max_mag": 4.8, "n_events": 148, "n_recent": 142}}, {"type": "Feature", "geometry": {"type": "Polygon", "coordinates": [[[39.75, 39.25], [40.0, 39.25], [40.0, 39.5], [39.75, 39.5], [39.75, 39.25]]]}, "properties": {"risk_index": 92, "annual_rate": 1.3169, "max_mag": 6.4, "n_events": 48, "n_recent": 9}}, {"type": "Feature", "geometry": {"type": "Polygon", "coordinates": [[[36.25, 37.5], [36.5, 37.5], [36.5, 37.75], [36.25, 37.75], [36.25, 37.5]]]}, "properties": {"risk_index": 92, "annual_rate": 2.2497, "max_mag": 5.0, "n_events": 82, "n_recent": 10}}, {"type": "Feature", "geometry": {"type": "Polygon", "coordinates": [[[36.0, 37.0], [36.25, 37.0], [36.25, 37.25], [36.0, 37.25], [36.0, 37.0]]]}, "properties": {"risk_index": 92, "annual_rate": 2.2497, "max_mag": 5.0, "n_events": 82, "n_recent": 34}}, {"type": "Feature", "geometry": {"type": "Polygon", "coordinates": [[[27.5, 36.25], [27.75, 36.25], [27.75, 36.5], [27.5, 36.5], [27.5, 36.25]]]}, "properties": {"risk_index": 92, "annual_rate": 1.6736, "max_mag": 5.2, "n_events": 61, "n_recent": 15}}, {"type": "Feature", "geometry": {"type": "Polygon", "coordinates": [[[25.75, 36.5], [26.0, 36.5], [26.0, 36.75], [25.75, 36.75], [25.75, 36.5]]]}, "properties": {"risk_index": 92, "annual_rate": 2.7162, "max_mag": 5.0, "n_events": 99, "n_recent": 91}}, {"type": "Feature", "geometry": {"type": "Polygon", "coordinates": [[[40.0, 40.0], [40.25, 40.0], [40.25, 40.25], [40.0, 40.25], [40.0, 40.0]]]}, "properties": {"risk_index": 92, "annual_rate": 1.2346, "max_mag": 7.0, "n_events": 45, "n_recent": 3}}, {"type": "Feature", "geometry": {"type": "Polygon", "coordinates": [[[38.25, 38.25], [38.5, 38.25], [38.5, 38.5], [38.25, 38.5], [38.25, 38.25]]]}, "properties": {"risk_index": 92, "annual_rate": 1.4267, "max_mag": 5.8, "n_events": 52, "n_recent": 40}}, {"type": "Feature", "geometry": {"type": "Polygon", "coordinates": [[[37.25, 37.75], [37.5, 37.75], [37.5, 38.0], [37.25, 38.0], [37.25, 37.75]]]}, "properties": {"risk_index": 92, "annual_rate": 2.0303, "max_mag": 5.1, "n_events": 74, "n_recent": 61}}, {"type": "Feature", "geometry": {"type": "Polygon", "coordinates": [[[40.0, 39.0], [40.25, 39.0], [40.25, 39.25], [40.0, 39.25], [40.0, 39.0]]]}, "properties": {"risk_index": 92, "annual_rate": 1.8656, "max_mag": 5.2, "n_events": 68, "n_recent": 21}}, {"type": "Feature", "geometry": {"type": "Polygon", "coordinates": [[[36.25, 37.0], [36.5, 37.0], [36.5, 37.25], [36.25, 37.25], [36.25, 37.0]]]}, "properties": {"risk_index": 92, "annual_rate": 1.948, "max_mag": 5.1, "n_events": 71, "n_recent": 26}}, {"type": "Feature", "geometry": {"type": "Polygon", "coordinates": [[[27.25, 40.5], [27.5, 40.5], [27.5, 40.75], [27.25, 40.75], [27.25, 40.5]]]}, "properties": {"risk_index": 92, "annual_rate": 2.1949, "max_mag": 5.0, "n_events": 80, "n_recent": 20}}, {"type": "Feature", "geometry": {"type": "Polygon", "coordinates": [[[40.0, 38.5], [40.25, 38.5], [40.25, 38.75], [40.0, 38.75], [40.0, 38.5]]]}, "properties": {"risk_index": 92, "annual_rate": 2.4967, "max_mag": 5.0, "n_events": 91, "n_recent": 8}}, {"type": "Feature", "geometry": {"type": "Polygon", "coordinates": [[[38.5, 37.25], [38.75, 37.25], [38.75, 37.5], [38.5, 37.5], [38.5, 37.25]]]}, "properties": {"risk_index": 92, "annual_rate": 2.9631, "max_mag": 4.9, "n_events": 108, "n_recent": 8}}, {"type": "Feature", "geometry": {"type": "Polygon", "coordinates": [[[29.25, 37.75], [29.5, 37.75], [29.5, 38.0], [29.25, 38.0], [29.25, 37.75]]]}, "properties": {"risk_index": 92, "annual_rate": 2.7162, "max_mag": 5.0, "n_events": 99, "n_recent": 21}}, {"type": "Feature", "geometry": {"type": "Polygon", "coordinates": [[[27.25, 35.5], [27.5, 35.5], [27.5, 35.75], [27.25, 35.75], [27.25, 35.5]]]}, "properties": {"risk_index": 91, "annual_rate": 1.5638, "max_mag": 5.2, "n_events": 57, "n_recent": 12}}, {"type": "Feature", "geometry": {"type": "Polygon", "coordinates": [[[41.75, 39.75], [42.0, 39.75], [42.0, 40.0], [41.75, 40.0], [41.75, 39.75]]]}, "properties": {"risk_index": 91, "annual_rate": 1.8382, "max_mag": 5.1, "n_events": 67, "n_recent": 12}}, {"type": "Feature", "geometry": {"type": "Polygon", "coordinates": [[[27.0, 36.5], [27.25, 36.5], [27.25, 36.75], [27.0, 36.75], [27.0, 36.5]]]}, "properties": {"risk_index": 91, "annual_rate": 1.6462, "max_mag": 5.1, "n_events": 60, "n_recent": 38}}, {"type": "Feature", "geometry": {"type": "Polygon", "coordinates": [[[26.25, 37.75], [26.5, 37.75], [26.5, 38.0], [26.25, 38.0], [26.25, 37.75]]]}, "properties": {"risk_index": 91, "annual_rate": 1.7833, "max_mag": 5.1, "n_events": 65, "n_recent": 54}}, {"type": "Feature", "geometry": {"type": "Polygon", "coordinates": [[[43.75, 38.75], [44.0, 38.75], [44.0, 39.0], [43.75, 39.0], [43.75, 38.75]]]}, "properties": {"risk_index": 91, "annual_rate": 1.5364, "max_mag": 5.2, "n_events": 56, "n_recent": 3}}, {"type": "Feature", "geometry": {"type": "Polygon", "coordinates": [[[31.25, 36.0], [31.5, 36.0], [31.5, 36.25], [31.25, 36.25], [31.25, 36.0]]]}, "properties": {"risk_index": 91, "annual_rate": 1.1797, "max_mag": 6.0, "n_events": 43, "n_recent": 12}}, {"type": "Feature", "geometry": {"type": "Polygon", "coordinates": [[[39.75, 38.5], [40.0, 38.5], [40.0, 38.75], [39.75, 38.75], [39.75, 38.5]]]}, "properties": {"risk_index": 91, "annual_rate": 2.9905, "max_mag": 4.8, "n_events": 109, "n_recent": 29}}, {"type": "Feature", "geometry": {"type": "Polygon", "coordinates": [[[30.5, 38.5], [30.75, 38.5], [30.75, 38.75], [30.5, 38.75], [30.5, 38.5]]]}, "properties": {"risk_index": 91, "annual_rate": 1.509, "max_mag": 5.2, "n_events": 55, "n_recent": 8}}, {"type": "Feature", "geometry": {"type": "Polygon", "coordinates": [[[34.75, 40.5], [35.0, 40.5], [35.0, 40.75], [34.75, 40.75], [34.75, 40.5]]]}, "properties": {"risk_index": 91, "annual_rate": 3.1277, "max_mag": 4.8, "n_events": 114, "n_recent": 6}}, {"type": "Feature", "geometry": {"type": "Polygon", "coordinates": [[[27.25, 37.75], [27.5, 37.75], [27.5, 38.0], [27.25, 38.0], [27.25, 37.75]]]}, "properties": {"risk_index": 91, "annual_rate": 3.3197, "max_mag": 4.7, "n_events": 121, "n_recent": 10}}, {"type": "Feature", "geometry": {"type": "Polygon", "coordinates": [[[32.75, 40.5], [33.0, 40.5], [33.0, 40.75], [32.75, 40.75], [32.75, 40.5]]]}, "properties": {"risk_index": 91, "annual_rate": 3.1003, "max_mag": 4.8, "n_events": 113, "n_recent": 22}}, {"type": "Feature", "geometry": {"type": "Polygon", "coordinates": [[[28.75, 40.25], [29.0, 40.25], [29.0, 40.5], [28.75, 40.5], [28.75, 40.25]]]}, "properties": {"risk_index": 91, "annual_rate": 1.6187, "max_mag": 5.2, "n_events": 59, "n_recent": 25}}, {"type": "Feature", "geometry": {"type": "Polygon", "coordinates": [[[43.75, 37.5], [44.0, 37.5], [44.0, 37.75], [43.75, 37.75], [43.75, 37.5]]]}, "properties": {"risk_index": 91, "annual_rate": 1.4267, "max_mag": 5.4, "n_events": 52, "n_recent": 5}}, {"type": "Feature", "geometry": {"type": "Polygon", "coordinates": [[[28.0, 36.5], [28.25, 36.5], [28.25, 36.75], [28.0, 36.75], [28.0, 36.5]]]}, "properties": {"risk_index": 91, "annual_rate": 1.2346, "max_mag": 5.8, "n_events": 45, "n_recent": 18}}, {"type": "Feature", "geometry": {"type": "Polygon", "coordinates": [[[25.75, 38.75], [26.0, 38.75], [26.0, 39.0], [25.75, 39.0], [25.75, 38.75]]]}, "properties": {"risk_index": 91, "annual_rate": 3.3746, "max_mag": 4.7, "n_events": 123, "n_recent": 37}}, {"type": "Feature", "geometry": {"type": "Polygon", "coordinates": [[[40.25, 39.25], [40.5, 39.25], [40.5, 39.5], [40.25, 39.5], [40.25, 39.25]]]}, "properties": {"risk_index": 91, "annual_rate": 1.509, "max_mag": 5.2, "n_events": 55, "n_recent": 18}}, {"type": "Feature", "geometry": {"type": "Polygon", "coordinates": [[[35.5, 37.5], [35.75, 37.5], [35.75, 37.75], [35.5, 37.75], [35.5, 37.5]]]}, "properties": {"risk_index": 91, "annual_rate": 3.9233, "max_mag": 4.7, "n_events": 143, "n_recent": 12}}, {"type": "Feature", "geometry": {"type": "Polygon", "coordinates": [[[27.75, 36.5], [28.0, 36.5], [28.0, 36.75], [27.75, 36.75], [27.75, 36.5]]]}, "properties": {"risk_index": 91, "annual_rate": 2.8533, "max_mag": 4.8, "n_events": 104, "n_recent": 3}}, {"type": "Feature", "geometry": {"type": "Polygon", "coordinates": [[[36.25, 36.5], [36.5, 36.5], [36.5, 36.75], [36.25, 36.75], [36.25, 36.5]]]}, "properties": {"risk_index": 90, "annual_rate": 2.0028, "max_mag": 4.9, "n_events": 73, "n_recent": 53}}, {"type": "Feature", "geometry": {"type": "Polygon", "coordinates": [[[30.0, 40.75], [30.25, 40.75], [30.25, 41.0], [30.0, 41.0], [30.0, 40.75]]]}, "properties": {"risk_index": 90, "annual_rate": 1.07, "max_mag": 5.7, "n_events": 39, "n_recent": 0}}, {"type": "Feature", "geometry": {"type": "Polygon", "coordinates": [[[28.75, 37.0], [29.0, 37.0], [29.0, 37.25], [28.75, 37.25], [28.75, 37.0]]]}, "properties": {"risk_index": 90, "annual_rate": 2.3321, "max_mag": 4.8, "n_events": 85, "n_recent": 21}}, {"type": "Feature", "geometry": {"type": "Polygon", "coordinates": [[[27.75, 36.75], [28.0, 36.75], [28.0, 37.0], [27.75, 37.0], [27.75, 36.75]]]}, "properties": {"risk_index": 90, "annual_rate": 5.981, "max_mag": 4.5, "n_events": 218, "n_recent": 23}}, {"type": "Feature", "geometry": {"type": "Polygon", "coordinates": [[[38.0, 38.75], [38.25, 38.75], [38.25, 39.0], [38.0, 39.0], [38.0, 38.75]]]}, "properties": {"risk_index": 90, "annual_rate": 1.8108, "max_mag": 4.9, "n_events": 66, "n_recent": 43}}, {"type": "Feature", "geometry": {"type": "Polygon", "coordinates": [[[43.0, 38.75], [43.25, 38.75], [43.25, 39.0], [43.0, 39.0], [43.0, 38.75]]]}, "properties": {"risk_index": 90, "annual_rate": 2.3595, "max_mag": 4.8, "n_events": 86, "n_recent": 6}}, {"type": "Feature", "geometry": {"type": "Polygon", "coordinates": [[[36.5, 36.75], [36.75, 36.75], [36.75, 37.0], [36.5, 37.0], [36.5, 36.75]]]}, "properties": {"risk_index": 90, "annual_rate": 1.7833, "max_mag": 5.0, "n_events": 65, "n_recent": 47}}, {"type": "Feature", "geometry": {"type": "Polygon", "coordinates": [[[27.0, 38.25], [27.25, 38.25], [27.25, 38.5], [27.0, 38.5], [27.0, 38.25]]]}, "properties": {"risk_index": 90, "annual_rate": 2.0851, "max_mag": 4.9, "n_events": 76, "n_recent": 38}}, {"type": "Feature", "geometry": {"type": "Polygon", "coordinates": [[[39.5, 39.5], [39.75, 39.5], [39.75, 39.75], [39.5, 39.75], [39.5, 39.5]]]}, "properties": {"risk_index": 90, "annual_rate": 2.2497, "max_mag": 4.8, "n_events": 82, "n_recent": 7}}, {"type": "Feature", "geometry": {"type": "Polygon", "coordinates": [[[27.5, 40.75], [27.75, 40.75], [27.75, 41.0], [27.5, 41.0], [27.5, 40.75]]]}, "properties": {"risk_index": 90, "annual_rate": 1.5913, "max_mag": 5.1, "n_events": 58, "n_recent": 8}}, {"type": "Feature", "geometry": {"type": "Polygon", "coordinates": [[[29.0, 37.0], [29.25, 37.0], [29.25, 37.25], [29.0, 37.25], [29.0, 37.0]]]}, "properties": {"risk_index": 90, "annual_rate": 6.9413, "max_mag": 4.5, "n_events": 253, "n_recent": 5}}, {"type": "Feature", "geometry": {"type": "Polygon", "coordinates": [[[36.0, 37.25], [36.25, 37.25], [36.25, 37.5], [36.0, 37.5], [36.0, 37.25]]]}, "properties": {"risk_index": 90, "annual_rate": 2.7162, "max_mag": 4.7, "n_events": 99, "n_recent": 26}}, {"type": "Feature", "geometry": {"type": "Polygon", "coordinates": [[[36.75, 38.0], [37.0, 38.0], [37.0, 38.25], [36.75, 38.25], [36.75, 38.0]]]}, "properties": {"risk_index": 90, "annual_rate": 2.7436, "max_mag": 4.7, "n_events": 100, "n_recent": 97}}, {"type": "Feature", "geometry": {"type": "Polygon", "coordinates": [[[27.25, 35.75], [27.5, 35.75], [27.5, 36.0], [27.25, 36.0], [27.25, 35.75]]]}, "properties": {"risk_index": 90, "annual_rate": 2.2223, "max_mag": 4.8, "n_events": 81, "n_recent": 21}}, {"type": "Feature", "geometry": {"type": "Polygon", "coordinates": [[[29.5, 35.75], [29.75, 35.75], [29.75, 36.0], [29.5, 36.0], [29.5, 35.75]]]}, "properties": {"risk_index": 90, "annual_rate": 1.3444, "max_mag": 5.2, "n_events": 49, "n_recent": 11}}, {"type": "Feature", "geometry": {"type": "Polygon", "coordinates": [[[39.0, 38.0], [39.25, 38.0], [39.25, 38.25], [39.0, 38.25], [39.0, 38.0]]]}, "properties": {"risk_index": 90, "annual_rate": 1.2895, "max_mag": 5.2, "n_events": 47, "n_recent": 10}}, {"type": "Feature", "geometry": {"type": "Polygon", "coordinates": [[[40.75, 40.0], [41.0, 40.0], [41.0, 40.25], [40.75, 40.25], [40.75, 40.0]]]}, "properties": {"risk_index": 90, "annual_rate": 3.8136, "max_mag": 4.6, "n_events": 139, "n_recent": 5}}, {"type": "Feature", "geometry": {"type": "Polygon", "coordinates": [[[27.5, 39.25], [27.75, 39.25], [27.75, 39.5], [27.5, 39.5], [27.5, 39.25]]]}, "properties": {"risk_index": 90, "annual_rate": 2.0577, "max_mag": 4.8, "n_events": 75, "n_recent": 13}}, {"type": "Feature", "geometry": {"type": "Polygon", "coordinates": [[[44.75, 38.25], [45.0, 38.25], [45.0, 38.5], [44.75, 38.5], [44.75, 38.25]]]}, "properties": {"risk_index": 90, "annual_rate": 1.1523, "max_mag": 5.6, "n_events": 42, "n_recent": 26}}, {"type": "Feature", "geometry": {"type": "Polygon", "coordinates": [[[28.75, 37.75], [29.0, 37.75], [29.0, 38.0], [28.75, 38.0], [28.75, 37.75]]]}, "properties": {"risk_index": 90, "annual_rate": 2.0577, "max_mag": 4.8, "n_events": 75, "n_recent": 9}}, {"type": "Feature", "geometry": {"type": "Polygon", "coordinates": [[[27.75, 36.0], [28.0, 36.0], [28.0, 36.25], [27.75, 36.25], [27.75, 36.0]]]}, "properties": {"risk_index": 90, "annual_rate": 1.0426, "max_mag": 6.1, "n_events": 38, "n_recent": 6}}, {"type": "Feature", "geometry": {"type": "Polygon", "coordinates": [[[27.5, 35.5], [27.75, 35.5], [27.75, 35.75], [27.5, 35.75], [27.5, 35.5]]]}, "properties": {"risk_index": 90, "annual_rate": 1.2621, "max_mag": 5.2, "n_events": 46, "n_recent": 10}}, {"type": "Feature", "geometry": {"type": "Polygon", "coordinates": [[[38.25, 39.25], [38.5, 39.25], [38.5, 39.5], [38.25, 39.5], [38.25, 39.25]]]}, "properties": {"risk_index": 90, "annual_rate": 1.1797, "max_mag": 5.3, "n_events": 43, "n_recent": 2}}, {"type": "Feature", "geometry": {"type": "Polygon", "coordinates": [[[28.75, 39.5], [29.0, 39.5], [29.0, 39.75], [28.75, 39.75], [28.75, 39.5]]]}, "properties": {"risk_index": 89, "annual_rate": 2.1126, "max_mag": 4.7, "n_events": 77, "n_recent": 9}}, {"type": "Feature", "geometry": {"type": "Polygon", "coordinates": [[[39.5, 39.75], [39.75, 39.75], [39.75, 40.0], [39.5, 40.0], [39.5, 39.75]]]}, "properties": {"risk_index": 89, "annual_rate": 1.3718, "max_mag": 5.1, "n_events": 50, "n_recent": 7}}, {"type": "Feature", "geometry": {"type": "Polygon", "coordinates": [[[33.0, 40.0], [33.25, 40.0], [33.25, 40.25], [33.0, 40.25], [33.0, 40.0]]]}, "properties": {"risk_index": 89, "annual_rate": 2.4418, "max_mag": 4.7, "n_events": 89, "n_recent": 1}}, {"type": "Feature", "geometry": {"type": "Polygon", "coordinates": [[[41.25, 39.0], [41.5, 39.0], [41.5, 39.25], [41.25, 39.25], [41.25, 39.0]]]}, "properties": {"risk_index": 89, "annual_rate": 1.4541, "max_mag": 5.0, "n_events": 53, "n_recent": 4}}, {"type": "Feature", "geometry": {"type": "Polygon", "coordinates": [[[29.0, 36.75], [29.25, 36.75], [29.25, 37.0], [29.0, 37.0], [29.0, 36.75]]]}, "properties": {"risk_index": 89, "annual_rate": 9.5751, "max_mag": 4.4, "n_events": 349, "n_recent": 5}}, {"type": "Feature", "geometry": {"type": "Polygon", "coordinates": [[[42.25, 37.0], [42.5, 37.0], [42.5, 37.25], [42.25, 37.25], [42.25, 37.0]]]}, "properties": {"risk_index": 89, "annual_rate": 1.07, "max_mag": 5.5, "n_events": 39, "n_recent": 2}}, {"type": "Feature", "geometry": {"type": "Polygon", "coordinates": [[[26.5, 38.75], [26.75, 38.75], [26.75, 39.0], [26.5, 39.0], [26.5, 38.75]]]}, "properties": {"risk_index": 89, "annual_rate": 2.771, "max_mag": 4.6, "n_events": 101, "n_recent": 19}}, {"type": "Feature", "geometry": {"type": "Polygon", "coordinates": [[[26.25, 40.25], [26.5, 40.25], [26.5, 40.5], [26.25, 40.5], [26.25, 40.25]]]}, "properties": {"risk_index": 89, "annual_rate": 1.0974, "max_mag": 5.3, "n_events": 40, "n_recent": 6}}, {"type": "Feature", "geometry": {"type": "Polygon", "coordinates": [[[27.75, 37.0], [28.0, 37.0], [28.0, 37.25], [27.75, 37.25], [27.75, 37.0]]]}, "properties": {"risk_index": 89, "annual_rate": 2.1126, "max_mag": 4.7, "n_events": 77, "n_recent": 7}}, {"type": "Feature", "geometry": {"type": "Polygon", "coordinates": [[[27.5, 38.5], [27.75, 38.5], [27.75, 38.75], [27.5, 38.75], [27.5, 38.5]]]}, "properties": {"risk_index": 89, "annual_rate": 1.6462, "max_mag": 4.9, "n_events": 60, "n_recent": 45}}, {"type": "Feature", "geometry": {"type": "Polygon", "coordinates": [[[35.5, 38.75], [35.75, 38.75], [35.75, 39.0], [35.5, 39.0], [35.5, 38.75]]]}, "properties": {"risk_index": 89, "annual_rate": 1.8656, "max_mag": 4.8, "n_events": 68, "n_recent": 4}}, {"type": "Feature", "geometry": {"type": "Polygon", "coordinates": [[[35.5, 36.75], [35.75, 36.75], [35.75, 37.0], [35.5, 37.0], [35.5, 36.75]]]}, "properties": {"risk_index": 89, "annual_rate": 1.0151, "max_mag": 5.9, "n_events": 37, "n_recent": 5}}, {"type": "Feature", "geometry": {"type": "Polygon", "coordinates": [[[28.5, 36.25], [28.75, 36.25], [28.75, 36.5], [28.5, 36.5], [28.5, 36.25]]]}, "properties": {"risk_index": 89, "annual_rate": 3.1551, "max_mag": 4.6, "n_events": 115, "n_recent": 66}}, {"type": "Feature", "geometry": {"type": "Polygon", "coordinates": [[[25.75, 39.25], [26.0, 39.25], [26.0, 39.5], [25.75, 39.5], [25.75, 39.25]]]}, "properties": {"risk_index": 89, "annual_rate": 2.6887, "max_mag": 4.6, "n_events": 98, "n_recent": 34}}, {"type": "Feature", "geometry": {"type": "Polygon", "coordinates": [[[38.75, 39.5], [39.0, 39.5], [39.0, 39.75], [38.75, 39.75], [38.75, 39.5]]]}, "properties": {"risk_index": 89, "annual_rate": 1.5913, "max_mag": 4.9, "n_events": 58, "n_recent": 7}}, {"type": "Feature", "geometry": {"type": "Polygon", "coordinates": [[[26.0, 39.0], [26.25, 39.0], [26.25, 39.25], [26.0, 39.25], [26.0, 39.0]]]}, "properties": {"risk_index": 89, "annual_rate": 1.6462, "max_mag": 4.9, "n_events": 60, "n_recent": 13}}, {"type": "Feature", "geometry": {"type": "Polygon", "coordinates": [[[28.25, 36.75], [28.5, 36.75], [28.5, 37.0], [28.25, 37.0], [28.25, 36.75]]]}, "properties": {"risk_index": 88, "annual_rate": 2.0577, "max_mag": 4.6, "n_events": 75, "n_recent": 7}}, {"type": "Feature", "geometry": {"type": "Polygon", "coordinates": [[[30.5, 37.0], [30.75, 37.0], [30.75, 37.25], [30.5, 37.25], [30.5, 37.0]]]}, "properties": {"risk_index": 88, "annual_rate": 1.4815, "max_mag": 4.8, "n_events": 54, "n_recent": 12}}, {"type": "Feature", "geometry": {"type": "Polygon", "coordinates": [[[28.25, 36.25], [28.5, 36.25], [28.5, 36.5], [28.25, 36.5], [28.25, 36.25]]]}, "properties": {"risk_index": 88, "annual_rate": 1.3169, "max_mag": 5.0, "n_events": 48, "n_recent": 12}}, {"type": "Feature", "geometry": {"type": "Polygon", "coordinates": [[[39.0, 38.5], [39.25, 38.5], [39.25, 38.75], [39.0, 38.75], [39.0, 38.5]]]}, "properties": {"risk_index": 88, "annual_rate": 1.0426, "max_mag": 5.3, "n_events": 38, "n_recent": 3}}, {"type": "Feature", "geometry": {"type": "Polygon", "coordinates": [[[42.0, 40.0], [42.25, 40.0], [42.25, 40.25], [42.0, 40.25], [42.0, 40.0]]]}, "properties": {"risk_index": 88, "annual_rate": 1.2621, "max_mag": 5.0, "n_events": 46, "n_recent": 5}}, {"type": "Feature", "geometry": {"type": "Polygon", "coordinates": [[[27.5, 38.75], [27.75, 38.75], [27.75, 39.0], [27.5, 39.0], [27.5, 38.75]]]}, "properties": {"risk_index": 88, "annual_rate": 2.4692, "max_mag": 4.6, "n_events": 90, "n_recent": 37}}, {"type": "Feature", "geometry": {"type": "Polygon", "coordinates": [[[36.0, 36.25], [36.25, 36.25], [36.25, 36.5], [36.0, 36.5], [36.0, 36.25]]]}, "properties": {"risk_index": 88, "annual_rate": 2.8259, "max_mag": 4.5, "n_events": 103, "n_recent": 93}}, {"type": "Feature", "geometry": {"type": "Polygon", "coordinates": [[[28.0, 36.0], [28.25, 36.0], [28.25, 36.25], [28.0, 36.25], [28.0, 36.0]]]}, "properties": {"risk_index": 88, "annual_rate": 1.5638, "max_mag": 4.8, "n_events": 57, "n_recent": 15}}, {"type": "Feature", "geometry": {"type": "Polygon", "coordinates": [[[29.75, 40.5], [30.0, 40.5], [30.0, 40.75], [29.75, 40.75], [29.75, 40.5]]]}, "properties": {"risk_index": 88, "annual_rate": 0.8505, "max_mag": 7.4, "n_events": 31, "n_recent": 0}}, {"type": "Feature", "geometry": {"type": "Polygon", "coordinates": [[[27.25, 36.0], [27.5, 36.0], [27.5, 36.25], [27.25, 36.25], [27.25, 36.0]]]}, "properties": {"risk_index": 88, "annual_rate": 1.4267, "max_mag": 4.9, "n_events": 52, "n_recent": 16}}, {"type": "Feature", "geometry": {"type": "Polygon", "coordinates": [[[25.75, 36.75], [26.0, 36.75], [26.0, 37.0], [25.75, 37.0], [25.75, 36.75]]]}, "properties": {"risk_index": 88, "annual_rate": 1.1523, "max_mag": 5.1, "n_events": 42, "n_recent": 34}}, {"type": "Feature", "geometry": {"type": "Polygon", "coordinates": [[[44.75, 38.5], [45.0, 38.5], [45.0, 38.75], [44.75, 38.75], [44.75, 38.5]]]}, "properties": {"risk_index": 88, "annual_rate": 0.9054, "max_mag": 5.8, "n_events": 33, "n_recent": 27}}, {"type": "Feature", "geometry": {"type": "Polygon", "coordinates": [[[26.25, 38.5], [26.5, 38.5], [26.5, 38.75], [26.25, 38.75], [26.25, 38.5]]]}, "properties": {"risk_index": 88, "annual_rate": 1.4541, "max_mag": 4.9, "n_events": 53, "n_recent": 6}}, {"type": "Feature", "geometry": {"type": "Polygon", "coordinates": [[[26.5, 35.5], [26.75, 35.5], [26.75, 35.75], [26.5, 35.75], [26.5, 35.5]]]}, "properties": {"risk_index": 88, "annual_rate": 1.3718, "max_mag": 5.0, "n_events": 50, "n_recent": 28}}, {"type": "Feature", "geometry": {"type": "Polygon", "coordinates": [[[28.0, 35.75], [28.25, 35.75], [28.25, 36.0], [28.0, 36.0], [28.0, 35.75]]]}, "properties": {"risk_index": 88, "annual_rate": 1.1523, "max_mag": 5.1, "n_events": 42, "n_recent": 20}}, {"type": "Feature", "geometry": {"type": "Polygon", "coordinates": [[[39.75, 39.75], [40.0, 39.75], [40.0, 40.0], [39.75, 40.0], [39.75, 39.75]]]}, "properties": {"risk_index": 87, "annual_rate": 1.2072, "max_mag": 4.9, "n_events": 44, "n_recent": 5}}, {"type": "Feature", "geometry": {"type": "Polygon", "coordinates": [[[38.0, 38.5], [38.25, 38.5], [38.25, 38.75], [38.0, 38.75], [38.0, 38.5]]]}, "properties": {"risk_index": 87, "annual_rate": 2.6064, "max_mag": 4.5, "n_events": 95, "n_recent": 63}}, {"type": "Feature", "geometry": {"type": "Polygon", "coordinates": [[[29.0, 40.25], [29.25, 40.25], [29.25, 40.5], [29.0, 40.5], [29.0, 40.25]]]}, "properties": {"risk_index": 87, "annual_rate": 2.5241, "max_mag": 4.5, "n_events": 92, "n_recent": 17}}, {"type": "Feature", "geometry": {"type": "Polygon", "coordinates": [[[29.0, 36.25], [29.25, 36.25], [29.25, 36.5], [29.0, 36.5], [29.0, 36.25]]]}, "properties": {"risk_index": 87, "annual_rate": 1.3992, "max_mag": 4.8, "n_events": 51, "n_recent": 5}}, {"type": "Feature", "geometry": {"type": "Polygon", "coordinates": [[[29.5, 36.0], [29.75, 36.0], [29.75, 36.25], [29.5, 36.25], [29.5, 36.0]]]}, "properties": {"risk_index": 87, "annual_rate": 1.3169, "max_mag": 4.8, "n_events": 48, "n_recent": 9}}, {"type": "Feature", "geometry": {"type": "Polygon", "coordinates": [[[30.75, 36.0], [31.0, 36.0], [31.0, 36.25], [30.75, 36.25], [30.75, 36.0]]]}, "properties": {"risk_index": 87, "annual_rate": 0.9603, "max_mag": 5.2, "n_events": 35, "n_recent": 6}}, {"type": "Feature", "geometry": {"type": "Polygon", "coordinates": [[[29.25, 37.5], [29.5, 37.5], [29.5, 37.75], [29.25, 37.75], [29.25, 37.5]]]}, "properties": {"risk_index": 87, "annual_rate": 1.1523, "max_mag": 5.0, "n_events": 42, "n_recent": 6}}, {"type": "Feature", "geometry": {"type": "Polygon", "coordinates": [[[39.0, 39.75], [39.25, 39.75], [39.25, 40.0], [39.0, 40.0], [39.0, 39.75]]]}, "properties": {"risk_index": 87, "annual_rate": 2.2772, "max_mag": 4.5, "n_events": 83, "n_recent": 17}}, {"type": "Feature", "geometry": {"type": "Polygon", "coordinates": [[[31.25, 35.5], [31.5, 35.5], [31.5, 35.75], [31.25, 35.75], [31.25, 35.5]]]}, "properties": {"risk_index": 87, "annual_rate": 0.8779, "max_mag": 5.6, "n_events": 32, "n_recent": 8}}, {"type": "Feature", "geometry": {"type": "Polygon", "coordinates": [[[27.5, 37.75], [27.75, 37.75], [27.75, 38.0], [27.5, 38.0], [27.5, 37.75]]]}, "properties": {"risk_index": 87, "annual_rate": 2.8808, "max_mag": 4.4, "n_events": 105, "n_recent": 19}}, {"type": "Feature", "geometry": {"type": "Polygon", "coordinates": [[[42.25, 39.0], [42.5, 39.0], [42.5, 39.25], [42.25, 39.25], [42.25, 39.0]]]}, "properties": {"risk_index": 87, "annual_rate": 1.0974, "max_mag": 5.0, "n_events": 40, "n_recent": 1}}, {"type": "Feature", "geometry": {"type": "Polygon", "coordinates": [[[43.75, 37.25], [44.0, 37.25], [44.0, 37.5], [43.75, 37.5], [43.75, 37.25]]]}, "properties": {"risk_index": 87, "annual_rate": 0.8779, "max_mag": 5.6, "n_events": 32, "n_recent": 10}}, {"type": "Feature", "geometry": {"type": "Polygon", "coordinates": [[[42.5, 38.0], [42.75, 38.0], [42.75, 38.25], [42.5, 38.25], [42.5, 38.0]]]}, "properties": {"risk_index": 87, "annual_rate": 1.7285, "max_mag": 4.6, "n_events": 63, "n_recent": 13}}, {"type": "Feature", "geometry": {"type": "Polygon", "coordinates": [[[26.25, 39.5], [26.5, 39.5], [26.5, 39.75], [26.25, 39.75], [26.25, 39.5]]]}, "properties": {"risk_index": 87, "annual_rate": 1.1797, "max_mag": 5.0, "n_events": 43, "n_recent": 18}}, {"type": "Feature", "geometry": {"type": "Polygon", "coordinates": [[[36.75, 40.5], [37.0, 40.5], [37.0, 40.75], [36.75, 40.75], [36.75, 40.5]]]}, "properties": {"risk_index": 87, "annual_rate": 0.8779, "max_mag": 5.5, "n_events": 32, "n_recent": 9}}, {"type": "Feature", "geometry": {"type": "Polygon", "coordinates": [[[42.0, 39.0], [42.25, 39.0], [42.25, 39.25], [42.0, 39.25], [42.0, 39.0]]]}, "properties": {"risk_index": 86, "annual_rate": 1.07, "max_mag": 5.0, "n_events": 39, "n_recent": 5}}, {"type": "Feature", "geometry": {"type": "Polygon", "coordinates": [[[26.75, 36.5], [27.0, 36.5], [27.0, 36.75], [26.75, 36.75], [26.75, 36.5]]]}, "properties": {"risk_index": 86, "annual_rate": 0.9328, "max_mag": 5.1, "n_events": 34, "n_recent": 11}}, {"type": "Feature", "geometry": {"type": "Polygon", "coordinates": [[[40.75, 42.0], [41.0, 42.0], [41.0, 42.25], [40.75, 42.25], [40.75, 42.0]]]}, "properties": {"risk_index": 86, "annual_rate": 0.7956, "max_mag": 5.5, "n_events": 29, "n_recent": 1}}, {"type": "Feature", "geometry": {"type": "Polygon", "coordinates": [[[26.75, 38.0], [27.0, 38.0], [27.0, 38.25], [26.75, 38.25], [26.75, 38.0]]]}, "properties": {"risk_index": 86, "annual_rate": 3.8136, "max_mag": 4.3, "n_events": 139, "n_recent": 16}}, {"type": "Feature", "geometry": {"type": "Polygon", "coordinates": [[[29.25, 37.0], [29.5, 37.0], [29.5, 37.25], [29.25, 37.25], [29.25, 37.0]]]}, "properties": {"risk_index": 86, "annual_rate": 2.0577, "max_mag": 4.5, "n_events": 75, "n_recent": 0}}, {"type": "Feature", "geometry": {"type": "Polygon", "coordinates": [[[37.75, 38.75], [38.0, 38.75], [38.0, 39.0], [37.75, 39.0], [37.75, 38.75]]]}, "properties": {"risk_index": 86, "annual_rate": 1.0151, "max_mag": 5.0, "n_events": 37, "n_recent": 9}}, {"type": "Feature", "geometry": {"type": "Polygon", "coordinates": [[[28.5, 35.75], [28.75, 35.75], [28.75, 36.0], [28.5, 36.0], [28.5, 35.75]]]}, "properties": {"risk_index": 86, "annual_rate": 0.8231, "max_mag": 5.4, "n_events": 30, "n_recent": 9}}, {"type": "Feature", "geometry": {"type": "Polygon", "coordinates": [[[42.25, 38.75], [42.5, 38.75], [42.5, 39.0], [42.25, 39.0], [42.25, 38.75]]]}, "properties": {"risk_index": 86, "annual_rate": 1.8656, "max_mag": 4.5, "n_events": 68, "n_recent": 3}}, {"type": "Feature", "geometry": {"type": "Polygon", "coordinates": [[[40.5, 39.75], [40.75, 39.75], [40.75, 40.0], [40.5, 40.0], [40.5, 39.75]]]}, "properties": {"risk_index": 86, "annual_rate": 1.2895, "max_mag": 4.8, "n_events": 47, "n_recent": 12}}, {"type": "Feature", "geometry": {"type": "Polygon", "coordinates": [[[37.5, 38.25], [37.75, 38.25], [37.75, 38.5], [37.5, 38.5], [37.5, 38.25]]]}, "properties": {"risk_index": 86, "annual_rate": 1.2621, "max_mag": 4.8, "n_events": 46, "n_recent": 37}}, {"type": "Feature", "geometry": {"type": "Polygon", "coordinates": [[[44.25, 38.5], [44.5, 38.5], [44.5, 38.75], [44.25, 38.75], [44.25, 38.5]]]}, "properties": {"risk_index": 86, "annual_rate": 1.3992, "max_mag": 4.7, "n_events": 51, "n_recent": 19}}, {"type": "Feature", "geometry": {"type": "Polygon", "coordinates": [[[38.0, 39.5], [38.25, 39.5], [38.25, 39.75], [38.0, 39.75], [38.0, 39.5]]]}, "properties": {"risk_index": 86, "annual_rate": 1.2072, "max_mag": 4.8, "n_events": 44, "n_recent": 6}}, {"type": "Feature", "geometry": {"type": "Polygon", "coordinates": [[[36.5, 40.5], [36.75, 40.5], [36.75, 40.75], [36.5, 40.75], [36.5, 40.5]]]}, "properties": {"risk_index": 86, "annual_rate": 1.07, "max_mag": 4.9, "n_events": 39, "n_recent": 9}}, {"type": "Feature", "geometry": {"type": "Polygon", "coordinates": [[[30.75, 35.75], [31.0, 35.75], [31.0, 36.0], [30.75, 36.0], [30.75, 35.75]]]}, "properties": {"risk_index": 86, "annual_rate": 1.4541, "max_mag": 4.7, "n_events": 53, "n_recent": 17}}, {"type": "Feature", "geometry": {"type": "Polygon", "coordinates": [[[27.0, 35.75], [27.25, 35.75], [27.25, 36.0], [27.0, 36.0], [27.0, 35.75]]]}, "properties": {"risk_index": 86, "annual_rate": 1.6187, "max_mag": 4.6, "n_events": 59, "n_recent": 23}}, {"type": "Feature", "geometry": {"type": "Polygon", "coordinates": [[[43.25, 42.25], [43.5, 42.25], [43.5, 42.5], [43.25, 42.5], [43.25, 42.25]]]}, "properties": {"risk_index": 86, "annual_rate": 1.5638, "max_mag": 4.6, "n_events": 57, "n_recent": 13}}, {"type": "Feature", "geometry": {"type": "Polygon", "coordinates": [[[40.0, 39.75], [40.25, 39.75], [40.25, 40.0], [40.0, 40.0], [40.0, 39.75]]]}, "properties": {"risk_index": 86, "annual_rate": 0.8779, "max_mag": 5.2, "n_events": 32, "n_recent": 7}}, {"type": "Feature", "geometry": {"type": "Polygon", "coordinates": [[[26.5, 35.75], [26.75, 35.75], [26.75, 36.0], [26.5, 36.0], [26.5, 35.75]]]}, "properties": {"risk_index": 86, "annual_rate": 0.8505, "max_mag": 5.4, "n_events": 31, "n_recent": 14}}, {"type": "Feature", "geometry": {"type": "Polygon", "coordinates": [[[26.75, 37.25], [27.0, 37.25], [27.0, 37.5], [26.75, 37.5], [26.75, 37.25]]]}, "properties": {"risk_index": 85, "annual_rate": 1.3718, "max_mag": 4.6, "n_events": 50, "n_recent": 5}}, {"type": "Feature", "geometry": {"type": "Polygon", "coordinates": [[[30.0, 41.0], [30.25, 41.0], [30.25, 41.25], [30.0, 41.25], [30.0, 41.0]]]}, "properties": {"risk_index": 85, "annual_rate": 1.7285, "max_mag": 4.5, "n_events": 63, "n_recent": 0}}, {"type": "Feature", "geometry": {"type": "Polygon", "coordinates": [[[31.0, 37.0], [31.25, 37.0], [31.25, 37.25], [31.0, 37.25], [31.0, 37.0]]]}, "properties": {"risk_index": 85, "annual_rate": 0.9603, "max_mag": 5.0, "n_events": 35, "n_recent": 4}}, {"type": "Feature", "geometry": {"type": "Polygon", "coordinates": [[[36.25, 36.75], [36.5, 36.75], [36.5, 37.0], [36.25, 37.0], [36.25, 36.75]]]}, "properties": {"risk_index": 85, "annual_rate": 1.1523, "max_mag": 4.7, "n_events": 42, "n_recent": 32}}, {"type": "Feature", "geometry": {"type": "Polygon", "coordinates": [[[26.5, 38.25], [26.75, 38.25], [26.75, 38.5], [26.5, 38.5], [26.5, 38.25]]]}, "properties": {"risk_index": 85, "annual_rate": 7.1608, "max_mag": 4.1, "n_events": 261, "n_recent": 22}}, {"type": "Feature", "geometry": {"type": "Polygon", "coordinates": [[[43.0, 38.25], [43.25, 38.25], [43.25, 38.5], [43.0, 38.5], [43.0, 38.25]]]}, "properties": {"risk_index": 85, "annual_rate": 1.8931, "max_mag": 4.4, "n_events": 69, "n_recent": 4}}, {"type": "Feature", "geometry": {"type": "Polygon", "coordinates": [[[25.5, 38.5], [25.75, 38.5], [25.75, 38.75], [25.5, 38.75], [25.5, 38.5]]]}, "properties": {"risk_index": 85, "annual_rate": 1.948, "max_mag": 4.4, "n_events": 71, "n_recent": 10}}, {"type": "Feature", "geometry": {"type": "Polygon", "coordinates": [[[29.25, 40.5], [29.5, 40.5], [29.5, 40.75], [29.25, 40.75], [29.25, 40.5]]]}, "properties": {"risk_index": 85, "annual_rate": 1.0151, "max_mag": 4.9, "n_events": 37, "n_recent": 3}}, {"type": "Feature", "geometry": {"type": "Polygon", "coordinates": [[[28.0, 39.25], [28.25, 39.25], [28.25, 39.5], [28.0, 39.5], [28.0, 39.25]]]}, "properties": {"risk_index": 85, "annual_rate": 4.7464, "max_mag": 4.2, "n_events": 173, "n_recent": 54}}, {"type": "Feature", "geometry": {"type": "Polygon", "coordinates": [[[30.5, 40.75], [30.75, 40.75], [30.75, 41.0], [30.5, 41.0], [30.5, 40.75]]]}, "properties": {"risk_index": 85, "annual_rate": 1.5913, "max_mag": 4.5, "n_events": 58, "n_recent": 0}}, {"type": "Feature", "geometry": {"type": "Polygon", "coordinates": [[[30.0, 39.0], [30.25, 39.0], [30.25, 39.25], [30.0, 39.25], [30.0, 39.0]]]}, "properties": {"risk_index": 85, "annual_rate": 0.9054, "max_mag": 5.0, "n_events": 33, "n_recent": 7}}, {"type": "Feature", "geometry": {"type": "Polygon", "coordinates": [[[27.0, 36.0], [27.25, 36.0], [27.25, 36.25], [27.0, 36.25], [27.0, 36.0]]]}, "properties": {"risk_index": 85, "annual_rate": 1.2346, "max_mag": 4.7, "n_events": 45, "n_recent": 21}}, {"type": "Feature", "geometry": {"type": "Polygon", "coordinates": [[[36.25, 36.25], [36.5, 36.25], [36.5, 36.5], [36.25, 36.5], [36.25, 36.25]]]}, "properties": {"risk_index": 85, "annual_rate": 1.0974, "max_mag": 4.8, "n_events": 40, "n_recent": 31}}, {"type": "Feature", "geometry": {"type": "Polygon", "coordinates": [[[27.5, 36.0], [27.75, 36.0], [27.75, 36.25], [27.5, 36.25], [27.5, 36.0]]]}, "properties": {"risk_index": 85, "annual_rate": 2.14, "max_mag": 4.4, "n_events": 78, "n_recent": 27}}, {"type": "Feature", "geometry": {"type": "Polygon", "coordinates": [[[27.5, 35.75], [27.75, 35.75], [27.75, 36.0], [27.5, 36.0], [27.5, 35.75]]]}, "properties": {"risk_index": 85, "annual_rate": 1.3992, "max_mag": 4.6, "n_events": 51, "n_recent": 16}}, {"type": "Feature", "geometry": {"type": "Polygon", "coordinates": [[[27.0, 37.5], [27.25, 37.5], [27.25, 37.75], [27.0, 37.75], [27.0, 37.5]]]}, "properties": {"risk_index": 85, "annual_rate": 1.6736, "max_mag": 4.5, "n_events": 61, "n_recent": 27}}, {"type": "Feature", "geometry": {"type": "Polygon", "coordinates": [[[27.0, 40.25], [27.25, 40.25], [27.25, 40.5], [27.0, 40.5], [27.0, 40.25]]]}, "properties": {"risk_index": 85, "annual_rate": 1.3992, "max_mag": 4.6, "n_events": 51, "n_recent": 24}}, {"type": "Feature", "geometry": {"type": "Polygon", "coordinates": [[[43.5, 39.0], [43.75, 39.0], [43.75, 39.25], [43.5, 39.25], [43.5, 39.0]]]}, "properties": {"risk_index": 85, "annual_rate": 1.07, "max_mag": 4.8, "n_events": 39, "n_recent": 10}}, {"type": "Feature", "geometry": {"type": "Polygon", "coordinates": [[[44.0, 38.5], [44.25, 38.5], [44.25, 38.75], [44.0, 38.75], [44.0, 38.5]]]}, "properties": {"risk_index": 85, "annual_rate": 1.1797, "max_mag": 4.7, "n_events": 43, "n_recent": 8}}, {"type": "Feature", "geometry": {"type": "Polygon", "coordinates": [[[26.0, 38.5], [26.25, 38.5], [26.25, 38.75], [26.0, 38.75], [26.0, 38.5]]]}, "properties": {"risk_index": 85, "annual_rate": 1.3992, "max_mag": 4.6, "n_events": 51, "n_recent": 0}}, {"type": "Feature", "geometry": {"type": "Polygon", "coordinates": [[[31.0, 35.75], [31.25, 35.75], [31.25, 36.0], [31.0, 36.0], [31.0, 35.75]]]}, "properties": {"risk_index": 84, "annual_rate": 1.2895, "max_mag": 4.6, "n_events": 47, "n_recent": 9}}, {"type": "Feature", "geometry": {"type": "Polygon", "coordinates": [[[27.75, 40.25], [28.0, 40.25], [28.0, 40.5], [27.75, 40.5], [27.75, 40.25]]]}, "properties": {"risk_index": 84, "annual_rate": 0.7133, "max_mag": 5.2, "n_events": 26, "n_recent": 2}}, {"type": "Feature", "geometry": {"type": "Polygon", "coordinates": [[[37.75, 38.25], [38.0, 38.25], [38.0, 38.5], [37.75, 38.5], [37.75, 38.25]]]}, "properties": {"risk_index": 84, "annual_rate": 1.6736, "max_mag": 4.4, "n_events": 61, "n_recent": 50}}, {"type": "Feature", "geometry": {"type": "Polygon", "coordinates": [[[30.25, 35.75], [30.5, 35.75], [30.5, 36.0], [30.25, 36.0], [30.25, 35.75]]]}, "properties": {"risk_index": 84, "annual_rate": 1.1249, "max_mag": 4.7, "n_events": 41, "n_recent": 17}}, {"type": "Feature", "geometry": {"type": "Polygon", "coordinates": [[[26.75, 38.75], [27.0, 38.75], [27.0, 39.0], [26.75, 39.0], [26.75, 38.75]]]}, "properties": {"risk_index": 84, "annual_rate": 2.9356, "max_mag": 4.2, "n_events": 107, "n_recent": 9}}, {"type": "Feature", "geometry": {"type": "Polygon", "coordinates": [[[35.25, 36.75], [35.5, 36.75], [35.5, 37.0], [35.25, 37.0], [35.25, 36.75]]]}, "properties": {"risk_index": 84, "annual_rate": 0.8505, "max_mag": 5.0, "n_events": 31, "n_recent": 2}}, {"type": "Feature", "geometry": {"type": "Polygon", "coordinates": [[[30.75, 37.0], [31.0, 37.0], [31.0, 37.25], [30.75, 37.25], [30.75, 37.0]]]}, "properties": {"risk_index": 84, "annual_rate": 0.9328, "max_mag": 4.9, "n_events": 34, "n_recent": 4}}, {"type": "Feature", "geometry": {"type": "Polygon", "coordinates": [[[29.0, 39.25], [29.25, 39.25], [29.25, 39.5], [29.0, 39.5], [29.0, 39.25]]]}, "properties": {"risk_index": 84, "annual_rate": 2.1126, "max_mag": 4.3, "n_events": 77, "n_recent": 5}}, {"type": "Feature", "geometry": {"type": "Polygon", "coordinates": [[[28.75, 39.25], [29.0, 39.25], [29.0, 39.5], [28.75, 39.5], [28.75, 39.25]]]}, "properties": {"risk_index": 84, "annual_rate": 1.0151, "max_mag": 4.8, "n_events": 37, "n_recent": 15}}, {"type": "Feature", "geometry": {"type": "Polygon", "coordinates": [[[36.0, 37.5], [36.25, 37.5], [36.25, 37.75], [36.0, 37.75], [36.0, 37.5]]]}, "properties": {"risk_index": 84, "annual_rate": 3.1277, "max_mag": 4.2, "n_events": 114, "n_recent": 27}}, {"type": "Feature", "geometry": {"type": "Polygon", "coordinates": [[[35.75, 37.0], [36.0, 37.0], [36.0, 37.25], [35.75, 37.25], [35.75, 37.0]]]}, "properties": {"risk_index": 84, "annual_rate": 1.0426, "max_mag": 4.8, "n_events": 38, "n_recent": 2}}, {"type": "Feature", "geometry": {"type": "Polygon", "coordinates": [[[31.75, 40.75], [32.0, 40.75], [32.0, 41.0], [31.75, 41.0], [31.75, 40.75]]]}, "properties": {"risk_index": 84, "annual_rate": 0.9054, "max_mag": 4.9, "n_events": 33, "n_recent": 3}}, {"type": "Feature", "geometry": {"type": "Polygon", "coordinates": [[[28.75, 36.0], [29.0, 36.0], [29.0, 36.25], [28.75, 36.25], [28.75, 36.0]]]}, "properties": {"risk_index": 84, "annual_rate": 1.6187, "max_mag": 4.4, "n_events": 59, "n_recent": 9}}, {"type": "Feature", "geometry": {"type": "Polygon", "coordinates": [[[27.0, 39.0], [27.25, 39.0], [27.25, 39.25], [27.0, 39.25], [27.0, 39.0]]]}, "properties": {"risk_index": 84, "annual_rate": 0.8231, "max_mag": 5.0, "n_events": 30, "n_recent": 2}}, {"type": "Feature", "geometry": {"type": "Polygon", "coordinates": [[[29.25, 39.0], [29.5, 39.0], [29.5, 39.25], [29.25, 39.25], [29.25, 39.0]]]}, "properties": {"risk_index": 84, "annual_rate": 1.8108, "max_mag": 4.4, "n_events": 66, "n_recent": 4}}, {"type": "Feature", "geometry": {"type": "Polygon", "coordinates": [[[35.75, 39.0], [36.0, 39.0], [36.0, 39.25], [35.75, 39.25], [35.75, 39.0]]]}, "properties": {"risk_index": 84, "annual_rate": 0.9328, "max_mag": 4.9, "n_events": 34, "n_recent": 8}}, {"type": "Feature", "geometry": {"type": "Polygon", "coordinates": [[[35.75, 37.25], [36.0, 37.25], [36.0, 37.5], [35.75, 37.5], [35.75, 37.25]]]}, "properties": {"risk_index": 84, "annual_rate": 1.6187, "max_mag": 4.4, "n_events": 59, "n_recent": 24}}, {"type": "Feature", "geometry": {"type": "Polygon", "coordinates": [[[42.25, 40.25], [42.5, 40.25], [42.5, 40.5], [42.25, 40.5], [42.25, 40.25]]]}, "properties": {"risk_index": 84, "annual_rate": 1.6187, "max_mag": 4.4, "n_events": 59, "n_recent": 1}}, {"type": "Feature", "geometry": {"type": "Polygon", "coordinates": [[[42.75, 38.25], [43.0, 38.25], [43.0, 38.5], [42.75, 38.5], [42.75, 38.25]]]}, "properties": {"risk_index": 84, "annual_rate": 1.3992, "max_mag": 4.5, "n_events": 51, "n_recent": 13}}, {"type": "Feature", "geometry": {"type": "Polygon", "coordinates": [[[25.5, 36.75], [25.75, 36.75], [25.75, 37.0], [25.5, 37.0], [25.5, 36.75]]]}, "properties": {"risk_index": 83, "annual_rate": 1.07, "max_mag": 4.6, "n_events": 39, "n_recent": 36}}, {"type": "Feature", "geometry": {"type": "Polygon", "coordinates": [[[28.5, 36.5], [28.75, 36.5], [28.75, 36.75], [28.5, 36.75], [28.5, 36.5]]]}, "properties": {"risk_index": 83, "annual_rate": 1.2621, "max_mag": 4.5, "n_events": 46, "n_recent": 11}}, {"type": "Feature", "geometry": {"type": "Polygon", "coordinates": [[[27.75, 40.0], [28.0, 40.0], [28.0, 40.25], [27.75, 40.25], [27.75, 40.0]]]}, "properties": {"risk_index": 83, "annual_rate": 0.7682, "max_mag": 5.0, "n_events": 28, "n_recent": 3}}, {"type": "Feature", "geometry": {"type": "Polygon", "coordinates": [[[36.0, 36.75], [36.25, 36.75], [36.25, 37.0], [36.0, 37.0], [36.0, 36.75]]]}, "properties": {"risk_index": 83, "annual_rate": 1.3169, "max_mag": 4.5, "n_events": 48, "n_recent": 26}}, {"type": "Feature", "geometry": {"type": "Polygon", "coordinates": [[[40.25, 38.5], [40.5, 38.5], [40.5, 38.75], [40.25, 38.75], [40.25, 38.5]]]}, "properties": {"risk_index": 83, "annual_rate": 1.0151, "max_mag": 4.7, "n_events": 37, "n_recent": 24}}, {"type": "Feature", "geometry": {"type": "Polygon", "coordinates": [[[36.0, 39.0], [36.25, 39.0], [36.25, 39.25], [36.0, 39.25], [36.0, 39.0]]]}, "properties": {"risk_index": 83, "annual_rate": 1.0974, "max_mag": 4.6, "n_events": 40, "n_recent": 9}}, {"type": "Feature", "geometry": {"type": "Polygon", "coordinates": [[[44.5, 38.5], [44.75, 38.5], [44.75, 38.75], [44.5, 38.75], [44.5, 38.5]]]}, "properties": {"risk_index": 83, "annual_rate": 1.0151, "max_mag": 4.7, "n_events": 37, "n_recent": 17}}, {"type": "Feature", "geometry": {"type": "Polygon", "coordinates": [[[38.25, 37.75], [38.5, 37.75], [38.5, 38.0], [38.25, 38.0], [38.25, 37.75]]]}, "properties": {"risk_index": 83, "annual_rate": 0.6585, "max_mag": 5.2, "n_events": 24, "n_recent": 3}}, {"type": "Feature", "geometry": {"type": "Polygon", "coordinates": [[[41.0, 39.0], [41.25, 39.0], [41.25, 39.25], [41.0, 39.25], [41.0, 39.0]]]}, "properties": {"risk_index": 83, "annual_rate": 1.4541, "max_mag": 4.4, "n_events": 53, "n_recent": 5}}, {"type": "Feature", "geometry": {"type": "Polygon", "coordinates": [[[29.75, 35.75], [30.0, 35.75], [30.0, 36.0], [29.75, 36.0], [29.75, 35.75]]]}, "properties": {"risk_index": 83, "annual_rate": 0.631, "max_mag": 5.4, "n_events": 23, "n_recent": 5}}, {"type": "Feature", "geometry": {"type": "Polygon", "coordinates": [[[41.5, 39.0], [41.75, 39.0], [41.75, 39.25], [41.5, 39.25], [41.5, 39.0]]]}, "properties": {"risk_index": 83, "annual_rate": 1.4267, "max_mag": 4.4, "n_events": 52, "n_recent": 8}}, {"type": "Feature", "geometry": {"type": "Polygon", "coordinates": [[[30.25, 40.75], [30.5, 40.75], [30.5, 41.0], [30.25, 41.0], [30.25, 40.75]]]}, "properties": {"risk_index": 83, "annual_rate": 1.2346, "max_mag": 4.5, "n_events": 45, "n_recent": 0}}, {"type": "Feature", "geometry": {"type": "Polygon", "coordinates": [[[27.75, 35.5], [28.0, 35.5], [28.0, 35.75], [27.75, 35.75], [27.75, 35.5]]]}, "properties": {"risk_index": 83, "annual_rate": 1.0426, "max_mag": 4.7, "n_events": 38, "n_recent": 5}}, {"type": "Feature", "geometry": {"type": "Polygon", "coordinates": [[[29.75, 40.75], [30.0, 40.75], [30.0, 41.0], [29.75, 41.0], [29.75, 40.75]]]}, "properties": {"risk_index": 83, "annual_rate": 1.4267, "max_mag": 4.4, "n_events": 52, "n_recent": 0}}, {"type": "Feature", "geometry": {"type": "Polygon", "coordinates": [[[37.25, 38.75], [37.5, 38.75], [37.5, 39.0], [37.25, 39.0], [37.25, 38.75]]]}, "properties": {"risk_index": 83, "annual_rate": 1.0426, "max_mag": 4.7, "n_events": 38, "n_recent": 36}}, {"type": "Feature", "geometry": {"type": "Polygon", "coordinates": [[[43.75, 38.5], [44.0, 38.5], [44.0, 38.75], [43.75, 38.75], [43.75, 38.5]]]}, "properties": {"risk_index": 83, "annual_rate": 1.07, "max_mag": 4.6, "n_events": 39, "n_recent": 7}}, {"type": "Feature", "geometry": {"type": "Polygon", "coordinates": [[[27.5, 39.5], [27.75, 39.5], [27.75, 39.75], [27.5, 39.75], [27.5, 39.5]]]}, "properties": {"risk_index": 82, "annual_rate": 0.7682, "max_mag": 4.9, "n_events": 28, "n_recent": 7}}, {"type": "Feature", "geometry": {"type": "Polygon", "coordinates": [[[37.25, 38.25], [37.5, 38.25], [37.5, 38.5], [37.25, 38.5], [37.25, 38.25]]]}, "properties": {"risk_index": 82, "annual_rate": 2.0028, "max_mag": 4.2, "n_events": 73, "n_recent": 59}}, {"type": "Feature", "geometry": {"type": "Polygon", "coordinates": [[[35.5, 37.25], [35.75, 37.25], [35.75, 37.5], [35.5, 37.5], [35.5, 37.25]]]}, "properties": {"risk_index": 82, "annual_rate": 1.5638, "max_mag": 4.3, "n_events": 57, "n_recent": 3}}, {"type": "Feature", "geometry": {"type": "Polygon", "coordinates": [[[30.25, 40.5], [30.5, 40.5], [30.5, 40.75], [30.25, 40.75], [30.25, 40.5]]]}, "properties": {"risk_index": 82, "annual_rate": 1.3718, "max_mag": 4.4, "n_events": 50, "n_recent": 3}}, {"type": "Feature", "geometry": {"type": "Polygon", "coordinates": [[[26.75, 38.5], [27.0, 38.5], [27.0, 38.75], [26.75, 38.75], [26.75, 38.5]]]}, "properties": {"risk_index": 82, "annual_rate": 1.4541, "max_mag": 4.3, "n_events": 53, "n_recent": 2}}, {"type": "Feature", "geometry": {"type": "Polygon", "coordinates": [[[26.75, 36.25], [27.0, 36.25], [27.0, 36.5], [26.75, 36.5], [26.75, 36.25]]]}, "properties": {"risk_index": 82, "annual_rate": 0.7408, "max_mag": 4.9, "n_events": 27, "n_recent": 13}}, {"type": "Feature", "geometry": {"type": "Polygon", "coordinates": [[[33.25, 40.0], [33.5, 40.0], [33.5, 40.25], [33.25, 40.25], [33.25, 40.0]]]}, "properties": {"risk_index": 82, "annual_rate": 1.0974, "max_mag": 4.5, "n_events": 40, "n_recent": 13}}, {"type": "Feature", "geometry": {"type": "Polygon", "coordinates": [[[31.5, 35.75], [31.75, 35.75], [31.75, 36.0], [31.5, 36.0], [31.5, 35.75]]]}, "properties": {"risk_index": 82, "annual_rate": 0.8231, "max_mag": 4.8, "n_events": 30, "n_recent": 15}}, {"type": "Feature", "geometry": {"type": "Polygon", "coordinates": [[[26.75, 35.5], [27.0, 35.5], [27.0, 35.75], [26.75, 35.75], [26.75, 35.5]]]}, "properties": {"risk_index": 82, "annual_rate": 1.8382, "max_mag": 4.2, "n_events": 67, "n_recent": 41}}, {"type": "Feature", "geometry": {"type": "Polygon", "coordinates": [[[28.75, 35.5], [29.0, 35.5], [29.0, 35.75], [28.75, 35.75], [28.75, 35.5]]]}, "properties": {"risk_index": 82, "annual_rate": 0.5213, "max_mag": 6.0, "n_events": 19, "n_recent": 1}}, {"type": "Feature", "geometry": {"type": "Polygon", "coordinates": [[[26.5, 36.75], [26.75, 36.75], [26.75, 37.0], [26.5, 37.0], [26.5, 36.75]]]}, "properties": {"risk_index": 82, "annual_rate": 0.9877, "max_mag": 4.6, "n_events": 36, "n_recent": 9}}, {"type": "Feature", "geometry": {"type": "Polygon", "coordinates": [[[29.75, 37.5], [30.0, 37.5], [30.0, 37.75], [29.75, 37.75], [29.75, 37.5]]]}, "properties": {"risk_index": 82, "annual_rate": 0.9603, "max_mag": 4.6, "n_events": 35, "n_recent": 3}}, {"type": "Feature", "geometry": {"type": "Polygon", "coordinates": [[[36.5, 37.25], [36.75, 37.25], [36.75, 37.5], [36.5, 37.5], [36.5, 37.25]]]}, "properties": {"risk_index": 81, "annual_rate": 0.6585, "max_mag": 5.0, "n_events": 24, "n_recent": 16}}, {"type": "Feature", "geometry": {"type": "Polygon", "coordinates": [[[25.75, 39.0], [26.0, 39.0], [26.0, 39.25], [25.75, 39.25], [25.75, 39.0]]]}, "properties": {"risk_index": 81, "annual_rate": 1.5638, "max_mag": 4.2, "n_events": 57, "n_recent": 20}}, {"type": "Feature", "geometry": {"type": "Polygon", "coordinates": [[[29.0, 37.5], [29.25, 37.5], [29.25, 37.75], [29.0, 37.75], [29.0, 37.5]]]}, "properties": {"risk_index": 81, "annual_rate": 0.9054, "max_mag": 4.6, "n_events": 33, "n_recent": 4}}, {"type": "Feature", "geometry": {"type": "Polygon", "coordinates": [[[31.5, 35.5], [31.75, 35.5], [31.75, 35.75], [31.5, 35.75], [31.5, 35.5]]]}, "properties": {"risk_index": 81, "annual_rate": 0.8231, "max_mag": 4.7, "n_events": 30, "n_recent": 9}}, {"type": "Feature", "geometry": {"type": "Polygon", "coordinates": [[[35.75, 40.0], [36.0, 40.0], [36.0, 40.25], [35.75, 40.25], [35.75, 40.0]]]}, "properties": {"risk_index": 81, "annual_rate": 0.5213, "max_mag": 5.6, "n_events": 19, "n_recent": 14}}, {"type": "Feature", "geometry": {"type": "Polygon", "coordinates": [[[36.0, 36.5], [36.25, 36.5], [36.25, 36.75], [36.0, 36.75], [36.0, 36.5]]]}, "properties": {"risk_index": 81, "annual_rate": 0.9877, "max_mag": 4.5, "n_events": 36, "n_recent": 18}}, {"type": "Feature", "geometry": {"type": "Polygon", "coordinates": [[[43.5, 42.25], [43.75, 42.25], [43.75, 42.5], [43.5, 42.5], [43.5, 42.25]]]}, "properties": {"risk_index": 81, "annual_rate": 0.4938, "max_mag": 6.2, "n_events": 18, "n_recent": 3}}, {"type": "Feature", "geometry": {"type": "Polygon", "coordinates": [[[29.0, 39.5], [29.25, 39.5], [29.25, 39.75], [29.0, 39.75], [29.0, 39.5]]]}, "properties": {"risk_index": 81, "annual_rate": 1.5913, "max_mag": 4.2, "n_events": 58, "n_recent": 1}}, {"type": "Feature", "geometry": {"type": "Polygon", "coordinates": [[[37.25, 37.25], [37.5, 37.25], [37.5, 37.5], [37.25, 37.5], [37.25, 37.25]]]}, "properties": {"risk_index": 81, "annual_rate": 0.7133, "max_mag": 4.8, "n_events": 26, "n_recent": 1}}, {"type": "Feature", "geometry": {"type": "Polygon", "coordinates": [[[35.25, 37.5], [35.5, 37.5], [35.5, 37.75], [35.25, 37.75], [35.25, 37.5]]]}, "properties": {"risk_index": 81, "annual_rate": 1.0151, "max_mag": 4.5, "n_events": 37, "n_recent": 17}}, {"type": "Feature", "geometry": {"type": "Polygon", "coordinates": [[[40.5, 40.0], [40.75, 40.0], [40.75, 40.25], [40.5, 40.25], [40.5, 40.0]]]}, "properties": {"risk_index": 81, "annual_rate": 0.7956, "max_mag": 4.7, "n_events": 29, "n_recent": 3}}, {"type": "Feature", "geometry": {"type": "Polygon", "coordinates": [[[31.25, 35.75], [31.5, 35.75], [31.5, 36.0], [31.25, 36.0], [31.25, 35.75]]]}, "properties": {"risk_index": 81, "annual_rate": 1.0426, "max_mag": 4.5, "n_events": 38, "n_recent": 12}}, {"type": "Feature", "geometry": {"type": "Polygon", "coordinates": [[[33.25, 39.0], [33.5, 39.0], [33.5, 39.25], [33.25, 39.25], [33.25, 39.0]]]}, "properties": {"risk_index": 81, "annual_rate": 0.5762, "max_mag": 5.2, "n_events": 21, "n_recent": 4}}, {"type": "Feature", "geometry": {"type": "Polygon", "coordinates": [[[41.75, 39.0], [42.0, 39.0], [42.0, 39.25], [41.75, 39.25], [41.75, 39.0]]]}, "properties": {"risk_index": 81, "annual_rate": 1.4267, "max_mag": 4.3, "n_events": 52, "n_recent": 2}}, {"type": "Feature", "geometry": {"type": "Polygon", "coordinates": [[[28.0, 35.5], [28.25, 35.5], [28.25, 35.75], [28.0, 35.75], [28.0, 35.5]]]}, "properties": {"risk_index": 81, "annual_rate": 0.8231, "max_mag": 4.7, "n_events": 30, "n_recent": 11}}, {"type": "Feature", "geometry": {"type": "Polygon", "coordinates": [[[43.0, 38.0], [43.25, 38.0], [43.25, 38.25], [43.0, 38.25], [43.0, 38.0]]]}, "properties": {"risk_index": 81, "annual_rate": 0.6585, "max_mag": 5.0, "n_events": 24, "n_recent": 3}}, {"type": "Feature", "geometry": {"type": "Polygon", "coordinates": [[[25.75, 39.5], [26.0, 39.5], [26.0, 39.75], [25.75, 39.75], [25.75, 39.5]]]}, "properties": {"risk_index": 81, "annual_rate": 1.5913, "max_mag": 4.2, "n_events": 58, "n_recent": 11}}, {"type": "Feature", "geometry": {"type": "Polygon", "coordinates": [[[40.5, 39.5], [40.75, 39.5], [40.75, 39.75], [40.5, 39.75], [40.5, 39.5]]]}, "properties": {"risk_index": 80, "annual_rate": 0.8231, "max_mag": 4.6, "n_events": 30, "n_recent": 16}}, {"type": "Feature", "geometry": {"type": "Polygon", "coordinates": [[[26.5, 37.5], [26.75, 37.5], [26.75, 37.75], [26.5, 37.75], [26.5, 37.5]]]}, "properties": {"risk_index": 80, "annual_rate": 0.9328, "max_mag": 4.5, "n_events": 34, "n_recent": 5}}, {"type": "Feature", "geometry": {"type": "Polygon", "coordinates": [[[36.0, 40.0], [36.25, 40.0], [36.25, 40.25], [36.0, 40.25], [36.0, 40.0]]]}, "properties": {"risk_index": 80, "annual_rate": 1.0426, "max_mag": 4.4, "n_events": 38, "n_recent": 13}}, {"type": "Feature", "geometry": {"type": "Polygon", "coordinates": [[[28.75, 40.75], [29.0, 40.75], [29.0, 41.0], [28.75, 41.0], [28.75, 40.75]]]}, "properties": {"risk_index": 80, "annual_rate": 0.6859, "max_mag": 4.8, "n_events": 25, "n_recent": 2}}, {"type": "Feature", "geometry": {"type": "Polygon", "coordinates": [[[29.0, 36.0], [29.25, 36.0], [29.25, 36.25], [29.0, 36.25], [29.0, 36.0]]]}, "properties": {"risk_index": 80, "annual_rate": 1.07, "max_mag": 4.4, "n_events": 39, "n_recent": 4}}, {"type": "Feature", "geometry": {"type": "Polygon", "coordinates": [[[42.5, 39.5], [42.75, 39.5], [42.75, 39.75], [42.5, 39.75], [42.5, 39.5]]]}, "properties": {"risk_index": 80, "annual_rate": 0.5762, "max_mag": 5.1, "n_events": 21, "n_recent": 1}}, {"type": "Feature", "geometry": {"type": "Polygon", "coordinates": [[[40.5, 39.0], [40.75, 39.0], [40.75, 39.25], [40.5, 39.25], [40.5, 39.0]]]}, "properties": {"risk_index": 80, "annual_rate": 0.9328, "max_mag": 4.5, "n_events": 34, "n_recent": 5}}, {"type": "Feature", "geometry": {"type": "Polygon", "coordinates": [[[30.0, 40.5], [30.25, 40.5], [30.25, 40.75], [30.0, 40.75], [30.0, 40.5]]]}, "properties": {"risk_index": 80, "annual_rate": 0.7956, "max_mag": 4.6, "n_events": 29, "n_recent": 2}}, {"type": "Feature", "geometry": {"type": "Polygon", "coordinates": [[[29.5, 37.5], [29.75, 37.5], [29.75, 37.75], [29.5, 37.75], [29.5, 37.5]]]}, "properties": {"risk_index": 80, "annual_rate": 0.5762, "max_mag": 5.0, "n_events": 21, "n_recent": 1}}, {"type": "Feature", "geometry": {"type": "Polygon", "coordinates": [[[42.5, 39.75], [42.75, 39.75], [42.75, 40.0], [42.5, 40.0], [42.5, 39.75]]]}, "properties": {"risk_index": 80, "annual_rate": 0.8779, "max_mag": 4.5, "n_events": 32, "n_recent": 11}}, {"type": "Feature", "geometry": {"type": "Polygon", "coordinates": [[[44.0, 37.5], [44.25, 37.5], [44.25, 37.75], [44.0, 37.75], [44.0, 37.5]]]}, "properties": {"risk_index": 80, "annual_rate": 0.8779, "max_mag": 4.5, "n_events": 32, "n_recent": 3}}, {"type": "Feature", "geometry": {"type": "Polygon", "coordinates": [[[41.5, 39.75], [41.75, 39.75], [41.75, 40.0], [41.5, 40.0], [41.5, 39.75]]]}, "properties": {"risk_index": 80, "annual_rate": 0.8779, "max_mag": 4.5, "n_events": 32, "n_recent": 5}}, {"type": "Feature", "geometry": {"type": "Polygon", "coordinates": [[[27.75, 36.25], [28.0, 36.25], [28.0, 36.5], [27.75, 36.5], [27.75, 36.25]]]}, "properties": {"risk_index": 80, "annual_rate": 1.2346, "max_mag": 4.3, "n_events": 45, "n_recent": 2}}, {"type": "Feature", "geometry": {"type": "Polygon", "coordinates": [[[29.25, 39.75], [29.5, 39.75], [29.5, 40.0], [29.25, 40.0], [29.25, 39.75]]]}, "properties": {"risk_index": 80, "annual_rate": 1.0151, "max_mag": 4.4, "n_events": 37, "n_recent": 2}}, {"type": "Feature", "geometry": {"type": "Polygon", "coordinates": [[[28.75, 40.5], [29.0, 40.5], [29.0, 40.75], [28.75, 40.75], [28.75, 40.5]]]}, "properties": {"risk_index": 80, "annual_rate": 0.8779, "max_mag": 4.5, "n_events": 32, "n_recent": 11}}, {"type": "Feature", "geometry": {"type": "Polygon", "coordinates": [[[29.75, 39.0], [30.0, 39.0], [30.0, 39.25], [29.75, 39.25], [29.75, 39.0]]]}, "properties": {"risk_index": 80, "annual_rate": 0.7956, "max_mag": 4.6, "n_events": 29, "n_recent": 2}}, {"type": "Feature", "geometry": {"type": "Polygon", "coordinates": [[[27.5, 40.0], [27.75, 40.0], [27.75, 40.25], [27.5, 40.25], [27.5, 40.0]]]}, "properties": {"risk_index": 80, "annual_rate": 0.7682, "max_mag": 4.7, "n_events": 28, "n_recent": 4}}, {"type": "Feature", "geometry": {"type": "Polygon", "coordinates": [[[29.25, 39.5], [29.5, 39.5], [29.5, 39.75], [29.25, 39.75], [29.25, 39.5]]]}, "properties": {"risk_index": 80, "annual_rate": 6.228, "max_mag": 3.9, "n_events": 227, "n_recent": 0}}, {"type": "Feature", "geometry": {"type": "Polygon", "coordinates": [[[27.0, 37.25], [27.25, 37.25], [27.25, 37.5], [27.0, 37.5], [27.0, 37.25]]]}, "properties": {"risk_index": 80, "annual_rate": 1.3718, "max_mag": 4.2, "n_events": 50, "n_recent": 0}}, {"type": "Feature", "geometry": {"type": "Polygon", "coordinates": [[[40.5, 38.5], [40.75, 38.5], [40.75, 38.75], [40.5, 38.75], [40.5, 38.5]]]}, "properties": {"risk_index": 79, "annual_rate": 0.7682, "max_mag": 4.6, "n_events": 28, "n_recent": 1}}, {"type": "Feature", "geometry": {"type": "Polygon", "coordinates": [[[29.0, 38.75], [29.25, 38.75], [29.25, 39.0], [29.0, 39.0], [29.0, 38.75]]]}, "properties": {"risk_index": 79, "annual_rate": 0.5762, "max_mag": 4.9, "n_events": 21, "n_recent": 6}}, {"type": "Feature", "geometry": {"type": "Polygon", "coordinates": [[[36.0, 41.0], [36.25, 41.0], [36.25, 41.25], [36.0, 41.25], [36.0, 41.0]]]}, "properties": {"risk_index": 79, "annual_rate": 0.5487, "max_mag": 5.0, "n_events": 20, "n_recent": 0}}, {"type": "Feature", "geometry": {"type": "Polygon", "coordinates": [[[28.0, 38.5], [28.25, 38.5], [28.25, 38.75], [28.0, 38.75], [28.0, 38.5]]]}, "properties": {"risk_index": 79, "annual_rate": 0.7133, "max_mag": 4.6, "n_events": 26, "n_recent": 2}}, {"type": "Feature", "geometry": {"type": "Polygon", "coordinates": [[[28.5, 35.5], [28.75, 35.5], [28.75, 35.75], [28.5, 35.75], [28.5, 35.5]]]}, "properties": {"risk_index": 79, "annual_rate": 0.7408, "max_mag": 4.6, "n_events": 27, "n_recent": 7}}, {"type": "Feature", "geometry": {"type": "Polygon", "coordinates": [[[27.25, 38.75], [27.5, 38.75], [27.5, 39.0], [27.25, 39.0], [27.25, 38.75]]]}, "properties": {"risk_index": 79, "annual_rate": 0.9328, "max_mag": 4.4, "n_events": 34, "n_recent": 17}}, {"type": "Feature", "geometry": {"type": "Polygon", "coordinates": [[[30.25, 37.0], [30.5, 37.0], [30.5, 37.25], [30.25, 37.25], [30.25, 37.0]]]}, "properties": {"risk_index": 79, "annual_rate": 1.0974, "max_mag": 4.3, "n_events": 40, "n_recent": 4}}, {"type": "Feature", "geometry": {"type": "Polygon", "coordinates": [[[39.25, 39.75], [39.5, 39.75], [39.5, 40.0], [39.25, 40.0], [39.25, 39.75]]]}, "properties": {"risk_index": 79, "annual_rate": 1.0426, "max_mag": 4.3, "n_events": 38, "n_recent": 6}}, {"type": "Feature", "geometry": {"type": "Polygon", "coordinates": [[[31.5, 38.5], [31.75, 38.5], [31.75, 38.75], [31.5, 38.75], [31.5, 38.5]]]}, "properties": {"risk_index": 79, "annual_rate": 0.6585, "max_mag": 4.7, "n_events": 24, "n_recent": 5}}, {"type": "Feature", "geometry": {"type": "Polygon", "coordinates": [[[37.25, 38.5], [37.5, 38.5], [37.5, 38.75], [37.25, 38.75], [37.25, 38.5]]]}, "properties": {"risk_index": 79, "annual_rate": 0.7682, "max_mag": 4.6, "n_events": 28, "n_recent": 8}}, {"type": "Feature", "geometry": {"type": "Polygon", "coordinates": [[[27.5, 39.0], [27.75, 39.0], [27.75, 39.25], [27.5, 39.25], [27.5, 39.0]]]}, "properties": {"risk_index": 79, "annual_rate": 2.2772, "max_mag": 4.0, "n_events": 83, "n_recent": 13}}, {"type": "Feature", "geometry": {"type": "Polygon", "coordinates": [[[40.25, 38.75], [40.5, 38.75], [40.5, 39.0], [40.25, 39.0], [40.25, 38.75]]]}, "properties": {"risk_index": 79, "annual_rate": 1.3169, "max_mag": 4.2, "n_events": 48, "n_recent": 3}}, {"type": "Feature", "geometry": {"type": "Polygon", "coordinates": [[[27.75, 39.75], [28.0, 39.75], [28.0, 40.0], [27.75, 40.0], [27.75, 39.75]]]}, "properties": {"risk_index": 79, "annual_rate": 0.6859, "max_mag": 4.7, "n_events": 25, "n_recent": 7}}, {"type": "Feature", "geometry": {"type": "Polygon", "coordinates": [[[37.25, 39.5], [37.5, 39.5], [37.5, 39.75], [37.25, 39.75], [37.25, 39.5]]]}, "properties": {"risk_index": 79, "annual_rate": 0.6585, "max_mag": 4.7, "n_events": 24, "n_recent": 9}}, {"type": "Feature", "geometry": {"type": "Polygon", "coordinates": [[[27.25, 38.0], [27.5, 38.0], [27.5, 38.25], [27.25, 38.25], [27.25, 38.0]]]}, "properties": {"risk_index": 79, "annual_rate": 0.9328, "max_mag": 4.4, "n_events": 34, "n_recent": 4}}, {"type": "Feature", "geometry": {"type": "Polygon", "coordinates": [[[26.0, 38.0], [26.25, 38.0], [26.25, 38.25], [26.0, 38.25], [26.0, 38.0]]]}, "properties": {"risk_index": 79, "annual_rate": 0.6859, "max_mag": 4.7, "n_events": 25, "n_recent": 6}}, {"type": "Feature", "geometry": {"type": "Polygon", "coordinates": [[[28.0, 36.25], [28.25, 36.25], [28.25, 36.5], [28.0, 36.5], [28.0, 36.25]]]}, "properties": {"risk_index": 79, "annual_rate": 0.8231, "max_mag": 4.5, "n_events": 30, "n_recent": 4}}, {"type": "Feature", "geometry": {"type": "Polygon", "coordinates": [[[33.75, 37.75], [34.0, 37.75], [34.0, 38.0], [33.75, 38.0], [33.75, 37.75]]]}, "properties": {"risk_index": 79, "annual_rate": 0.4664, "max_mag": 5.3, "n_events": 17, "n_recent": 3}}, {"type": "Feature", "geometry": {"type": "Polygon", "coordinates": [[[32.0, 37.75], [32.25, 37.75], [32.25, 38.0], [32.0, 38.0], [32.0, 37.75]]]}, "properties": {"risk_index": 79, "annual_rate": 0.5213, "max_mag": 5.1, "n_events": 19, "n_recent": 7}}, {"type": "Feature", "geometry": {"type": "Polygon", "coordinates": [[[42.5, 37.5], [42.75, 37.5], [42.75, 37.75], [42.5, 37.75], [42.5, 37.5]]]}, "properties": {"risk_index": 79, "annual_rate": 0.6036, "max_mag": 4.8, "n_events": 22, "n_recent": 4}}, {"type": "Feature", "geometry": {"type": "Polygon", "coordinates": [[[28.25, 39.25], [28.5, 39.25], [28.5, 39.5], [28.25, 39.5], [28.25, 39.25]]]}, "properties": {"risk_index": 79, "annual_rate": 1.2072, "max_mag": 4.2, "n_events": 44, "n_recent": 7}}, {"type": "Feature", "geometry": {"type": "Polygon", "coordinates": [[[26.5, 39.0], [26.75, 39.0], [26.75, 39.25], [26.5, 39.25], [26.5, 39.0]]]}, "properties": {"risk_index": 79, "annual_rate": 1.0974, "max_mag": 4.3, "n_events": 40, "n_recent": 6}}, {"type": "Feature", "geometry": {"type": "Polygon", "coordinates": [[[25.5, 40.25], [25.75, 40.25], [25.75, 40.5], [25.5, 40.5], [25.5, 40.25]]]}, "properties": {"risk_index": 78, "annual_rate": 1.07, "max_mag": 4.2, "n_events": 39, "n_recent": 0}}, {"type": "Feature", "geometry": {"type": "Polygon", "coordinates": [[[31.25, 38.5], [31.5, 38.5], [31.5, 38.75], [31.25, 38.75], [31.25, 38.5]]]}, "properties": {"risk_index": 78, "annual_rate": 1.948, "max_mag": 4.0, "n_events": 71, "n_recent": 1}}, {"type": "Feature", "geometry": {"type": "Polygon", "coordinates": [[[27.0, 40.0], [27.25, 40.0], [27.25, 40.25], [27.0, 40.25], [27.0, 40.0]]]}, "properties": {"risk_index": 78, "annual_rate": 0.9877, "max_mag": 4.3, "n_events": 36, "n_recent": 7}}, {"type": "Feature", "geometry": {"type": "Polygon", "coordinates": [[[35.75, 36.5], [36.0, 36.5], [36.0, 36.75], [35.75, 36.75], [35.75, 36.5]]]}, "properties": {"risk_index": 78, "annual_rate": 0.4938, "max_mag": 5.1, "n_events": 18, "n_recent": 3}}, {"type": "Feature", "geometry": {"type": "Polygon", "coordinates": [[[30.75, 37.75], [31.0, 37.75], [31.0, 38.0], [30.75, 38.0], [30.75, 37.75]]]}, "properties": {"risk_index": 78, "annual_rate": 1.701, "max_mag": 4.0, "n_events": 62, "n_recent": 3}}, {"type": "Feature", "geometry": {"type": "Polygon", "coordinates": [[[35.5, 40.5], [35.75, 40.5], [35.75, 40.75], [35.5, 40.75], [35.5, 40.5]]]}, "properties": {"risk_index": 78, "annual_rate": 0.8505, "max_mag": 4.4, "n_events": 31, "n_recent": 7}}, {"type": "Feature", "geometry": {"type": "Polygon", "coordinates": [[[33.0, 39.75], [33.25, 39.75], [33.25, 40.0], [33.0, 40.0], [33.0, 39.75]]]}, "properties": {"risk_index": 78, "annual_rate": 1.8382, "max_mag": 4.0, "n_events": 67, "n_recent": 3}}, {"type": "Feature", "geometry": {"type": "Polygon", "coordinates": [[[30.5, 37.5], [30.75, 37.5], [30.75, 37.75], [30.5, 37.75], [30.5, 37.5]]]}, "properties": {"risk_index": 78, "annual_rate": 0.5762, "max_mag": 4.8, "n_events": 21, "n_recent": 1}}, {"type": "Feature", "geometry": {"type": "Polygon", "coordinates": [[[31.75, 38.25], [32.0, 38.25], [32.0, 38.5], [31.75, 38.5], [31.75, 38.25]]]}, "properties": {"risk_index": 78, "annual_rate": 0.5762, "max_mag": 4.8, "n_events": 21, "n_recent": 5}}, {"type": "Feature", "geometry": {"type": "Polygon", "coordinates": [[[29.0, 40.0], [29.25, 40.0], [29.25, 40.25], [29.0, 40.25], [29.0, 40.0]]]}, "properties": {"risk_index": 78, "annual_rate": 1.6736, "max_mag": 4.0, "n_events": 61, "n_recent": 4}}, {"type": "Feature", "geometry": {"type": "Polygon", "coordinates": [[[26.0, 35.75], [26.25, 35.75], [26.25, 36.0], [26.0, 36.0], [26.0, 35.75]]]}, "properties": {"risk_index": 78, "annual_rate": 0.5487, "max_mag": 4.9, "n_events": 20, "n_recent": 11}}, {"type": "Feature", "geometry": {"type": "Polygon", "coordinates": [[[43.25, 36.5], [43.5, 36.5], [43.5, 36.75], [43.25, 36.75], [43.25, 36.5]]]}, "properties": {"risk_index": 78, "annual_rate": 0.5762, "max_mag": 4.8, "n_events": 21, "n_recent": 1}}, {"type": "Feature", "geometry": {"type": "Polygon", "coordinates": [[[30.0, 37.0], [30.25, 37.0], [30.25, 37.25], [30.0, 37.25], [30.0, 37.0]]]}, "properties": {"risk_index": 78, "annual_rate": 0.631, "max_mag": 4.7, "n_events": 23, "n_recent": 3}}, {"type": "Feature", "geometry": {"type": "Polygon", "coordinates": [[[25.5, 39.75], [25.75, 39.75], [25.75, 40.0], [25.5, 40.0], [25.5, 39.75]]]}, "properties": {"risk_index": 78, "annual_rate": 1.2895, "max_mag": 4.1, "n_events": 47, "n_recent": 3}}, {"type": "Feature", "geometry": {"type": "Polygon", "coordinates": [[[30.5, 35.75], [30.75, 35.75], [30.75, 36.0], [30.5, 36.0], [30.5, 35.75]]]}, "properties": {"risk_index": 78, "annual_rate": 0.5762, "max_mag": 4.8, "n_events": 21, "n_recent": 5}}, {"type": "Feature", "geometry": {"type": "Polygon", "coordinates": [[[27.0, 36.75], [27.25, 36.75], [27.25, 37.0], [27.0, 37.0], [27.0, 36.75]]]}, "properties": {"risk_index": 78, "annual_rate": 0.7408, "max_mag": 4.5, "n_events": 27, "n_recent": 10}}, {"type": "Feature", "geometry": {"type": "Polygon", "coordinates": [[[35.75, 35.75], [36.0, 35.75], [36.0, 36.0], [35.75, 36.0], [35.75, 35.75]]]}, "properties": {"risk_index": 78, "annual_rate": 0.6036, "max_mag": 4.7, "n_events": 22, "n_recent": 13}}, {"type": "Feature", "geometry": {"type": "Polygon", "coordinates": [[[27.75, 35.75], [28.0, 35.75], [28.0, 36.0], [27.75, 36.0], [27.75, 35.75]]]}, "properties": {"risk_index": 78, "annual_rate": 0.8505, "max_mag": 4.4, "n_events": 31, "n_recent": 7}}, {"type": "Feature", "geometry": {"type": "Polygon", "coordinates": [[[44.0, 38.25], [44.25, 38.25], [44.25, 38.5], [44.0, 38.5], [44.0, 38.25]]]}, "properties": {"risk_index": 78, "annual_rate": 0.439, "max_mag": 5.4, "n_events": 16, "n_recent": 6}}, {"type": "Feature", "geometry": {"type": "Polygon", "coordinates": [[[41.0, 39.5], [41.25, 39.5], [41.25, 39.75], [41.0, 39.75], [41.0, 39.5]]]}, "properties": {"risk_index": 78, "annual_rate": 0.9328, "max_mag": 4.3, "n_events": 34, "n_recent": 9}}, {"type": "Feature", "geometry": {"type": "Polygon", "coordinates": [[[27.25, 38.5], [27.5, 38.5], [27.5, 38.75], [27.25, 38.75], [27.25, 38.5]]]}, "properties": {"risk_index": 78, "annual_rate": 0.631, "max_mag": 4.7, "n_events": 23, "n_recent": 6}}, {"type": "Feature", "geometry": {"type": "Polygon", "coordinates": [[[26.5, 36.5], [26.75, 36.5], [26.75, 36.75], [26.5, 36.75], [26.5, 36.5]]]}, "properties": {"risk_index": 78, "annual_rate": 0.6585, "max_mag": 4.6, "n_events": 24, "n_recent": 5}}, {"type": "Feature", "geometry": {"type": "Polygon", "coordinates": [[[42.75, 38.0], [43.0, 38.0], [43.0, 38.25], [42.75, 38.25], [42.75, 38.0]]]}, "properties": {"risk_index": 77, "annual_rate": 1.0426, "max_mag": 4.2, "n_events": 38, "n_recent": 9}}, {"type": "Feature", "geometry": {"type": "Polygon", "coordinates": [[[27.75, 39.5], [28.0, 39.5], [28.0, 39.75], [27.75, 39.75], [27.75, 39.5]]]}, "properties": {"risk_index": 77, "annual_rate": 1.6187, "max_mag": 4.0, "n_events": 59, "n_recent": 5}}, {"type": "Feature", "geometry": {"type": "Polygon", "coordinates": [[[40.0, 39.5], [40.25, 39.5], [40.25, 39.75], [40.0, 39.75], [40.0, 39.5]]]}, "properties": {"risk_index": 77, "annual_rate": 0.4664, "max_mag": 5.0, "n_events": 17, "n_recent": 0}}, {"type": "Feature", "geometry": {"type": "Polygon", "coordinates": [[[26.25, 38.25], [26.5, 38.25], [26.5, 38.5], [26.25, 38.5], [26.25, 38.25]]]}, "properties": {"risk_index": 77, "annual_rate": 1.2621, "max_mag": 4.1, "n_events": 46, "n_recent": 4}}, {"type": "Feature", "geometry": {"type": "Polygon", "coordinates": [[[41.25, 39.75], [41.5, 39.75], [41.5, 40.0], [41.25, 40.0], [41.25, 39.75]]]}, "properties": {"risk_index": 77, "annual_rate": 0.9054, "max_mag": 4.3, "n_events": 33, "n_recent": 2}}, {"type": "Feature", "geometry": {"type": "Polygon", "coordinates": [[[33.25, 39.5], [33.5, 39.5], [33.5, 39.75], [33.25, 39.75], [33.25, 39.5]]]}, "properties": {"risk_index": 77, "annual_rate": 0.8505, "max_mag": 4.3, "n_events": 31, "n_recent": 2}}, {"type": "Feature", "geometry": {"type": "Polygon", "coordinates": [[[27.0, 38.5], [27.25, 38.5], [27.25, 38.75], [27.0, 38.75], [27.0, 38.5]]]}, "properties": {"risk_index": 77, "annual_rate": 0.8505, "max_mag": 4.3, "n_events": 31, "n_recent": 4}}, {"type": "Feature", "geometry": {"type": "Polygon", "coordinates": [[[38.5, 39.75], [38.75, 39.75], [38.75, 40.0], [38.5, 40.0], [38.5, 39.75]]]}, "properties": {"risk_index": 77, "annual_rate": 0.8505, "max_mag": 4.3, "n_events": 31, "n_recent": 7}}, {"type": "Feature", "geometry": {"type": "Polygon", "coordinates": [[[39.25, 38.5], [39.5, 38.5], [39.5, 38.75], [39.25, 38.75], [39.25, 38.5]]]}, "properties": {"risk_index": 77, "annual_rate": 1.5913, "max_mag": 4.0, "n_events": 58, "n_recent": 14}}, {"type": "Feature", "geometry": {"type": "Polygon", "coordinates": [[[27.0, 38.75], [27.25, 38.75], [27.25, 39.0], [27.0, 39.0], [27.0, 38.75]]]}, "properties": {"risk_index": 77, "annual_rate": 2.6064, "max_mag": 3.9, "n_events": 95, "n_recent": 12}}, {"type": "Feature", "geometry": {"type": "Polygon", "coordinates": [[[31.0, 36.25], [31.25, 36.25], [31.25, 36.5], [31.0, 36.5], [31.0, 36.25]]]}, "properties": {"risk_index": 77, "annual_rate": 0.631, "max_mag": 4.6, "n_events": 23, "n_recent": 4}}, {"type": "Feature", "geometry": {"type": "Polygon", "coordinates": [[[27.25, 36.5], [27.5, 36.5], [27.5, 36.75], [27.25, 36.75], [27.25, 36.5]]]}, "properties": {"risk_index": 77, "annual_rate": 0.8505, "max_mag": 4.3, "n_events": 31, "n_recent": 7}}, {"type": "Feature", "geometry": {"type": "Polygon", "coordinates": [[[37.25, 40.25], [37.5, 40.25], [37.5, 40.5], [37.25, 40.5], [37.25, 40.25]]]}, "properties": {"risk_index": 77, "annual_rate": 0.4938, "max_mag": 4.9, "n_events": 18, "n_recent": 2}}, {"type": "Feature", "geometry": {"type": "Polygon", "coordinates": [[[28.0, 40.0], [28.25, 40.0], [28.25, 40.25], [28.0, 40.25], [28.0, 40.0]]]}, "properties": {"risk_index": 77, "annual_rate": 0.4664, "max_mag": 5.0, "n_events": 17, "n_recent": 1}}, {"type": "Feature", "geometry": {"type": "Polygon", "coordinates": [[[26.25, 36.25], [26.5, 36.25], [26.5, 36.5], [26.25, 36.5], [26.25, 36.25]]]}, "properties": {"risk_index": 77, "annual_rate": 0.4664, "max_mag": 5.0, "n_events": 17, "n_recent": 4}}, {"type": "Feature", "geometry": {"type": "Polygon", "coordinates": [[[25.5, 36.25], [25.75, 36.25], [25.75, 36.5], [25.5, 36.5], [25.5, 36.25]]]}, "properties": {"risk_index": 77, "annual_rate": 0.631, "max_mag": 4.6, "n_events": 23, "n_recent": 21}}, {"type": "Feature", "geometry": {"type": "Polygon", "coordinates": [[[27.25, 40.25], [27.5, 40.25], [27.5, 40.5], [27.25, 40.5], [27.25, 40.25]]]}, "properties": {"risk_index": 77, "annual_rate": 0.7133, "max_mag": 4.5, "n_events": 26, "n_recent": 3}}, {"type": "Feature", "geometry": {"type": "Polygon", "coordinates": [[[41.0, 40.0], [41.25, 40.0], [41.25, 40.25], [41.0, 40.25], [41.0, 40.0]]]}, "properties": {"risk_index": 77, "annual_rate": 0.4938, "max_mag": 5.0, "n_events": 18, "n_recent": 1}}, {"type": "Feature", "geometry": {"type": "Polygon", "coordinates": [[[43.75, 41.25], [44.0, 41.25], [44.0, 41.5], [43.75, 41.5], [43.75, 41.25]]]}, "properties": {"risk_index": 77, "annual_rate": 1.1249, "max_mag": 4.1, "n_events": 41, "n_recent": 15}}, {"type": "Feature", "geometry": {"type": "Polygon", "coordinates": [[[38.0, 40.0], [38.25, 40.0], [38.25, 40.25], [38.0, 40.25], [38.0, 40.0]]]}, "properties": {"risk_index": 77, "annual_rate": 0.4664, "max_mag": 5.0, "n_events": 17, "n_recent": 1}}, {"type": "Feature", "geometry": {"type": "Polygon", "coordinates": [[[29.75, 35.5], [30.0, 35.5], [30.0, 35.75], [29.75, 35.75], [29.75, 35.5]]]}, "properties": {"risk_index": 77, "annual_rate": 0.4115, "max_mag": 5.3, "n_events": 15, "n_recent": 2}}, {"type": "Feature", "geometry": {"type": "Polygon", "coordinates": [[[26.0, 35.5], [26.25, 35.5], [26.25, 35.75], [26.0, 35.75], [26.0, 35.5]]]}, "properties": {"risk_index": 77, "annual_rate": 0.4664, "max_mag": 5.0, "n_events": 17, "n_recent": 10}}, {"type": "Feature", "geometry": {"type": "Polygon", "coordinates": [[[27.25, 40.0], [27.5, 40.0], [27.5, 40.25], [27.25, 40.25], [27.25, 40.0]]]}, "properties": {"risk_index": 77, "annual_rate": 0.631, "max_mag": 4.6, "n_events": 23, "n_recent": 6}}, {"type": "Feature", "geometry": {"type": "Polygon", "coordinates": [[[28.5, 39.5], [28.75, 39.5], [28.75, 39.75], [28.5, 39.75], [28.5, 39.5]]]}, "properties": {"risk_index": 76, "annual_rate": 1.0974, "max_mag": 4.1, "n_events": 40, "n_recent": 5}}, {"type": "Feature", "geometry": {"type": "Polygon", "coordinates": [[[35.0, 40.25], [35.25, 40.25], [35.25, 40.5], [35.0, 40.5], [35.0, 40.25]]]}, "properties": {"risk_index": 76, "annual_rate": 0.5213, "max_mag": 4.8, "n_events": 19, "n_recent": 2}}, {"type": "Feature", "geometry": {"type": "Polygon", "coordinates": [[[31.25, 36.5], [31.5, 36.5], [31.5, 36.75], [31.25, 36.75], [31.25, 36.5]]]}, "properties": {"risk_index": 76, "annual_rate": 0.439, "max_mag": 5.0, "n_events": 16, "n_recent": 3}}, {"type": "Feature", "geometry": {"type": "Polygon", "coordinates": [[[36.5, 39.25], [36.75, 39.25], [36.75, 39.5], [36.5, 39.5], [36.5, 39.25]]]}, "properties": {"risk_index": 76, "annual_rate": 0.6585, "max_mag": 4.5, "n_events": 24, "n_recent": 1}}, {"type": "Feature", "geometry": {"type": "Polygon", "coordinates": [[[43.75, 39.5], [44.0, 39.5], [44.0, 39.75], [43.75, 39.75], [43.75, 39.5]]]}, "properties": {"risk_index": 76, "annual_rate": 0.439, "max_mag": 5.1, "n_events": 16, "n_recent": 2}}, {"type": "Feature", "geometry": {"type": "Polygon", "coordinates": [[[32.0, 40.0], [32.25, 40.0], [32.25, 40.25], [32.0, 40.25], [32.0, 40.0]]]}, "properties": {"risk_index": 76, "annual_rate": 1.0426, "max_mag": 4.1, "n_events": 38, "n_recent": 0}}, {"type": "Feature", "geometry": {"type": "Polygon", "coordinates": [[[35.75, 36.75], [36.0, 36.75], [36.0, 37.0], [35.75, 37.0], [35.75, 36.75]]]}, "properties": {"risk_index": 76, "annual_rate": 0.7956, "max_mag": 4.3, "n_events": 29, "n_recent": 5}}, {"type": "Feature", "geometry": {"type": "Polygon", "coordinates": [[[35.75, 36.25], [36.0, 36.25], [36.0, 36.5], [35.75, 36.5], [35.75, 36.25]]]}, "properties": {"risk_index": 76, "annual_rate": 1.0426, "max_mag": 4.1, "n_events": 38, "n_recent": 22}}, {"type": "Feature", "geometry": {"type": "Polygon", "coordinates": [[[27.25, 37.0], [27.5, 37.0], [27.5, 37.25], [27.25, 37.25], [27.25, 37.0]]]}, "properties": {"risk_index": 76, "annual_rate": 1.0426, "max_mag": 4.1, "n_events": 38, "n_recent": 5}}, {"type": "Feature", "geometry": {"type": "Polygon", "coordinates": [[[27.5, 40.5], [27.75, 40.5], [27.75, 40.75], [27.5, 40.75], [27.5, 40.5]]]}, "properties": {"risk_index": 76, "annual_rate": 0.7682, "max_mag": 4.3, "n_events": 28, "n_recent": 5}}, {"type": "Feature", "geometry": {"type": "Polygon", "coordinates": [[[28.25, 36.0], [28.5, 36.0], [28.5, 36.25], [28.25, 36.25], [28.25, 36.0]]]}, "properties": {"risk_index": 76, "annual_rate": 1.0426, "max_mag": 4.1, "n_events": 38, "n_recent": 10}}, {"type": "Feature", "geometry": {"type": "Polygon", "coordinates": [[[28.25, 35.75], [28.5, 35.75], [28.5, 36.0], [28.25, 36.0], [28.25, 35.75]]]}, "properties": {"risk_index": 76, "annual_rate": 0.7133, "max_mag": 4.4, "n_events": 26, "n_recent": 5}}, {"type": "Feature", "geometry": {"type": "Polygon", "coordinates": [[[26.75, 35.75], [27.0, 35.75], [27.0, 36.0], [26.75, 36.0], [26.75, 35.75]]]}, "properties": {"risk_index": 76, "annual_rate": 0.631, "max_mag": 4.5, "n_events": 23, "n_recent": 11}}, {"type": "Feature", "geometry": {"type": "Polygon", "coordinates": [[[31.0, 41.0], [31.25, 41.0], [31.25, 41.25], [31.0, 41.25], [31.0, 41.0]]]}, "properties": {"risk_index": 76, "annual_rate": 1.3444, "max_mag": 4.0, "n_events": 49, "n_recent": 0}}, {"type": "Feature", "geometry": {"type": "Polygon", "coordinates": [[[32.0, 41.0], [32.25, 41.0], [32.25, 41.25], [32.0, 41.25], [32.0, 41.0]]]}, "properties": {"risk_index": 76, "annual_rate": 1.3992, "max_mag": 4.0, "n_events": 51, "n_recent": 1}}, {"type": "Feature", "geometry": {"type": "Polygon", "coordinates": [[[44.0, 41.25], [44.25, 41.25], [44.25, 41.5], [44.0, 41.5], [44.0, 41.25]]]}, "properties": {"risk_index": 76, "annual_rate": 0.5487, "max_mag": 4.7, "n_events": 20, "n_recent": 5}}, {"type": "Feature", "geometry": {"type": "Polygon", "coordinates": [[[43.0, 42.25], [43.25, 42.25], [43.25, 42.5], [43.0, 42.5], [43.0, 42.25]]]}, "properties": {"risk_index": 76, "annual_rate": 0.9603, "max_mag": 4.2, "n_events": 35, "n_recent": 2}}, {"type": "Feature", "geometry": {"type": "Polygon", "coordinates": [[[35.25, 38.5], [35.5, 38.5], [35.5, 38.75], [35.25, 38.75], [35.25, 38.5]]]}, "properties": {"risk_index": 76, "annual_rate": 0.5213, "max_mag": 4.8, "n_events": 19, "n_recent": 16}}, {"type": "Feature", "geometry": {"type": "Polygon", "coordinates": [[[28.5, 39.75], [28.75, 39.75], [28.75, 40.0], [28.5, 40.0], [28.5, 39.75]]]}, "properties": {"risk_index": 76, "annual_rate": 0.7408, "max_mag": 4.4, "n_events": 27, "n_recent": 6}}, {"type": "Feature", "geometry": {"type": "Polygon", "coordinates": [[[26.0, 39.75], [26.25, 39.75], [26.25, 40.0], [26.0, 40.0], [26.0, 39.75]]]}, "properties": {"risk_index": 76, "annual_rate": 0.9054, "max_mag": 4.2, "n_events": 33, "n_recent": 2}}, {"type": "Feature", "geometry": {"type": "Polygon", "coordinates": [[[32.5, 37.75], [32.75, 37.75], [32.75, 38.0], [32.5, 38.0], [32.5, 37.75]]]}, "properties": {"risk_index": 75, "annual_rate": 0.5487, "max_mag": 4.6, "n_events": 20, "n_recent": 0}}, {"type": "Feature", "geometry": {"type": "Polygon", "coordinates": [[[42.75, 37.25], [43.0, 37.25], [43.0, 37.5], [42.75, 37.5], [42.75, 37.25]]]}, "properties": {"risk_index": 75, "annual_rate": 0.3567, "max_mag": 5.3, "n_events": 13, "n_recent": 0}}, {"type": "Feature", "geometry": {"type": "Polygon", "coordinates": [[[26.0, 37.5], [26.25, 37.5], [26.25, 37.75], [26.0, 37.75], [26.0, 37.5]]]}, "properties": {"risk_index": 75, "annual_rate": 0.3841, "max_mag": 5.1, "n_events": 14, "n_recent": 11}}, {"type": "Feature", "geometry": {"type": "Polygon", "coordinates": [[[38.75, 39.75], [39.0, 39.75], [39.0, 40.0], [38.75, 40.0], [38.75, 39.75]]]}, "properties": {"risk_index": 75, "annual_rate": 1.2346, "max_mag": 4.0, "n_events": 45, "n_recent": 3}}, {"type": "Feature", "geometry": {"type": "Polygon", "coordinates": [[[35.5, 35.75], [35.75, 35.75], [35.75, 36.0], [35.5, 36.0], [35.5, 35.75]]]}, "properties": {"risk_index": 75, "annual_rate": 0.5213, "max_mag": 4.7, "n_events": 19, "n_recent": 13}}, {"type": "Feature", "geometry": {"type": "Polygon", "coordinates": [[[30.5, 36.0], [30.75, 36.0], [30.75, 36.25], [30.5, 36.25], [30.5, 36.0]]]}, "properties": {"risk_index": 75, "annual_rate": 0.631, "max_mag": 4.4, "n_events": 23, "n_recent": 1}}, {"type": "Feature", "geometry": {"type": "Polygon", "coordinates": [[[38.75, 38.75], [39.0, 38.75], [39.0, 39.0], [38.75, 39.0], [38.75, 38.75]]]}, "properties": {"risk_index": 75, "annual_rate": 0.5487, "max_mag": 4.6, "n_events": 20, "n_recent": 1}}, {"type": "Feature", "geometry": {"type": "Polygon", "coordinates": [[[27.0, 35.5], [27.25, 35.5], [27.25, 35.75], [27.0, 35.75], [27.0, 35.5]]]}, "properties": {"risk_index": 75, "annual_rate": 1.1523, "max_mag": 4.0, "n_events": 42, "n_recent": 8}}, {"type": "Feature", "geometry": {"type": "Polygon", "coordinates": [[[37.0, 38.25], [37.25, 38.25], [37.25, 38.5], [37.0, 38.5], [37.0, 38.25]]]}, "properties": {"risk_index": 75, "annual_rate": 1.2072, "max_mag": 4.0, "n_events": 44, "n_recent": 25}}, {"type": "Feature", "geometry": {"type": "Polygon", "coordinates": [[[34.25, 40.25], [34.5, 40.25], [34.5, 40.5], [34.25, 40.5], [34.25, 40.25]]]}, "properties": {"risk_index": 75, "annual_rate": 0.8779, "max_mag": 4.2, "n_events": 32, "n_recent": 5}}, {"type": "Feature", "geometry": {"type": "Polygon", "coordinates": [[[33.75, 39.25], [34.0, 39.25], [34.0, 39.5], [33.75, 39.5], [33.75, 39.25]]]}, "properties": {"risk_index": 74, "annual_rate": 0.5487, "max_mag": 4.5, "n_events": 20, "n_recent": 0}}, {"type": "Feature", "geometry": {"type": "Polygon", "coordinates": [[[31.0, 38.75], [31.25, 38.75], [31.25, 39.0], [31.0, 39.0], [31.0, 38.75]]]}, "properties": {"risk_index": 74, "annual_rate": 0.6036, "max_mag": 4.4, "n_events": 22, "n_recent": 1}}, {"type": "Feature", "geometry": {"type": "Polygon", "coordinates": [[[42.5, 41.75], [42.75, 41.75], [42.75, 42.0], [42.5, 42.0], [42.5, 41.75]]]}, "properties": {"risk_index": 74, "annual_rate": 0.3292, "max_mag": 5.3, "n_events": 12, "n_recent": 1}}, {"type": "Feature", "geometry": {"type": "Polygon", "coordinates": [[[39.0, 37.0], [39.25, 37.0], [39.25, 37.25], [39.0, 37.25], [39.0, 37.0]]]}, "properties": {"risk_index": 74, "annual_rate": 1.07, "max_mag": 4.0, "n_events": 39, "n_recent": 6}}, {"type": "Feature", "geometry": {"type": "Polygon", "coordinates": [[[26.75, 39.75], [27.0, 39.75], [27.0, 40.0], [26.75, 40.0], [26.75, 39.75]]]}, "properties": {"risk_index": 74, "annual_rate": 0.6859, "max_mag": 4.3, "n_events": 25, "n_recent": 7}}, {"type": "Feature", "geometry": {"type": "Polygon", "coordinates": [[[31.0, 37.75], [31.25, 37.75], [31.25, 38.0], [31.0, 38.0], [31.0, 37.75]]]}, "properties": {"risk_index": 74, "annual_rate": 0.7408, "max_mag": 4.2, "n_events": 27, "n_recent": 0}}, {"type": "Feature", "geometry": {"type": "Polygon", "coordinates": [[[25.5, 40.0], [25.75, 40.0], [25.75, 40.25], [25.5, 40.25], [25.5, 40.0]]]}, "properties": {"risk_index": 74, "annual_rate": 0.9328, "max_mag": 4.1, "n_events": 34, "n_recent": 1}}, {"type": "Feature", "geometry": {"type": "Polygon", "coordinates": [[[36.0, 38.0], [36.25, 38.0], [36.25, 38.25], [36.0, 38.25], [36.0, 38.0]]]}, "properties": {"risk_index": 74, "annual_rate": 0.5487, "max_mag": 4.5, "n_events": 20, "n_recent": 14}}, {"type": "Feature", "geometry": {"type": "Polygon", "coordinates": [[[29.25, 35.75], [29.5, 35.75], [29.5, 36.0], [29.25, 36.0], [29.25, 35.75]]]}, "properties": {"risk_index": 74, "annual_rate": 0.6859, "max_mag": 4.3, "n_events": 25, "n_recent": 7}}, {"type": "Feature", "geometry": {"type": "Polygon", "coordinates": [[[36.25, 38.25], [36.5, 38.25], [36.5, 38.5], [36.25, 38.5], [36.25, 38.25]]]}, "properties": {"risk_index": 74, "annual_rate": 0.6036, "max_mag": 4.4, "n_events": 22, "n_recent": 12}}, {"type": "Feature", "geometry": {"type": "Polygon", "coordinates": [[[27.0, 39.5], [27.25, 39.5], [27.25, 39.75], [27.0, 39.75], [27.0, 39.5]]]}, "properties": {"risk_index": 74, "annual_rate": 0.7408, "max_mag": 4.2, "n_events": 27, "n_recent": 4}}, {"type": "Feature", "geometry": {"type": "Polygon", "coordinates": [[[43.5, 37.75], [43.75, 37.75], [43.75, 38.0], [43.5, 38.0], [43.5, 37.75]]]}, "properties": {"risk_index": 74, "annual_rate": 0.9328, "max_mag": 4.1, "n_events": 34, "n_recent": 0}}, {"type": "Feature", "geometry": {"type": "Polygon", "coordinates": [[[43.75, 37.75], [44.0, 37.75], [44.0, 38.0], [43.75, 38.0], [43.75, 37.75]]]}, "properties": {"risk_index": 74, "annual_rate": 0.6036, "max_mag": 4.4, "n_events": 22, "n_recent": 1}}, {"type": "Feature", "geometry": {"type": "Polygon", "coordinates": [[[30.25, 36.0], [30.5, 36.0], [30.5, 36.25], [30.25, 36.25], [30.25, 36.0]]]}, "properties": {"risk_index": 74, "annual_rate": 0.6859, "max_mag": 4.3, "n_events": 25, "n_recent": 12}}, {"type": "Feature", "geometry": {"type": "Polygon", "coordinates": [[[30.75, 40.5], [31.0, 40.5], [31.0, 40.75], [30.75, 40.75], [30.75, 40.5]]]}, "properties": {"risk_index": 74, "annual_rate": 0.4938, "max_mag": 4.6, "n_events": 18, "n_recent": 3}}, {"type": "Feature", "geometry": {"type": "Polygon", "coordinates": [[[40.75, 38.5], [41.0, 38.5], [41.0, 38.75], [40.75, 38.75], [40.75, 38.5]]]}, "properties": {"risk_index": 74, "annual_rate": 1.4541, "max_mag": 3.9, "n_events": 53, "n_recent": 11}}, {"type": "Feature", "geometry": {"type": "Polygon", "coordinates": [[[29.5, 39.0], [29.75, 39.0], [29.75, 39.25], [29.5, 39.25], [29.5, 39.0]]]}, "properties": {"risk_index": 74, "annual_rate": 1.0426, "max_mag": 4.0, "n_events": 38, "n_recent": 5}}, {"type": "Feature", "geometry": {"type": "Polygon", "coordinates": [[[42.75, 38.5], [43.0, 38.5], [43.0, 38.75], [42.75, 38.75], [42.75, 38.5]]]}, "properties": {"risk_index": 74, "annual_rate": 0.6859, "max_mag": 4.3, "n_events": 25, "n_recent": 1}}, {"type": "Feature", "geometry": {"type": "Polygon", "coordinates": [[[40.75, 39.0], [41.0, 39.0], [41.0, 39.25], [40.75, 39.25], [40.75, 39.0]]]}, "properties": {"risk_index": 73, "annual_rate": 0.6859, "max_mag": 4.2, "n_events": 25, "n_recent": 5}}, {"type": "Feature", "geometry": {"type": "Polygon", "coordinates": [[[41.0, 36.0], [41.25, 36.0], [41.25, 36.25], [41.0, 36.25], [41.0, 36.0]]]}, "properties": {"risk_index": 73, "annual_rate": 0.3292, "max_mag": 5.2, "n_events": 12, "n_recent": 7}}, {"type": "Feature", "geometry": {"type": "Polygon", "coordinates": [[[27.75, 40.5], [28.0, 40.5], [28.0, 40.75], [27.75, 40.75], [27.75, 40.5]]]}, "properties": {"risk_index": 73, "annual_rate": 0.439, "max_mag": 4.7, "n_events": 16, "n_recent": 4}}, {"type": "Feature", "geometry": {"type": "Polygon", "coordinates": [[[43.5, 39.5], [43.75, 39.5], [43.75, 39.75], [43.5, 39.75], [43.5, 39.5]]]}, "properties": {"risk_index": 73, "annual_rate": 0.5762, "max_mag": 4.4, "n_events": 21, "n_recent": 6}}, {"type": "Feature", "geometry": {"type": "Polygon", "coordinates": [[[30.25, 38.75], [30.5, 38.75], [30.5, 39.0], [30.25, 39.0], [30.25, 38.75]]]}, "properties": {"risk_index": 73, "annual_rate": 0.5762, "max_mag": 4.4, "n_events": 21, "n_recent": 4}}, {"type": "Feature", "geometry": {"type": "Polygon", "coordinates": [[[31.75, 36.0], [32.0, 36.0], [32.0, 36.25], [31.75, 36.25], [31.75, 36.0]]]}, "properties": {"risk_index": 73, "annual_rate": 0.3292, "max_mag": 5.2, "n_events": 12, "n_recent": 4}}, {"type": "Feature", "geometry": {"type": "Polygon", "coordinates": [[[37.0, 37.0], [37.25, 37.0], [37.25, 37.25], [37.0, 37.25], [37.0, 37.0]]]}, "properties": {"risk_index": 73, "annual_rate": 1.6462, "max_mag": 3.8, "n_events": 60, "n_recent": 11}}, {"type": "Feature", "geometry": {"type": "Polygon", "coordinates": [[[41.75, 40.0], [42.0, 40.0], [42.0, 40.25], [41.75, 40.25], [41.75, 40.0]]]}, "properties": {"risk_index": 73, "annual_rate": 0.8505, "max_mag": 4.1, "n_events": 31, "n_recent": 1}}, {"type": "Feature", "geometry": {"type": "Polygon", "coordinates": [[[27.5, 40.25], [27.75, 40.25], [27.75, 40.5], [27.5, 40.5], [27.5, 40.25]]]}, "properties": {"risk_index": 73, "annual_rate": 0.8505, "max_mag": 4.1, "n_events": 31, "n_recent": 7}}, {"type": "Feature", "geometry": {"type": "Polygon", "coordinates": [[[25.5, 38.25], [25.75, 38.25], [25.75, 38.5], [25.5, 38.5], [25.5, 38.25]]]}, "properties": {"risk_index": 73, "annual_rate": 0.4938, "max_mag": 4.5, "n_events": 18, "n_recent": 3}}, {"type": "Feature", "geometry": {"type": "Polygon", "coordinates": [[[28.0, 37.25], [28.25, 37.25], [28.25, 37.5], [28.0, 37.5], [28.0, 37.25]]]}, "properties": {"risk_index": 73, "annual_rate": 1.0151, "max_mag": 4.0, "n_events": 37, "n_recent": 7}}, {"type": "Feature", "geometry": {"type": "Polygon", "coordinates": [[[29.0, 40.75], [29.25, 40.75], [29.25, 41.0], [29.0, 41.0], [29.0, 40.75]]]}, "properties": {"risk_index": 73, "annual_rate": 0.6859, "max_mag": 4.2, "n_events": 25, "n_recent": 2}}, {"type": "Feature", "geometry": {"type": "Polygon", "coordinates": [[[42.75, 40.5], [43.0, 40.5], [43.0, 40.75], [42.75, 40.75], [42.75, 40.5]]]}, "properties": {"risk_index": 73, "annual_rate": 0.3567, "max_mag": 5.0, "n_events": 13, "n_recent": 12}}, {"type": "Feature", "geometry": {"type": "Polygon", "coordinates": [[[28.75, 40.0], [29.0, 40.0], [29.0, 40.25], [28.75, 40.25], [28.75, 40.0]]]}, "properties": {"risk_index": 73, "annual_rate": 1.0151, "max_mag": 4.0, "n_events": 37, "n_recent": 5}}, {"type": "Feature", "geometry": {"type": "Polygon", "coordinates": [[[37.5, 37.5], [37.75, 37.5], [37.75, 37.75], [37.5, 37.75], [37.5, 37.5]]]}, "properties": {"risk_index": 73, "annual_rate": 0.5762, "max_mag": 4.4, "n_events": 21, "n_recent": 11}}, {"type": "Feature", "geometry": {"type": "Polygon", "coordinates": [[[37.0, 40.0], [37.25, 40.0], [37.25, 40.25], [37.0, 40.25], [37.0, 40.0]]]}, "properties": {"risk_index": 73, "annual_rate": 0.6859, "max_mag": 4.2, "n_events": 25, "n_recent": 2}}, {"type": "Feature", "geometry": {"type": "Polygon", "coordinates": [[[32.0, 40.25], [32.25, 40.25], [32.25, 40.5], [32.0, 40.5], [32.0, 40.25]]]}, "properties": {"risk_index": 73, "annual_rate": 0.4115, "max_mag": 4.8, "n_events": 15, "n_recent": 0}}, {"type": "Feature", "geometry": {"type": "Polygon", "coordinates": [[[28.5, 36.75], [28.75, 36.75], [28.75, 37.0], [28.5, 37.0], [28.5, 36.75]]]}, "properties": {"risk_index": 73, "annual_rate": 0.6036, "max_mag": 4.3, "n_events": 22, "n_recent": 6}}, {"type": "Feature", "geometry": {"type": "Polygon", "coordinates": [[[33.0, 40.25], [33.25, 40.25], [33.25, 40.5], [33.0, 40.5], [33.0, 40.25]]]}, "properties": {"risk_index": 73, "annual_rate": 0.6859, "max_mag": 4.2, "n_events": 25, "n_recent": 1}}, {"type": "Feature", "geometry": {"type": "Polygon", "coordinates": [[[42.25, 38.25], [42.5, 38.25], [42.5, 38.5], [42.25, 38.5], [42.25, 38.25]]]}, "properties": {"risk_index": 73, "annual_rate": 0.631, "max_mag": 4.3, "n_events": 23, "n_recent": 3}}, {"type": "Feature", "geometry": {"type": "Polygon", "coordinates": [[[40.75, 36.25], [41.0, 36.25], [41.0, 36.5], [40.75, 36.5], [40.75, 36.25]]]}, "properties": {"risk_index": 73, "annual_rate": 1.2072, "max_mag": 3.9, "n_events": 44, "n_recent": 1}}, {"type": "Feature", "geometry": {"type": "Polygon", "coordinates": [[[36.5, 37.5], [36.75, 37.5], [36.75, 37.75], [36.5, 37.75], [36.5, 37.5]]]}, "properties": {"risk_index": 73, "annual_rate": 0.5762, "max_mag": 4.4, "n_events": 21, "n_recent": 4}}, {"type": "Feature", "geometry": {"type": "Polygon", "coordinates": [[[33.75, 40.0], [34.0, 40.0], [34.0, 40.25], [33.75, 40.25], [33.75, 40.0]]]}, "properties": {"risk_index": 72, "annual_rate": 0.631, "max_mag": 4.2, "n_events": 23, "n_recent": 1}}, {"type": "Feature", "geometry": {"type": "Polygon", "coordinates": [[[39.0, 39.25], [39.25, 39.25], [39.25, 39.5], [39.0, 39.5], [39.0, 39.25]]]}, "properties": {"risk_index": 72, "annual_rate": 1.1523, "max_mag": 3.9, "n_events": 42, "n_recent": 3}}, {"type": "Feature", "geometry": {"type": "Polygon", "coordinates": [[[25.5, 39.25], [25.75, 39.25], [25.75, 39.5], [25.5, 39.5], [25.5, 39.25]]]}, "properties": {"risk_index": 72, "annual_rate": 1.07, "max_mag": 3.9, "n_events": 39, "n_recent": 13}}, {"type": "Feature", "geometry": {"type": "Polygon", "coordinates": [[[26.0, 40.5], [26.25, 40.5], [26.25, 40.75], [26.0, 40.75], [26.0, 40.5]]]}, "properties": {"risk_index": 72, "annual_rate": 0.4115, "max_mag": 4.7, "n_events": 15, "n_recent": 1}}, {"type": "Feature", "geometry": {"type": "Polygon", "coordinates": [[[27.5, 36.5], [27.75, 36.5], [27.75, 36.75], [27.5, 36.75], [27.5, 36.5]]]}, "properties": {"risk_index": 72, "annual_rate": 0.8779, "max_mag": 4.0, "n_events": 32, "n_recent": 3}}, {"type": "Feature", "geometry": {"type": "Polygon", "coordinates": [[[26.75, 36.75], [27.0, 36.75], [27.0, 37.0], [26.75, 37.0], [26.75, 36.75]]]}, "properties": {"risk_index": 72, "annual_rate": 0.4664, "max_mag": 4.5, "n_events": 17, "n_recent": 6}}, {"type": "Feature", "geometry": {"type": "Polygon", "coordinates": [[[41.0, 42.25], [41.25, 42.25], [41.25, 42.5], [41.0, 42.5], [41.0, 42.25]]]}, "properties": {"risk_index": 72, "annual_rate": 0.5213, "max_mag": 4.4, "n_events": 19, "n_recent": 0}}, {"type": "Feature", "geometry": {"type": "Polygon", "coordinates": [[[34.25, 40.75], [34.5, 40.75], [34.5, 41.0], [34.25, 41.0], [34.25, 40.75]]]}, "properties": {"risk_index": 72, "annual_rate": 0.4115, "max_mag": 4.7, "n_events": 15, "n_recent": 6}}, {"type": "Feature", "geometry": {"type": "Polygon", "coordinates": [[[42.5, 38.75], [42.75, 38.75], [42.75, 39.0], [42.5, 39.0], [42.5, 38.75]]]}, "properties": {"risk_index": 72, "annual_rate": 0.631, "max_mag": 4.2, "n_events": 23, "n_recent": 4}}, {"type": "Feature", "geometry": {"type": "Polygon", "coordinates": [[[44.5, 38.75], [44.75, 38.75], [44.75, 39.0], [44.5, 39.0], [44.5, 38.75]]]}, "properties": {"risk_index": 72, "annual_rate": 0.6585, "max_mag": 4.2, "n_events": 24, "n_recent": 12}}, {"type": "Feature", "geometry": {"type": "Polygon", "coordinates": [[[30.25, 37.25], [30.5, 37.25], [30.5, 37.5], [30.25, 37.5], [30.25, 37.25]]]}, "properties": {"risk_index": 72, "annual_rate": 0.631, "max_mag": 4.2, "n_events": 23, "n_recent": 9}}, {"type": "Feature", "geometry": {"type": "Polygon", "coordinates": [[[30.0, 40.0], [30.25, 40.0], [30.25, 40.25], [30.0, 40.25], [30.0, 40.0]]]}, "properties": {"risk_index": 72, "annual_rate": 0.9328, "max_mag": 4.0, "n_events": 34, "n_recent": 0}}, {"type": "Feature", "geometry": {"type": "Polygon", "coordinates": [[[35.75, 38.75], [36.0, 38.75], [36.0, 39.0], [35.75, 39.0], [35.75, 38.75]]]}, "properties": {"risk_index": 72, "annual_rate": 0.7133, "max_mag": 4.1, "n_events": 26, "n_recent": 4}}, {"type": "Feature", "geometry": {"type": "Polygon", "coordinates": [[[29.5, 37.25], [29.75, 37.25], [29.75, 37.5], [29.5, 37.5], [29.5, 37.25]]]}, "properties": {"risk_index": 72, "annual_rate": 0.3841, "max_mag": 4.8, "n_events": 14, "n_recent": 1}}, {"type": "Feature", "geometry": {"type": "Polygon", "coordinates": [[[26.75, 37.0], [27.0, 37.0], [27.0, 37.25], [26.75, 37.25], [26.75, 37.0]]]}, "properties": {"risk_index": 72, "annual_rate": 0.7408, "max_mag": 4.1, "n_events": 27, "n_recent": 4}}, {"type": "Feature", "geometry": {"type": "Polygon", "coordinates": [[[32.5, 40.0], [32.75, 40.0], [32.75, 40.25], [32.5, 40.25], [32.5, 40.0]]]}, "properties": {"risk_index": 72, "annual_rate": 0.5762, "max_mag": 4.3, "n_events": 21, "n_recent": 2}}, {"type": "Feature", "geometry": {"type": "Polygon", "coordinates": [[[31.25, 38.75], [31.5, 38.75], [31.5, 39.0], [31.25, 39.0], [31.25, 38.75]]]}, "properties": {"risk_index": 72, "annual_rate": 0.6585, "max_mag": 4.2, "n_events": 24, "n_recent": 1}}, {"type": "Feature", "geometry": {"type": "Polygon", "coordinates": [[[35.75, 40.5], [36.0, 40.5], [36.0, 40.75], [35.75, 40.75], [35.75, 40.5]]]}, "properties": {"risk_index": 72, "annual_rate": 0.7133, "max_mag": 4.1, "n_events": 26, "n_recent": 3}}, {"type": "Feature", "geometry": {"type": "Polygon", "coordinates": [[[42.75, 37.75], [43.0, 37.75], [43.0, 38.0], [42.75, 38.0], [42.75, 37.75]]]}, "properties": {"risk_index": 72, "annual_rate": 0.4664, "max_mag": 4.5, "n_events": 17, "n_recent": 1}}, {"type": "Feature", "geometry": {"type": "Polygon", "coordinates": [[[31.0, 36.75], [31.25, 36.75], [31.25, 37.0], [31.0, 37.0], [31.0, 36.75]]]}, "properties": {"risk_index": 72, "annual_rate": 0.7682, "max_mag": 4.1, "n_events": 28, "n_recent": 2}}, {"type": "Feature", "geometry": {"type": "Polygon", "coordinates": [[[35.5, 36.0], [35.75, 36.0], [35.75, 36.25], [35.5, 36.25], [35.5, 36.0]]]}, "properties": {"risk_index": 72, "annual_rate": 0.6585, "max_mag": 4.2, "n_events": 24, "n_recent": 9}}, {"type": "Feature", "geometry": {"type": "Polygon", "coordinates": [[[37.25, 39.25], [37.5, 39.25], [37.5, 39.5], [37.25, 39.5], [37.25, 39.25]]]}, "properties": {"risk_index": 72, "annual_rate": 0.5213, "max_mag": 4.4, "n_events": 19, "n_recent": 10}}, {"type": "Feature", "geometry": {"type": "Polygon", "coordinates": [[[29.75, 38.75], [30.0, 38.75], [30.0, 39.0], [29.75, 39.0], [29.75, 38.75]]]}, "properties": {"risk_index": 72, "annual_rate": 1.0974, "max_mag": 3.9, "n_events": 40, "n_recent": 4}}, {"type": "Feature", "geometry": {"type": "Polygon", "coordinates": [[[33.25, 40.25], [33.5, 40.25], [33.5, 40.5], [33.25, 40.5], [33.25, 40.25]]]}, "properties": {"risk_index": 72, "annual_rate": 0.6585, "max_mag": 4.2, "n_events": 24, "n_recent": 6}}, {"type": "Feature", "geometry": {"type": "Polygon", "coordinates": [[[26.0, 40.0], [26.25, 40.0], [26.25, 40.25], [26.0, 40.25], [26.0, 40.0]]]}, "properties": {"risk_index": 71, "annual_rate": 0.3292, "max_mag": 5.0, "n_events": 12, "n_recent": 1}}, {"type": "Feature", "geometry": {"type": "Polygon", "coordinates": [[[31.0, 39.0], [31.25, 39.0], [31.25, 39.25], [31.0, 39.25], [31.0, 39.0]]]}, "properties": {"risk_index": 71, "annual_rate": 0.7956, "max_mag": 4.0, "n_events": 29, "n_recent": 0}}, {"type": "Feature", "geometry": {"type": "Polygon", "coordinates": [[[41.75, 39.25], [42.0, 39.25], [42.0, 39.5], [41.75, 39.5], [41.75, 39.25]]]}, "properties": {"risk_index": 71, "annual_rate": 0.4664, "max_mag": 4.4, "n_events": 17, "n_recent": 3}}, {"type": "Feature", "geometry": {"type": "Polygon", "coordinates": [[[28.75, 39.75], [29.0, 39.75], [29.0, 40.0], [28.75, 40.0], [28.75, 39.75]]]}, "properties": {"risk_index": 71, "annual_rate": 0.8505, "max_mag": 4.0, "n_events": 31, "n_recent": 4}}, {"type": "Feature", "geometry": {"type": "Polygon", "coordinates": [[[31.0, 38.0], [31.25, 38.0], [31.25, 38.25], [31.0, 38.25], [31.0, 38.0]]]}, "properties": {"risk_index": 71, "annual_rate": 0.7956, "max_mag": 4.0, "n_events": 29, "n_recent": 4}}, {"type": "Feature", "geometry": {"type": "Polygon", "coordinates": [[[29.25, 36.0], [29.5, 36.0], [29.5, 36.25], [29.25, 36.25], [29.25, 36.0]]]}, "properties": {"risk_index": 71, "annual_rate": 0.7956, "max_mag": 4.0, "n_events": 29, "n_recent": 3}}, {"type": "Feature", "geometry": {"type": "Polygon", "coordinates": [[[40.75, 42.25], [41.0, 42.25], [41.0, 42.5], [40.75, 42.5], [40.75, 42.25]]]}, "properties": {"risk_index": 71, "annual_rate": 0.2744, "max_mag": 5.4, "n_events": 10, "n_recent": 0}}, {"type": "Feature", "geometry": {"type": "Polygon", "coordinates": [[[30.5, 36.75], [30.75, 36.75], [30.75, 37.0], [30.5, 37.0], [30.5, 36.75]]]}, "properties": {"risk_index": 71, "annual_rate": 0.5213, "max_mag": 4.3, "n_events": 19, "n_recent": 2}}, {"type": "Feature", "geometry": {"type": "Polygon", "coordinates": [[[28.5, 39.0], [28.75, 39.0], [28.75, 39.25], [28.5, 39.25], [28.5, 39.0]]]}, "properties": {"risk_index": 71, "annual_rate": 0.7956, "max_mag": 4.0, "n_events": 29, "n_recent": 0}}, {"type": "Feature", "geometry": {"type": "Polygon", "coordinates": [[[29.75, 36.0], [30.0, 36.0], [30.0, 36.25], [29.75, 36.25], [29.75, 36.0]]]}, "properties": {"risk_index": 71, "annual_rate": 0.2744, "max_mag": 5.2, "n_events": 10, "n_recent": 1}}, {"type": "Feature", "geometry": {"type": "Polygon", "coordinates": [[[37.75, 39.0], [38.0, 39.0], [38.0, 39.25], [37.75, 39.25], [37.75, 39.0]]]}, "properties": {"risk_index": 71, "annual_rate": 0.439, "max_mag": 4.5, "n_events": 16, "n_recent": 7}}, {"type": "Feature", "geometry": {"type": "Polygon", "coordinates": [[[31.0, 35.5], [31.25, 35.5], [31.25, 35.75], [31.0, 35.75], [31.0, 35.5]]]}, "properties": {"risk_index": 71, "annual_rate": 0.5487, "max_mag": 4.3, "n_events": 20, "n_recent": 8}}, {"type": "Feature", "geometry": {"type": "Polygon", "coordinates": [[[40.75, 41.0], [41.0, 41.0], [41.0, 41.25], [40.75, 41.25], [40.75, 41.0]]]}, "properties": {"risk_index": 71, "annual_rate": 0.3841, "max_mag": 4.7, "n_events": 14, "n_recent": 1}}, {"type": "Feature", "geometry": {"type": "Polygon", "coordinates": [[[29.25, 36.5], [29.5, 36.5], [29.5, 36.75], [29.25, 36.75], [29.25, 36.5]]]}, "properties": {"risk_index": 71, "annual_rate": 0.5213, "max_mag": 4.3, "n_events": 19, "n_recent": 4}}, {"type": "Feature", "geometry": {"type": "Polygon", "coordinates": [[[33.0, 39.0], [33.25, 39.0], [33.25, 39.25], [33.0, 39.25], [33.0, 39.0]]]}, "properties": {"risk_index": 71, "annual_rate": 0.5762, "max_mag": 4.2, "n_events": 21, "n_recent": 1}}, {"type": "Feature", "geometry": {"type": "Polygon", "coordinates": [[[34.0, 41.0], [34.25, 41.0], [34.25, 41.25], [34.0, 41.25], [34.0, 41.0]]]}, "properties": {"risk_index": 71, "annual_rate": 0.7956, "max_mag": 4.0, "n_events": 29, "n_recent": 2}}, {"type": "Feature", "geometry": {"type": "Polygon", "coordinates": [[[39.5, 39.25], [39.75, 39.25], [39.75, 39.5], [39.5, 39.5], [39.5, 39.25]]]}, "properties": {"risk_index": 71, "annual_rate": 0.5487, "max_mag": 4.3, "n_events": 20, "n_recent": 0}}, {"type": "Feature", "geometry": {"type": "Polygon", "coordinates": [[[25.75, 35.5], [26.0, 35.5], [26.0, 35.75], [25.75, 35.75], [25.75, 35.5]]]}, "properties": {"risk_index": 71, "annual_rate": 0.2469, "max_mag": 6.0, "n_events": 9, "n_recent": 5}}, {"type": "Feature", "geometry": {"type": "Polygon", "coordinates": [[[30.75, 38.75], [31.0, 38.75], [31.0, 39.0], [30.75, 39.0], [30.75, 38.75]]]}, "properties": {"risk_index": 71, "annual_rate": 0.5762, "max_mag": 4.2, "n_events": 21, "n_recent": 0}}, {"type": "Feature", "geometry": {"type": "Polygon", "coordinates": [[[44.0, 39.0], [44.25, 39.0], [44.25, 39.25], [44.0, 39.25], [44.0, 39.0]]]}, "properties": {"risk_index": 71, "annual_rate": 0.439, "max_mag": 4.5, "n_events": 16, "n_recent": 4}}, {"type": "Feature", "geometry": {"type": "Polygon", "coordinates": [[[26.75, 38.25], [27.0, 38.25], [27.0, 38.5], [26.75, 38.5], [26.75, 38.25]]]}, "properties": {"risk_index": 71, "annual_rate": 1.7285, "max_mag": 3.7, "n_events": 63, "n_recent": 8}}, {"type": "Feature", "geometry": {"type": "Polygon", "coordinates": [[[43.5, 37.5], [43.75, 37.5], [43.75, 37.75], [43.5, 37.75], [43.5, 37.5]]]}, "properties": {"risk_index": 71, "annual_rate": 0.6859, "max_mag": 4.1, "n_events": 25, "n_recent": 4}}, {"type": "Feature", "geometry": {"type": "Polygon", "coordinates": [[[40.75, 39.5], [41.0, 39.5], [41.0, 39.75], [40.75, 39.75], [40.75, 39.5]]]}, "properties": {"risk_index": 71, "annual_rate": 0.3018, "max_mag": 5.1, "n_events": 11, "n_recent": 2}}, {"type": "Feature", "geometry": {"type": "Polygon", "coordinates": [[[35.0, 40.75], [35.25, 40.75], [35.25, 41.0], [35.0, 41.0], [35.0, 40.75]]]}, "properties": {"risk_index": 71, "annual_rate": 0.4664, "max_mag": 4.4, "n_events": 17, "n_recent": 5}}, {"type": "Feature", "geometry": {"type": "Polygon", "coordinates": [[[41.0, 38.75], [41.25, 38.75], [41.25, 39.0], [41.0, 39.0], [41.0, 38.75]]]}, "properties": {"risk_index": 71, "annual_rate": 0.4664, "max_mag": 4.4, "n_events": 17, "n_recent": 3}}, {"type": "Feature", "geometry": {"type": "Polygon", "coordinates": [[[34.25, 39.5], [34.5, 39.5], [34.5, 39.75], [34.25, 39.75], [34.25, 39.5]]]}, "properties": {"risk_index": 71, "annual_rate": 0.3292, "max_mag": 5.0, "n_events": 12, "n_recent": 3}}, {"type": "Feature", "geometry": {"type": "Polygon", "coordinates": [[[31.75, 37.0], [32.0, 37.0], [32.0, 37.25], [31.75, 37.25], [31.75, 37.0]]]}, "properties": {"risk_index": 71, "annual_rate": 0.3567, "max_mag": 4.8, "n_events": 13, "n_recent": 5}}, {"type": "Feature", "geometry": {"type": "Polygon", "coordinates": [[[42.75, 39.5], [43.0, 39.5], [43.0, 39.75], [42.75, 39.75], [42.75, 39.5]]]}, "properties": {"risk_index": 71, "annual_rate": 1.2895, "max_mag": 3.8, "n_events": 47, "n_recent": 1}}, {"type": "Feature", "geometry": {"type": "Polygon", "coordinates": [[[28.5, 40.0], [28.75, 40.0], [28.75, 40.25], [28.5, 40.25], [28.5, 40.0]]]}, "properties": {"risk_index": 71, "annual_rate": 0.5213, "max_mag": 4.3, "n_events": 19, "n_recent": 9}}, {"type": "Feature", "geometry": {"type": "Polygon", "coordinates": [[[30.0, 35.75], [30.25, 35.75], [30.25, 36.0], [30.0, 36.0], [30.0, 35.75]]]}, "properties": {"risk_index": 71, "annual_rate": 0.439, "max_mag": 4.5, "n_events": 16, "n_recent": 1}}, {"type": "Feature", "geometry": {"type": "Polygon", "coordinates": [[[28.5, 40.25], [28.75, 40.25], [28.75, 40.5], [28.5, 40.5], [28.5, 40.25]]]}, "properties": {"risk_index": 71, "annual_rate": 0.5487, "max_mag": 4.3, "n_events": 20, "n_recent": 4}}, {"type": "Feature", "geometry": {"type": "Polygon", "coordinates": [[[34.0, 40.0], [34.25, 40.0], [34.25, 40.25], [34.0, 40.25], [34.0, 40.0]]]}, "properties": {"risk_index": 70, "annual_rate": 0.7682, "max_mag": 4.0, "n_events": 28, "n_recent": 2}}, {"type": "Feature", "geometry": {"type": "Polygon", "coordinates": [[[32.75, 38.75], [33.0, 38.75], [33.0, 39.0], [32.75, 39.0], [32.75, 38.75]]]}, "properties": {"risk_index": 70, "annual_rate": 0.3292, "max_mag": 4.8, "n_events": 12, "n_recent": 4}}, {"type": "Feature", "geometry": {"type": "Polygon", "coordinates": [[[38.75, 37.0], [39.0, 37.0], [39.0, 37.25], [38.75, 37.25], [38.75, 37.0]]]}, "properties": {"risk_index": 70, "annual_rate": 1.1523, "max_mag": 3.8, "n_events": 42, "n_recent": 1}}, {"type": "Feature", "geometry": {"type": "Polygon", "coordinates": [[[34.25, 36.75], [34.5, 36.75], [34.5, 37.0], [34.25, 37.0], [34.25, 36.75]]]}, "properties": {"risk_index": 70, "annual_rate": 0.631, "max_mag": 4.1, "n_events": 23, "n_recent": 6}}, {"type": "Feature", "geometry": {"type": "Polygon", "coordinates": [[[33.75, 41.0], [34.0, 41.0], [34.0, 41.25], [33.75, 41.25], [33.75, 41.0]]]}, "properties": {"risk_index": 70, "annual_rate": 0.4115, "max_mag": 4.5, "n_events": 15, "n_recent": 3}}, {"type": "Feature", "geometry": {"type": "Polygon", "coordinates": [[[34.0, 40.25], [34.25, 40.25], [34.25, 40.5], [34.0, 40.5], [34.0, 40.25]]]}, "properties": {"risk_index": 70, "annual_rate": 0.6036, "max_mag": 4.1, "n_events": 22, "n_recent": 4}}, {"type": "Feature", "geometry": {"type": "Polygon", "coordinates": [[[27.25, 40.75], [27.5, 40.75], [27.5, 41.0], [27.25, 41.0], [27.25, 40.75]]]}, "properties": {"risk_index": 70, "annual_rate": 0.9603, "max_mag": 3.9, "n_events": 35, "n_recent": 5}}, {"type": "Feature", "geometry": {"type": "Polygon", "coordinates": [[[26.0, 36.5], [26.25, 36.5], [26.25, 36.75], [26.0, 36.75], [26.0, 36.5]]]}, "properties": {"risk_index": 70, "annual_rate": 0.2744, "max_mag": 5.1, "n_events": 10, "n_recent": 3}}, {"type": "Feature", "geometry": {"type": "Polygon", "coordinates": [[[35.0, 37.75], [35.25, 37.75], [35.25, 38.0], [35.0, 38.0], [35.0, 37.75]]]}, "properties": {"risk_index": 70, "annual_rate": 0.4938, "max_mag": 4.3, "n_events": 18, "n_recent": 1}}, {"type": "Feature", "geometry": {"type": "Polygon", "coordinates": [[[26.25, 40.0], [26.5, 40.0], [26.5, 40.25], [26.25, 40.25], [26.25, 40.0]]]}, "properties": {"risk_index": 70, "annual_rate": 0.3292, "max_mag": 4.8, "n_events": 12, "n_recent": 1}}, {"type": "Feature", "geometry": {"type": "Polygon", "coordinates": [[[44.75, 37.0], [45.0, 37.0], [45.0, 37.25], [44.75, 37.25], [44.75, 37.0]]]}, "properties": {"risk_index": 70, "annual_rate": 0.3292, "max_mag": 4.8, "n_events": 12, "n_recent": 6}}, {"type": "Feature", "geometry": {"type": "Polygon", "coordinates": [[[30.0, 40.25], [30.25, 40.25], [30.25, 40.5], [30.0, 40.5], [30.0, 40.25]]]}, "properties": {"risk_index": 70, "annual_rate": 0.4115, "max_mag": 4.5, "n_events": 15, "n_recent": 1}}, {"type": "Feature", "geometry": {"type": "Polygon", "coordinates": [[[29.25, 36.25], [29.5, 36.25], [29.5, 36.5], [29.25, 36.5], [29.25, 36.25]]]}, "properties": {"risk_index": 70, "annual_rate": 0.631, "max_mag": 4.1, "n_events": 23, "n_recent": 3}}, {"type": "Feature", "geometry": {"type": "Polygon", "coordinates": [[[44.25, 38.75], [44.5, 38.75], [44.5, 39.0], [44.25, 39.0], [44.25, 38.75]]]}, "properties": {"risk_index": 70, "annual_rate": 0.4115, "max_mag": 4.5, "n_events": 15, "n_recent": 3}}, {"type": "Feature", "geometry": {"type": "Polygon", "coordinates": [[[25.75, 38.5], [26.0, 38.5], [26.0, 38.75], [25.75, 38.75], [25.75, 38.5]]]}, "properties": {"risk_index": 70, "annual_rate": 1.1797, "max_mag": 3.8, "n_events": 43, "n_recent": 1}}, {"type": "Feature", "geometry": {"type": "Polygon", "coordinates": [[[41.0, 39.75], [41.25, 39.75], [41.25, 40.0], [41.0, 40.0], [41.0, 39.75]]]}, "properties": {"risk_index": 69, "annual_rate": 0.6859, "max_mag": 4.0, "n_events": 25, "n_recent": 5}}, {"type": "Feature", "geometry": {"type": "Polygon", "coordinates": [[[31.25, 36.25], [31.5, 36.25], [31.5, 36.5], [31.25, 36.5], [31.25, 36.25]]]}, "properties": {"risk_index": 69, "annual_rate": 0.4664, "max_mag": 4.3, "n_events": 17, "n_recent": 4}}, {"type": "Feature", "geometry": {"type": "Polygon", "coordinates": [[[42.0, 40.25], [42.25, 40.25], [42.25, 40.5], [42.0, 40.5], [42.0, 40.25]]]}, "properties": {"risk_index": 69, "annual_rate": 0.5213, "max_mag": 4.2, "n_events": 19, "n_recent": 6}}, {"type": "Feature", "geometry": {"type": "Polygon", "coordinates": [[[42.25, 37.25], [42.5, 37.25], [42.5, 37.5], [42.25, 37.5], [42.25, 37.25]]]}, "properties": {"risk_index": 69, "annual_rate": 0.5762, "max_mag": 4.1, "n_events": 21, "n_recent": 3}}, {"type": "Feature", "geometry": {"type": "Polygon", "coordinates": [[[28.25, 40.25], [28.5, 40.25], [28.5, 40.5], [28.25, 40.5], [28.25, 40.25]]]}, "properties": {"risk_index": 69, "annual_rate": 0.4938, "max_mag": 4.2, "n_events": 18, "n_recent": 6}}, {"type": "Feature", "geometry": {"type": "Polygon", "coordinates": [[[32.75, 40.25], [33.0, 40.25], [33.0, 40.5], [32.75, 40.5], [32.75, 40.25]]]}, "properties": {"risk_index": 69, "annual_rate": 1.0151, "max_mag": 3.8, "n_events": 37, "n_recent": 4}}, {"type": "Feature", "geometry": {"type": "Polygon", "coordinates": [[[30.25, 37.75], [30.5, 37.75], [30.5, 38.0], [30.25, 38.0], [30.25, 37.75]]]}, "properties": {"risk_index": 69, "annual_rate": 0.5762, "max_mag": 4.1, "n_events": 21, "n_recent": 0}}, {"type": "Feature", "geometry": {"type": "Polygon", "coordinates": [[[30.5, 37.75], [30.75, 37.75], [30.75, 38.0], [30.5, 38.0], [30.5, 37.75]]]}, "properties": {"risk_index": 69, "annual_rate": 0.6585, "max_mag": 4.0, "n_events": 24, "n_recent": 1}}, {"type": "Feature", "geometry": {"type": "Polygon", "coordinates": [[[26.75, 40.0], [27.0, 40.0], [27.0, 40.25], [26.75, 40.25], [26.75, 40.0]]]}, "properties": {"risk_index": 69, "annual_rate": 0.4938, "max_mag": 4.2, "n_events": 18, "n_recent": 0}}, {"type": "Feature", "geometry": {"type": "Polygon", "coordinates": [[[32.5, 39.5], [32.75, 39.5], [32.75, 39.75], [32.5, 39.75], [32.5, 39.5]]]}, "properties": {"risk_index": 69, "annual_rate": 0.3018, "max_mag": 4.8, "n_events": 11, "n_recent": 0}}, {"type": "Feature", "geometry": {"type": "Polygon", "coordinates": [[[31.25, 38.25], [31.5, 38.25], [31.5, 38.5], [31.25, 38.5], [31.25, 38.25]]]}, "properties": {"risk_index": 69, "annual_rate": 0.2195, "max_mag": 6.1, "n_events": 8, "n_recent": 0}}, {"type": "Feature", "geometry": {"type": "Polygon", "coordinates": [[[41.75, 38.25], [42.0, 38.25], [42.0, 38.5], [41.75, 38.5], [41.75, 38.25]]]}, "properties": {"risk_index": 69, "annual_rate": 0.4938, "max_mag": 4.2, "n_events": 18, "n_recent": 6}}, {"type": "Feature", "geometry": {"type": "Polygon", "coordinates": [[[36.0, 40.75], [36.25, 40.75], [36.25, 41.0], [36.0, 41.0], [36.0, 40.75]]]}, "properties": {"risk_index": 69, "annual_rate": 0.3567, "max_mag": 4.6, "n_events": 13, "n_recent": 2}}, {"type": "Feature", "geometry": {"type": "Polygon", "coordinates": [[[38.75, 37.25], [39.0, 37.25], [39.0, 37.5], [38.75, 37.5], [38.75, 37.25]]]}, "properties": {"risk_index": 69, "annual_rate": 0.5762, "max_mag": 4.1, "n_events": 21, "n_recent": 1}}, {"type": "Feature", "geometry": {"type": "Polygon", "coordinates": [[[28.0, 39.5], [28.25, 39.5], [28.25, 39.75], [28.0, 39.75], [28.0, 39.5]]]}, "properties": {"risk_index": 69, "annual_rate": 0.4938, "max_mag": 4.2, "n_events": 18, "n_recent": 4}}, {"type": "Feature", "geometry": {"type": "Polygon", "coordinates": [[[34.25, 36.5], [34.5, 36.5], [34.5, 36.75], [34.25, 36.75], [34.25, 36.5]]]}, "properties": {"risk_index": 69, "annual_rate": 0.3292, "max_mag": 4.7, "n_events": 12, "n_recent": 2}}, {"type": "Feature", "geometry": {"type": "Polygon", "coordinates": [[[40.25, 38.25], [40.5, 38.25], [40.5, 38.5], [40.25, 38.5], [40.25, 38.25]]]}, "properties": {"risk_index": 69, "annual_rate": 0.439, "max_mag": 4.4, "n_events": 16, "n_recent": 7}}, {"type": "Feature", "geometry": {"type": "Polygon", "coordinates": [[[28.0, 38.0], [28.25, 38.0], [28.25, 38.25], [28.0, 38.25], [28.0, 38.0]]]}, "properties": {"risk_index": 69, "annual_rate": 0.2744, "max_mag": 5.0, "n_events": 10, "n_recent": 0}}, {"type": "Feature", "geometry": {"type": "Polygon", "coordinates": [[[43.5, 38.25], [43.75, 38.25], [43.75, 38.5], [43.5, 38.5], [43.5, 38.25]]]}, "properties": {"risk_index": 69, "annual_rate": 0.5213, "max_mag": 4.2, "n_events": 19, "n_recent": 0}}, {"type": "Feature", "geometry": {"type": "Polygon", "coordinates": [[[30.25, 36.75], [30.5, 36.75], [30.5, 37.0], [30.25, 37.0], [30.25, 36.75]]]}, "properties": {"risk_index": 69, "annual_rate": 0.4664, "max_mag": 4.3, "n_events": 17, "n_recent": 3}}, {"type": "Feature", "geometry": {"type": "Polygon", "coordinates": [[[27.5, 39.75], [27.75, 39.75], [27.75, 40.0], [27.5, 40.0], [27.5, 39.75]]]}, "properties": {"risk_index": 68, "annual_rate": 0.5487, "max_mag": 4.1, "n_events": 20, "n_recent": 2}}, {"type": "Feature", "geometry": {"type": "Polygon", "coordinates": [[[27.25, 39.75], [27.5, 39.75], [27.5, 40.0], [27.25, 40.0], [27.25, 39.75]]]}, "properties": {"risk_index": 68, "annual_rate": 0.2744, "max_mag": 4.9, "n_events": 10, "n_recent": 1}}, {"type": "Feature", "geometry": {"type": "Polygon", "coordinates": [[[34.25, 41.0], [34.5, 41.0], [34.5, 41.25], [34.25, 41.25], [34.25, 41.0]]]}, "properties": {"risk_index": 68, "annual_rate": 0.7408, "max_mag": 3.9, "n_events": 27, "n_recent": 4}}, {"type": "Feature", "geometry": {"type": "Polygon", "coordinates": [[[37.5, 39.5], [37.75, 39.5], [37.75, 39.75], [37.5, 39.75], [37.5, 39.5]]]}, "properties": {"risk_index": 68, "annual_rate": 0.3292, "max_mag": 4.6, "n_events": 12, "n_recent": 3}}, {"type": "Feature", "geometry": {"type": "Polygon", "coordinates": [[[28.5, 37.75], [28.75, 37.75], [28.75, 38.0], [28.5, 38.0], [28.5, 37.75]]]}, "properties": {"risk_index": 68, "annual_rate": 0.5213, "max_mag": 4.1, "n_events": 19, "n_recent": 3}}, {"type": "Feature", "geometry": {"type": "Polygon", "coordinates": [[[42.25, 36.5], [42.5, 36.5], [42.5, 36.75], [42.25, 36.75], [42.25, 36.5]]]}, "properties": {"risk_index": 68, "annual_rate": 0.439, "max_mag": 4.3, "n_events": 16, "n_recent": 3}}, {"type": "Feature", "geometry": {"type": "Polygon", "coordinates": [[[31.75, 35.75], [32.0, 35.75], [32.0, 36.0], [31.75, 36.0], [31.75, 35.75]]]}, "properties": {"risk_index": 68, "annual_rate": 0.3292, "max_mag": 4.6, "n_events": 12, "n_recent": 4}}, {"type": "Feature", "geometry": {"type": "Polygon", "coordinates": [[[30.0, 38.75], [30.25, 38.75], [30.25, 39.0], [30.0, 39.0], [30.0, 38.75]]]}, "properties": {"risk_index": 68, "annual_rate": 0.4664, "max_mag": 4.2, "n_events": 17, "n_recent": 5}}, {"type": "Feature", "geometry": {"type": "Polygon", "coordinates": [[[42.5, 37.0], [42.75, 37.0], [42.75, 37.25], [42.5, 37.25], [42.5, 37.0]]]}, "properties": {"risk_index": 68, "annual_rate": 0.3292, "max_mag": 4.6, "n_events": 12, "n_recent": 1}}, {"type": "Feature", "geometry": {"type": "Polygon", "coordinates": [[[30.25, 37.5], [30.5, 37.5], [30.5, 37.75], [30.25, 37.75], [30.25, 37.5]]]}, "properties": {"risk_index": 68, "annual_rate": 0.4664, "max_mag": 4.2, "n_events": 17, "n_recent": 0}}, {"type": "Feature", "geometry": {"type": "Polygon", "coordinates": [[[28.0, 40.25], [28.25, 40.25], [28.25, 40.5], [28.0, 40.5], [28.0, 40.25]]]}, "properties": {"risk_index": 68, "annual_rate": 0.5487, "max_mag": 4.1, "n_events": 20, "n_recent": 2}}, {"type": "Feature", "geometry": {"type": "Polygon", "coordinates": [[[30.5, 39.75], [30.75, 39.75], [30.75, 40.0], [30.5, 40.0], [30.5, 39.75]]]}, "properties": {"risk_index": 68, "annual_rate": 0.6036, "max_mag": 4.0, "n_events": 22, "n_recent": 0}}, {"type": "Feature", "geometry": {"type": "Polygon", "coordinates": [[[39.75, 38.75], [40.0, 38.75], [40.0, 39.0], [39.75, 39.0], [39.75, 38.75]]]}, "properties": {"risk_index": 68, "annual_rate": 0.7956, "max_mag": 3.9, "n_events": 29, "n_recent": 4}}, {"type": "Feature", "geometry": {"type": "Polygon", "coordinates": [[[44.5, 39.25], [44.75, 39.25], [44.75, 39.5], [44.5, 39.5], [44.5, 39.25]]]}, "properties": {"risk_index": 68, "annual_rate": 0.4115, "max_mag": 4.4, "n_events": 15, "n_recent": 8}}, {"type": "Feature", "geometry": {"type": "Polygon", "coordinates": [[[27.25, 36.25], [27.5, 36.25], [27.5, 36.5], [27.25, 36.5], [27.25, 36.25]]]}, "properties": {"risk_index": 68, "annual_rate": 0.6036, "max_mag": 4.0, "n_events": 22, "n_recent": 4}}, {"type": "Feature", "geometry": {"type": "Polygon", "coordinates": [[[30.75, 36.5], [31.0, 36.5], [31.0, 36.75], [30.75, 36.75], [30.75, 36.5]]]}, "properties": {"risk_index": 68, "annual_rate": 0.3292, "max_mag": 4.6, "n_events": 12, "n_recent": 1}}, {"type": "Feature", "geometry": {"type": "Polygon", "coordinates": [[[32.25, 37.75], [32.5, 37.75], [32.5, 38.0], [32.25, 38.0], [32.25, 37.75]]]}, "properties": {"risk_index": 68, "annual_rate": 0.4115, "max_mag": 4.4, "n_events": 15, "n_recent": 1}}, {"type": "Feature", "geometry": {"type": "Polygon", "coordinates": [[[42.5, 37.25], [42.75, 37.25], [42.75, 37.5], [42.5, 37.5], [42.5, 37.25]]]}, "properties": {"risk_index": 68, "annual_rate": 1.1249, "max_mag": 3.7, "n_events": 41, "n_recent": 2}}, {"type": "Feature", "geometry": {"type": "Polygon", "coordinates": [[[34.0, 38.0], [34.25, 38.0], [34.25, 38.25], [34.0, 38.25], [34.0, 38.0]]]}, "properties": {"risk_index": 68, "annual_rate": 0.2469, "max_mag": 5.1, "n_events": 9, "n_recent": 8}}, {"type": "Feature", "geometry": {"type": "Polygon", "coordinates": [[[25.75, 35.75], [26.0, 35.75], [26.0, 36.0], [25.75, 36.0], [25.75, 35.75]]]}, "properties": {"risk_index": 67, "annual_rate": 0.3567, "max_mag": 4.4, "n_events": 13, "n_recent": 11}}, {"type": "Feature", "geometry": {"type": "Polygon", "coordinates": [[[38.75, 37.5], [39.0, 37.5], [39.0, 37.75], [38.75, 37.75], [38.75, 37.5]]]}, "properties": {"risk_index": 67, "annual_rate": 0.5762, "max_mag": 4.0, "n_events": 21, "n_recent": 0}}, {"type": "Feature", "geometry": {"type": "Polygon", "coordinates": [[[25.75, 38.0], [26.0, 38.0], [26.0, 38.25], [25.75, 38.25], [25.75, 38.0]]]}, "properties": {"risk_index": 67, "annual_rate": 0.6859, "max_mag": 3.9, "n_events": 25, "n_recent": 11}}, {"type": "Feature", "geometry": {"type": "Polygon", "coordinates": [[[26.5, 39.5], [26.75, 39.5], [26.75, 39.75], [26.5, 39.75], [26.5, 39.5]]]}, "properties": {"risk_index": 67, "annual_rate": 0.3567, "max_mag": 4.4, "n_events": 13, "n_recent": 3}}, {"type": "Feature", "geometry": {"type": "Polygon", "coordinates": [[[27.25, 39.5], [27.5, 39.5], [27.5, 39.75], [27.25, 39.75], [27.25, 39.5]]]}, "properties": {"risk_index": 67, "annual_rate": 0.2744, "max_mag": 4.8, "n_events": 10, "n_recent": 1}}, {"type": "Feature", "geometry": {"type": "Polygon", "coordinates": [[[44.0, 37.25], [44.25, 37.25], [44.25, 37.5], [44.0, 37.5], [44.0, 37.25]]]}, "properties": {"risk_index": 67, "annual_rate": 0.2744, "max_mag": 4.8, "n_events": 10, "n_recent": 3}}, {"type": "Feature", "geometry": {"type": "Polygon", "coordinates": [[[33.0, 41.0], [33.25, 41.0], [33.25, 41.25], [33.0, 41.25], [33.0, 41.0]]]}, "properties": {"risk_index": 67, "annual_rate": 0.5762, "max_mag": 4.0, "n_events": 21, "n_recent": 1}}, {"type": "Feature", "geometry": {"type": "Polygon", "coordinates": [[[38.75, 40.0], [39.0, 40.0], [39.0, 40.25], [38.75, 40.25], [38.75, 40.0]]]}, "properties": {"risk_index": 67, "annual_rate": 0.8505, "max_mag": 3.8, "n_events": 31, "n_recent": 1}}, {"type": "Feature", "geometry": {"type": "Polygon", "coordinates": [[[28.25, 36.5], [28.5, 36.5], [28.5, 36.75], [28.25, 36.75], [28.25, 36.5]]]}, "properties": {"risk_index": 67, "annual_rate": 0.6859, "max_mag": 3.9, "n_events": 25, "n_recent": 3}}, {"type": "Feature", "geometry": {"type": "Polygon", "coordinates": [[[26.75, 36.0], [27.0, 36.0], [27.0, 36.25], [26.75, 36.25], [26.75, 36.0]]]}, "properties": {"risk_index": 67, "annual_rate": 0.3018, "max_mag": 4.6, "n_events": 11, "n_recent": 5}}, {"type": "Feature", "geometry": {"type": "Polygon", "coordinates": [[[25.5, 40.5], [25.75, 40.5], [25.75, 40.75], [25.5, 40.75], [25.5, 40.5]]]}, "properties": {"risk_index": 67, "annual_rate": 0.5762, "max_mag": 4.0, "n_events": 21, "n_recent": 1}}, {"type": "Feature", "geometry": {"type": "Polygon", "coordinates": [[[36.5, 36.5], [36.75, 36.5], [36.75, 36.75], [36.5, 36.75], [36.5, 36.5]]]}, "properties": {"risk_index": 67, "annual_rate": 0.6859, "max_mag": 3.9, "n_events": 25, "n_recent": 10}}, {"type": "Feature", "geometry": {"type": "Polygon", "coordinates": [[[37.0, 40.5], [37.25, 40.5], [37.25, 40.75], [37.0, 40.75], [37.0, 40.5]]]}, "properties": {"risk_index": 67, "annual_rate": 0.7133, "max_mag": 3.9, "n_events": 26, "n_recent": 1}}, {"type": "Feature", "geometry": {"type": "Polygon", "coordinates": [[[33.0, 38.75], [33.25, 38.75], [33.25, 39.0], [33.0, 39.0], [33.0, 38.75]]]}, "properties": {"risk_index": 67, "annual_rate": 0.3567, "max_mag": 4.4, "n_events": 13, "n_recent": 0}}, {"type": "Feature", "geometry": {"type": "Polygon", "coordinates": [[[26.25, 35.5], [26.5, 35.5], [26.5, 35.75], [26.25, 35.75], [26.25, 35.5]]]}, "properties": {"risk_index": 66, "annual_rate": 0.4115, "max_mag": 4.2, "n_events": 15, "n_recent": 11}}, {"type": "Feature", "geometry": {"type": "Polygon", "coordinates": [[[39.25, 38.0], [39.5, 38.0], [39.5, 38.25], [39.25, 38.25], [39.25, 38.0]]]}, "properties": {"risk_index": 66, "annual_rate": 0.4115, "max_mag": 4.2, "n_events": 15, "n_recent": 3}}, {"type": "Feature", "geometry": {"type": "Polygon", "coordinates": [[[28.25, 35.5], [28.5, 35.5], [28.5, 35.75], [28.25, 35.75], [28.25, 35.5]]]}, "properties": {"risk_index": 66, "annual_rate": 0.5213, "max_mag": 4.0, "n_events": 19, "n_recent": 8}}, {"type": "Feature", "geometry": {"type": "Polygon", "coordinates": [[[30.25, 38.5], [30.5, 38.5], [30.5, 38.75], [30.25, 38.75], [30.25, 38.5]]]}, "properties": {"risk_index": 66, "annual_rate": 0.9603, "max_mag": 3.7, "n_events": 35, "n_recent": 1}}, {"type": "Feature", "geometry": {"type": "Polygon", "coordinates": [[[43.5, 41.0], [43.75, 41.0], [43.75, 41.25], [43.5, 41.25], [43.5, 41.0]]]}, "properties": {"risk_index": 66, "annual_rate": 0.4115, "max_mag": 4.2, "n_events": 15, "n_recent": 4}}, {"type": "Feature", "geometry": {"type": "Polygon", "coordinates": [[[32.5, 38.0], [32.75, 38.0], [32.75, 38.25], [32.5, 38.25], [32.5, 38.0]]]}, "properties": {"risk_index": 66, "annual_rate": 0.2195, "max_mag": 5.0, "n_events": 8, "n_recent": 4}}, {"type": "Feature", "geometry": {"type": "Polygon", "coordinates": [[[35.0, 41.0], [35.25, 41.0], [35.25, 41.25], [35.0, 41.25], [35.0, 41.0]]]}, "properties": {"risk_index": 66, "annual_rate": 0.5487, "max_mag": 4.0, "n_events": 20, "n_recent": 1}}, {"type": "Feature", "geometry": {"type": "Polygon", "coordinates": [[[26.25, 39.0], [26.5, 39.0], [26.5, 39.25], [26.25, 39.25], [26.25, 39.0]]]}, "properties": {"risk_index": 66, "annual_rate": 0.9877, "max_mag": 3.7, "n_events": 36, "n_recent": 1}}, {"type": "Feature", "geometry": {"type": "Polygon", "coordinates": [[[35.5, 36.25], [35.75, 36.25], [35.75, 36.5], [35.5, 36.5], [35.5, 36.25]]]}, "properties": {"risk_index": 66, "annual_rate": 0.5213, "max_mag": 4.0, "n_events": 19, "n_recent": 4}}, {"type": "Feature", "geometry": {"type": "Polygon", "coordinates": [[[28.5, 36.0], [28.75, 36.0], [28.75, 36.25], [28.5, 36.25], [28.5, 36.0]]]}, "properties": {"risk_index": 66, "annual_rate": 0.9877, "max_mag": 3.7, "n_events": 36, "n_recent": 3}}, {"type": "Feature", "geometry": {"type": "Polygon", "coordinates": [[[43.25, 37.5], [43.5, 37.5], [43.5, 37.75], [43.25, 37.75], [43.25, 37.5]]]}, "properties": {"risk_index": 66, "annual_rate": 0.2469, "max_mag": 4.8, "n_events": 9, "n_recent": 1}}, {"type": "Feature", "geometry": {"type": "Polygon", "coordinates": [[[35.25, 40.75], [35.5, 40.75], [35.5, 41.0], [35.25, 41.0], [35.25, 40.75]]]}, "properties": {"risk_index": 66, "annual_rate": 0.4664, "max_mag": 4.1, "n_events": 17, "n_recent": 1}}, {"type": "Feature", "geometry": {"type": "Polygon", "coordinates": [[[43.75, 39.0], [44.0, 39.0], [44.0, 39.25], [43.75, 39.25], [43.75, 39.0]]]}, "properties": {"risk_index": 66, "annual_rate": 0.5213, "max_mag": 4.0, "n_events": 19, "n_recent": 3}}, {"type": "Feature", "geometry": {"type": "Polygon", "coordinates": [[[39.5, 38.25], [39.75, 38.25], [39.75, 38.5], [39.5, 38.5], [39.5, 38.25]]]}, "properties": {"risk_index": 66, "annual_rate": 0.6585, "max_mag": 3.9, "n_events": 24, "n_recent": 5}}, {"type": "Feature", "geometry": {"type": "Polygon", "coordinates": [[[31.5, 36.0], [31.75, 36.0], [31.75, 36.25], [31.5, 36.25], [31.5, 36.0]]]}, "properties": {"risk_index": 66, "annual_rate": 0.5213, "max_mag": 4.0, "n_events": 19, "n_recent": 2}}, {"type": "Feature", "geometry": {"type": "Polygon", "coordinates": [[[30.25, 39.75], [30.5, 39.75], [30.5, 40.0], [30.25, 40.0], [30.25, 39.75]]]}, "properties": {"risk_index": 66, "annual_rate": 0.4664, "max_mag": 4.1, "n_events": 17, "n_recent": 4}}, {"type": "Feature", "geometry": {"type": "Polygon", "coordinates": [[[43.75, 39.25], [44.0, 39.25], [44.0, 39.5], [43.75, 39.5], [43.75, 39.25]]]}, "properties": {"risk_index": 66, "annual_rate": 0.5487, "max_mag": 4.0, "n_events": 20, "n_recent": 1}}, {"type": "Feature", "geometry": {"type": "Polygon", "coordinates": [[[35.25, 37.25], [35.5, 37.25], [35.5, 37.5], [35.25, 37.5], [35.25, 37.25]]]}, "properties": {"risk_index": 66, "annual_rate": 0.6585, "max_mag": 3.9, "n_events": 24, "n_recent": 3}}, {"type": "Feature", "geometry": {"type": "Polygon", "coordinates": [[[39.75, 40.0], [40.0, 40.0], [40.0, 40.25], [39.75, 40.25], [39.75, 40.0]]]}, "properties": {"risk_index": 66, "annual_rate": 0.631, "max_mag": 3.9, "n_events": 23, "n_recent": 2}}, {"type": "Feature", "geometry": {"type": "Polygon", "coordinates": [[[42.75, 40.0], [43.0, 40.0], [43.0, 40.25], [42.75, 40.25], [42.75, 40.0]]]}, "properties": {"risk_index": 66, "annual_rate": 0.2195, "max_mag": 5.0, "n_events": 8, "n_recent": 3}}, {"type": "Feature", "geometry": {"type": "Polygon", "coordinates": [[[35.0, 36.5], [35.25, 36.5], [35.25, 36.75], [35.0, 36.75], [35.0, 36.5]]]}, "properties": {"risk_index": 66, "annual_rate": 0.2195, "max_mag": 5.0, "n_events": 8, "n_recent": 0}}, {"type": "Feature", "geometry": {"type": "Polygon", "coordinates": [[[28.0, 39.75], [28.25, 39.75], [28.25, 40.0], [28.0, 40.0], [28.0, 39.75]]]}, "properties": {"risk_index": 66, "annual_rate": 0.4664, "max_mag": 4.1, "n_events": 17, "n_recent": 6}}, {"type": "Feature", "geometry": {"type": "Polygon", "coordinates": [[[36.75, 37.75], [37.0, 37.75], [37.0, 38.0], [36.75, 38.0], [36.75, 37.75]]]}, "properties": {"risk_index": 65, "annual_rate": 0.3292, "max_mag": 4.4, "n_events": 12, "n_recent": 2}}, {"type": "Feature", "geometry": {"type": "Polygon", "coordinates": [[[29.0, 38.0], [29.25, 38.0], [29.25, 38.25], [29.0, 38.25], [29.0, 38.0]]]}, "properties": {"risk_index": 65, "annual_rate": 0.4938, "max_mag": 4.0, "n_events": 18, "n_recent": 5}}, {"type": "Feature", "geometry": {"type": "Polygon", "coordinates": [[[42.75, 37.0], [43.0, 37.0], [43.0, 37.25], [42.75, 37.25], [42.75, 37.0]]]}, "properties": {"risk_index": 65, "annual_rate": 0.439, "max_mag": 4.1, "n_events": 16, "n_recent": 5}}, {"type": "Feature", "geometry": {"type": "Polygon", "coordinates": [[[26.25, 38.0], [26.5, 38.0], [26.5, 38.25], [26.25, 38.25], [26.25, 38.0]]]}, "properties": {"risk_index": 65, "annual_rate": 0.6859, "max_mag": 3.8, "n_events": 25, "n_recent": 6}}, {"type": "Feature", "geometry": {"type": "Polygon", "coordinates": [[[37.0, 36.75], [37.25, 36.75], [37.25, 37.0], [37.0, 37.0], [37.0, 36.75]]]}, "properties": {"risk_index": 65, "annual_rate": 0.2469, "max_mag": 4.7, "n_events": 9, "n_recent": 0}}, {"type": "Feature", "geometry": {"type": "Polygon", "coordinates": [[[41.75, 38.5], [42.0, 38.5], [42.0, 38.75], [41.75, 38.75], [41.75, 38.5]]]}, "properties": {"risk_index": 65, "annual_rate": 0.2469, "max_mag": 4.7, "n_events": 9, "n_recent": 6}}, {"type": "Feature", "geometry": {"type": "Polygon", "coordinates": [[[34.0, 39.75], [34.25, 39.75], [34.25, 40.0], [34.0, 40.0], [34.0, 39.75]]]}, "properties": {"risk_index": 65, "annual_rate": 0.439, "max_mag": 4.1, "n_events": 16, "n_recent": 0}}, {"type": "Feature", "geometry": {"type": "Polygon", "coordinates": [[[28.0, 38.75], [28.25, 38.75], [28.25, 39.0], [28.0, 39.0], [28.0, 38.75]]]}, "properties": {"risk_index": 65, "annual_rate": 0.7408, "max_mag": 3.8, "n_events": 27, "n_recent": 5}}, {"type": "Feature", "geometry": {"type": "Polygon", "coordinates": [[[31.25, 36.75], [31.5, 36.75], [31.5, 37.0], [31.25, 37.0], [31.25, 36.75]]]}, "properties": {"risk_index": 65, "annual_rate": 0.2744, "max_mag": 4.6, "n_events": 10, "n_recent": 1}}, {"type": "Feature", "geometry": {"type": "Polygon", "coordinates": [[[29.0, 35.75], [29.25, 35.75], [29.25, 36.0], [29.0, 36.0], [29.0, 35.75]]]}, "properties": {"risk_index": 65, "annual_rate": 0.4938, "max_mag": 4.0, "n_events": 18, "n_recent": 5}}, {"type": "Feature", "geometry": {"type": "Polygon", "coordinates": [[[29.75, 40.0], [30.0, 40.0], [30.0, 40.25], [29.75, 40.25], [29.75, 40.0]]]}, "properties": {"risk_index": 65, "annual_rate": 0.2469, "max_mag": 4.7, "n_events": 9, "n_recent": 1}}, {"type": "Feature", "geometry": {"type": "Polygon", "coordinates": [[[42.5, 37.75], [42.75, 37.75], [42.75, 38.0], [42.5, 38.0], [42.5, 37.75]]]}, "properties": {"risk_index": 65, "annual_rate": 0.3567, "max_mag": 4.3, "n_events": 13, "n_recent": 0}}, {"type": "Feature", "geometry": {"type": "Polygon", "coordinates": [[[37.25, 37.0], [37.5, 37.0], [37.5, 37.25], [37.25, 37.25], [37.25, 37.0]]]}, "properties": {"risk_index": 65, "annual_rate": 1.3444, "max_mag": 3.5, "n_events": 49, "n_recent": 2}}, {"type": "Feature", "geometry": {"type": "Polygon", "coordinates": [[[26.0, 36.0], [26.25, 36.0], [26.25, 36.25], [26.0, 36.25], [26.0, 36.0]]]}, "properties": {"risk_index": 65, "annual_rate": 0.3018, "max_mag": 4.5, "n_events": 11, "n_recent": 3}}, {"type": "Feature", "geometry": {"type": "Polygon", "coordinates": [[[33.5, 41.0], [33.75, 41.0], [33.75, 41.25], [33.5, 41.25], [33.5, 41.0]]]}, "properties": {"risk_index": 65, "annual_rate": 0.3567, "max_mag": 4.3, "n_events": 13, "n_recent": 3}}, {"type": "Feature", "geometry": {"type": "Polygon", "coordinates": [[[33.25, 41.0], [33.5, 41.0], [33.5, 41.25], [33.25, 41.25], [33.25, 41.0]]]}, "properties": {"risk_index": 65, "annual_rate": 0.439, "max_mag": 4.1, "n_events": 16, "n_recent": 0}}, {"type": "Feature", "geometry": {"type": "Polygon", "coordinates": [[[35.5, 37.0], [35.75, 37.0], [35.75, 37.25], [35.5, 37.25], [35.5, 37.0]]]}, "properties": {"risk_index": 65, "annual_rate": 0.6859, "max_mag": 3.8, "n_events": 25, "n_recent": 2}}, {"type": "Feature", "geometry": {"type": "Polygon", "coordinates": [[[26.75, 39.25], [27.0, 39.25], [27.0, 39.5], [26.75, 39.5], [26.75, 39.25]]]}, "properties": {"risk_index": 65, "annual_rate": 0.6036, "max_mag": 3.9, "n_events": 22, "n_recent": 0}}, {"type": "Feature", "geometry": {"type": "Polygon", "coordinates": [[[44.25, 40.0], [44.5, 40.0], [44.5, 40.25], [44.25, 40.25], [44.25, 40.0]]]}, "properties": {"risk_index": 65, "annual_rate": 0.2195, "max_mag": 4.9, "n_events": 8, "n_recent": 3}}, {"type": "Feature", "geometry": {"type": "Polygon", "coordinates": [[[26.25, 36.75], [26.5, 36.75], [26.5, 37.0], [26.25, 37.0], [26.25, 36.75]]]}, "properties": {"risk_index": 65, "annual_rate": 0.7133, "max_mag": 3.8, "n_events": 26, "n_recent": 5}}, {"type": "Feature", "geometry": {"type": "Polygon", "coordinates": [[[25.75, 38.25], [26.0, 38.25], [26.0, 38.5], [25.75, 38.5], [25.75, 38.25]]]}, "properties": {"risk_index": 64, "annual_rate": 0.4115, "max_mag": 4.1, "n_events": 15, "n_recent": 5}}, {"type": "Feature", "geometry": {"type": "Polygon", "coordinates": [[[36.25, 36.0], [36.5, 36.0], [36.5, 36.25], [36.25, 36.25], [36.25, 36.0]]]}, "properties": {"risk_index": 64, "annual_rate": 0.4115, "max_mag": 4.1, "n_events": 15, "n_recent": 4}}, {"type": "Feature", "geometry": {"type": "Polygon", "coordinates": [[[30.0, 37.5], [30.25, 37.5], [30.25, 37.75], [30.0, 37.75], [30.0, 37.5]]]}, "properties": {"risk_index": 64, "annual_rate": 0.6585, "max_mag": 3.8, "n_events": 24, "n_recent": 7}}, {"type": "Feature", "geometry": {"type": "Polygon", "coordinates": [[[28.75, 36.75], [29.0, 36.75], [29.0, 37.0], [28.75, 37.0], [28.75, 36.75]]]}, "properties": {"risk_index": 64, "annual_rate": 0.9603, "max_mag": 3.6, "n_events": 35, "n_recent": 8}}, {"type": "Feature", "geometry": {"type": "Polygon", "coordinates": [[[31.0, 40.5], [31.25, 40.5], [31.25, 40.75], [31.0, 40.75], [31.0, 40.5]]]}, "properties": {"risk_index": 64, "annual_rate": 0.3567, "max_mag": 4.2, "n_events": 13, "n_recent": 0}}, {"type": "Feature", "geometry": {"type": "Polygon", "coordinates": [[[30.0, 36.5], [30.25, 36.5], [30.25, 36.75], [30.0, 36.75], [30.0, 36.5]]]}, "properties": {"risk_index": 64, "annual_rate": 0.3567, "max_mag": 4.2, "n_events": 13, "n_recent": 5}}, {"type": "Feature", "geometry": {"type": "Polygon", "coordinates": [[[42.75, 40.75], [43.0, 40.75], [43.0, 41.0], [42.75, 41.0], [42.75, 40.75]]]}, "properties": {"risk_index": 64, "annual_rate": 0.4664, "max_mag": 4.0, "n_events": 17, "n_recent": 16}}, {"type": "Feature", "geometry": {"type": "Polygon", "coordinates": [[[41.25, 42.25], [41.5, 42.25], [41.5, 42.5], [41.25, 42.5], [41.25, 42.25]]]}, "properties": {"risk_index": 64, "annual_rate": 0.2469, "max_mag": 4.6, "n_events": 9, "n_recent": 0}}, {"type": "Feature", "geometry": {"type": "Polygon", "coordinates": [[[34.75, 40.75], [35.0, 40.75], [35.0, 41.0], [34.75, 41.0], [34.75, 40.75]]]}, "properties": {"risk_index": 64, "annual_rate": 0.3292, "max_mag": 4.3, "n_events": 12, "n_recent": 1}}, {"type": "Feature", "geometry": {"type": "Polygon", "coordinates": [[[32.25, 41.5], [32.5, 41.5], [32.5, 41.75], [32.25, 41.75], [32.25, 41.5]]]}, "properties": {"risk_index": 64, "annual_rate": 0.4115, "max_mag": 4.1, "n_events": 15, "n_recent": 1}}, {"type": "Feature", "geometry": {"type": "Polygon", "coordinates": [[[26.25, 40.5], [26.5, 40.5], [26.5, 40.75], [26.25, 40.75], [26.25, 40.5]]]}, "properties": {"risk_index": 64, "annual_rate": 0.3292, "max_mag": 4.3, "n_events": 12, "n_recent": 0}}, {"type": "Feature", "geometry": {"type": "Polygon", "coordinates": [[[33.0, 39.5], [33.25, 39.5], [33.25, 39.75], [33.0, 39.75], [33.0, 39.5]]]}, "properties": {"risk_index": 64, "annual_rate": 0.9603, "max_mag": 3.6, "n_events": 35, "n_recent": 0}}, {"type": "Feature", "geometry": {"type": "Polygon", "coordinates": [[[37.5, 37.25], [37.75, 37.25], [37.75, 37.5], [37.5, 37.5], [37.5, 37.25]]]}, "properties": {"risk_index": 64, "annual_rate": 0.4115, "max_mag": 4.1, "n_events": 15, "n_recent": 4}}, {"type": "Feature", "geometry": {"type": "Polygon", "coordinates": [[[34.5, 40.75], [34.75, 40.75], [34.75, 41.0], [34.5, 41.0], [34.5, 40.75]]]}, "properties": {"risk_index": 64, "annual_rate": 0.5487, "max_mag": 3.9, "n_events": 20, "n_recent": 8}}, {"type": "Feature", "geometry": {"type": "Polygon", "coordinates": [[[39.0, 39.5], [39.25, 39.5], [39.25, 39.75], [39.0, 39.75], [39.0, 39.5]]]}, "properties": {"risk_index": 64, "annual_rate": 0.2744, "max_mag": 4.5, "n_events": 10, "n_recent": 2}}, {"type": "Feature", "geometry": {"type": "Polygon", "coordinates": [[[42.5, 40.0], [42.75, 40.0], [42.75, 40.25], [42.5, 40.25], [42.5, 40.0]]]}, "properties": {"risk_index": 64, "annual_rate": 0.4664, "max_mag": 4.0, "n_events": 17, "n_recent": 7}}, {"type": "Feature", "geometry": {"type": "Polygon", "coordinates": [[[40.75, 38.25], [41.0, 38.25], [41.0, 38.5], [40.75, 38.5], [40.75, 38.25]]]}, "properties": {"risk_index": 64, "annual_rate": 0.3567, "max_mag": 4.2, "n_events": 13, "n_recent": 6}}, {"type": "Feature", "geometry": {"type": "Polygon", "coordinates": [[[33.75, 39.5], [34.0, 39.5], [34.0, 39.75], [33.75, 39.75], [33.75, 39.5]]]}, "properties": {"risk_index": 64, "annual_rate": 0.3292, "max_mag": 4.3, "n_events": 12, "n_recent": 0}}, {"type": "Feature", "geometry": {"type": "Polygon", "coordinates": [[[42.0, 39.75], [42.25, 39.75], [42.25, 40.0], [42.0, 40.0], [42.0, 39.75]]]}, "properties": {"risk_index": 64, "annual_rate": 0.2469, "max_mag": 4.6, "n_events": 9, "n_recent": 1}}, {"type": "Feature", "geometry": {"type": "Polygon", "coordinates": [[[32.75, 39.25], [33.0, 39.25], [33.0, 39.5], [32.75, 39.5], [32.75, 39.25]]]}, "properties": {"risk_index": 64, "annual_rate": 0.7682, "max_mag": 3.7, "n_events": 28, "n_recent": 3}}, {"type": "Feature", "geometry": {"type": "Polygon", "coordinates": [[[32.75, 40.0], [33.0, 40.0], [33.0, 40.25], [32.75, 40.25], [32.75, 40.0]]]}, "properties": {"risk_index": 64, "annual_rate": 0.7682, "max_mag": 3.7, "n_events": 28, "n_recent": 2}}, {"type": "Feature", "geometry": {"type": "Polygon", "coordinates": [[[35.5, 40.0], [35.75, 40.0], [35.75, 40.25], [35.5, 40.25], [35.5, 40.0]]]}, "properties": {"risk_index": 64, "annual_rate": 0.4115, "max_mag": 4.1, "n_events": 15, "n_recent": 2}}, {"type": "Feature", "geometry": {"type": "Polygon", "coordinates": [[[33.5, 40.75], [33.75, 40.75], [33.75, 41.0], [33.5, 41.0], [33.5, 40.75]]]}, "properties": {"risk_index": 64, "annual_rate": 0.631, "max_mag": 3.8, "n_events": 23, "n_recent": 2}}, {"type": "Feature", "geometry": {"type": "Polygon", "coordinates": [[[41.0, 42.0], [41.25, 42.0], [41.25, 42.25], [41.0, 42.25], [41.0, 42.0]]]}, "properties": {"risk_index": 64, "annual_rate": 0.7956, "max_mag": 3.7, "n_events": 29, "n_recent": 2}}, {"type": "Feature", "geometry": {"type": "Polygon", "coordinates": [[[42.0, 41.75], [42.25, 41.75], [42.25, 42.0], [42.0, 42.0], [42.0, 41.75]]]}, "properties": {"risk_index": 64, "annual_rate": 0.2744, "max_mag": 4.5, "n_events": 10, "n_recent": 6}}, {"type": "Feature", "geometry": {"type": "Polygon", "coordinates": [[[30.5, 37.25], [30.75, 37.25], [30.75, 37.5], [30.5, 37.5], [30.5, 37.25]]]}, "properties": {"risk_index": 64, "annual_rate": 0.5487, "max_mag": 3.9, "n_events": 20, "n_recent": 2}}, {"type": "Feature", "geometry": {"type": "Polygon", "coordinates": [[[29.5, 37.0], [29.75, 37.0], [29.75, 37.25], [29.5, 37.25], [29.5, 37.0]]]}, "properties": {"risk_index": 64, "annual_rate": 0.3292, "max_mag": 4.3, "n_events": 12, "n_recent": 1}}, {"type": "Feature", "geometry": {"type": "Polygon", "coordinates": [[[33.5, 41.25], [33.75, 41.25], [33.75, 41.5], [33.5, 41.5], [33.5, 41.25]]]}, "properties": {"risk_index": 64, "annual_rate": 0.2744, "max_mag": 4.5, "n_events": 10, "n_recent": 2}}, {"type": "Feature", "geometry": {"type": "Polygon", "coordinates": [[[42.5, 38.5], [42.75, 38.5], [42.75, 38.75], [42.5, 38.75], [42.5, 38.5]]]}, "properties": {"risk_index": 64, "annual_rate": 0.4115, "max_mag": 4.1, "n_events": 15, "n_recent": 1}}, {"type": "Feature", "geometry": {"type": "Polygon", "coordinates": [[[29.75, 37.25], [30.0, 37.25], [30.0, 37.5], [29.75, 37.5], [29.75, 37.25]]]}, "properties": {"risk_index": 64, "annual_rate": 0.4115, "max_mag": 4.1, "n_events": 15, "n_recent": 7}}, {"type": "Feature", "geometry": {"type": "Polygon", "coordinates": [[[43.0, 37.75], [43.25, 37.75], [43.25, 38.0], [43.0, 38.0], [43.0, 37.75]]]}, "properties": {"risk_index": 63, "annual_rate": 0.6036, "max_mag": 3.8, "n_events": 22, "n_recent": 1}}, {"type": "Feature", "geometry": {"type": "Polygon", "coordinates": [[[32.25, 39.0], [32.5, 39.0], [32.5, 39.25], [32.25, 39.25], [32.25, 39.0]]]}, "properties": {"risk_index": 63, "annual_rate": 0.2744, "max_mag": 4.4, "n_events": 10, "n_recent": 0}}, {"type": "Feature", "geometry": {"type": "Polygon", "coordinates": [[[42.75, 39.75], [43.0, 39.75], [43.0, 40.0], [42.75, 40.0], [42.75, 39.75]]]}, "properties": {"risk_index": 63, "annual_rate": 0.3018, "max_mag": 4.3, "n_events": 11, "n_recent": 1}}, {"type": "Feature", "geometry": {"type": "Polygon", "coordinates": [[[39.0, 38.75], [39.25, 38.75], [39.25, 39.0], [39.0, 39.0], [39.0, 38.75]]]}, "properties": {"risk_index": 63, "annual_rate": 0.7408, "max_mag": 3.7, "n_events": 27, "n_recent": 6}}, {"type": "Feature", "geometry": {"type": "Polygon", "coordinates": [[[39.0, 40.0], [39.25, 40.0], [39.25, 40.25], [39.0, 40.25], [39.0, 40.0]]]}, "properties": {"risk_index": 63, "annual_rate": 0.439, "max_mag": 4.0, "n_events": 16, "n_recent": 0}}, {"type": "Feature", "geometry": {"type": "Polygon", "coordinates": [[[32.25, 40.75], [32.5, 40.75], [32.5, 41.0], [32.25, 41.0], [32.25, 40.75]]]}, "properties": {"risk_index": 63, "annual_rate": 0.439, "max_mag": 4.0, "n_events": 16, "n_recent": 3}}, {"type": "Feature", "geometry": {"type": "Polygon", "coordinates": [[[26.0, 38.25], [26.25, 38.25], [26.25, 38.5], [26.0, 38.5], [26.0, 38.25]]]}, "properties": {"risk_index": 63, "annual_rate": 0.439, "max_mag": 4.0, "n_events": 16, "n_recent": 1}}, {"type": "Feature", "geometry": {"type": "Polygon", "coordinates": [[[26.5, 36.0], [26.75, 36.0], [26.75, 36.25], [26.5, 36.25], [26.5, 36.0]]]}, "properties": {"risk_index": 63, "annual_rate": 0.3841, "max_mag": 4.1, "n_events": 14, "n_recent": 5}}, {"type": "Feature", "geometry": {"type": "Polygon", "coordinates": [[[34.75, 40.25], [35.0, 40.25], [35.0, 40.5], [34.75, 40.5], [34.75, 40.25]]]}, "properties": {"risk_index": 63, "annual_rate": 0.5213, "max_mag": 3.9, "n_events": 19, "n_recent": 0}}, {"type": "Feature", "geometry": {"type": "Polygon", "coordinates": [[[25.75, 40.0], [26.0, 40.0], [26.0, 40.25], [25.75, 40.25], [25.75, 40.0]]]}, "properties": {"risk_index": 63, "annual_rate": 0.439, "max_mag": 4.0, "n_events": 16, "n_recent": 0}}, {"type": "Feature", "geometry": {"type": "Polygon", "coordinates": [[[44.75, 38.75], [45.0, 38.75], [45.0, 39.0], [44.75, 39.0], [44.75, 38.75]]]}, "properties": {"risk_index": 63, "annual_rate": 0.2469, "max_mag": 4.5, "n_events": 9, "n_recent": 1}}, {"type": "Feature", "geometry": {"type": "Polygon", "coordinates": [[[31.0, 40.0], [31.25, 40.0], [31.25, 40.25], [31.0, 40.25], [31.0, 40.0]]]}, "properties": {"risk_index": 63, "annual_rate": 0.439, "max_mag": 4.0, "n_events": 16, "n_recent": 0}}, {"type": "Feature", "geometry": {"type": "Polygon", "coordinates": [[[36.5, 38.25], [36.75, 38.25], [36.75, 38.5], [36.5, 38.5], [36.5, 38.25]]]}, "properties": {"risk_index": 63, "annual_rate": 0.2195, "max_mag": 4.7, "n_events": 8, "n_recent": 4}}, {"type": "Feature", "geometry": {"type": "Polygon", "coordinates": [[[27.5, 38.0], [27.75, 38.0], [27.75, 38.25], [27.5, 38.25], [27.5, 38.0]]]}, "properties": {"risk_index": 63, "annual_rate": 0.3292, "max_mag": 4.2, "n_events": 12, "n_recent": 2}}, {"type": "Feature", "geometry": {"type": "Polygon", "coordinates": [[[31.0, 38.25], [31.25, 38.25], [31.25, 38.5], [31.0, 38.5], [31.0, 38.25]]]}, "properties": {"risk_index": 63, "annual_rate": 0.3292, "max_mag": 4.2, "n_events": 12, "n_recent": 1}}, {"type": "Feature", "geometry": {"type": "Polygon", "coordinates": [[[38.5, 39.25], [38.75, 39.25], [38.75, 39.5], [38.5, 39.5], [38.5, 39.25]]]}, "properties": {"risk_index": 63, "annual_rate": 0.439, "max_mag": 4.0, "n_events": 16, "n_recent": 1}}, {"type": "Feature", "geometry": {"type": "Polygon", "coordinates": [[[43.25, 37.0], [43.5, 37.0], [43.5, 37.25], [43.25, 37.25], [43.25, 37.0]]]}, "properties": {"risk_index": 63, "annual_rate": 0.2195, "max_mag": 4.7, "n_events": 8, "n_recent": 2}}, {"type": "Feature", "geometry": {"type": "Polygon", "coordinates": [[[28.0, 38.25], [28.25, 38.25], [28.25, 38.5], [28.0, 38.5], [28.0, 38.25]]]}, "properties": {"risk_index": 63, "annual_rate": 0.5213, "max_mag": 3.9, "n_events": 19, "n_recent": 0}}, {"type": "Feature", "geometry": {"type": "Polygon", "coordinates": [[[31.75, 35.5], [32.0, 35.5], [32.0, 35.75], [31.75, 35.75], [31.75, 35.5]]]}, "properties": {"risk_index": 63, "annual_rate": 0.3292, "max_mag": 4.2, "n_events": 12, "n_recent": 2}}, {"type": "Feature", "geometry": {"type": "Polygon", "coordinates": [[[38.25, 37.25], [38.5, 37.25], [38.5, 37.5], [38.25, 37.5], [38.25, 37.25]]]}, "properties": {"risk_index": 62, "annual_rate": 0.3567, "max_mag": 4.1, "n_events": 13, "n_recent": 0}}, {"type": "Feature", "geometry": {"type": "Polygon", "coordinates": [[[28.5, 38.0], [28.75, 38.0], [28.75, 38.25], [28.5, 38.25], [28.5, 38.0]]]}, "properties": {"risk_index": 62, "annual_rate": 0.631, "max_mag": 3.7, "n_events": 23, "n_recent": 0}}, {"type": "Feature", "geometry": {"type": "Polygon", "coordinates": [[[41.75, 38.75], [42.0, 38.75], [42.0, 39.0], [41.75, 39.0], [41.75, 38.75]]]}, "properties": {"risk_index": 62, "annual_rate": 0.631, "max_mag": 3.7, "n_events": 23, "n_recent": 6}}, {"type": "Feature", "geometry": {"type": "Polygon", "coordinates": [[[41.25, 40.0], [41.5, 40.0], [41.5, 40.25], [41.25, 40.25], [41.25, 40.0]]]}, "properties": {"risk_index": 62, "annual_rate": 0.4664, "max_mag": 3.9, "n_events": 17, "n_recent": 3}}, {"type": "Feature", "geometry": {"type": "Polygon", "coordinates": [[[26.75, 39.0], [27.0, 39.0], [27.0, 39.25], [26.75, 39.25], [26.75, 39.0]]]}, "properties": {"risk_index": 62, "annual_rate": 0.8231, "max_mag": 3.6, "n_events": 30, "n_recent": 0}}, {"type": "Feature", "geometry": {"type": "Polygon", "coordinates": [[[38.25, 39.5], [38.5, 39.5], [38.5, 39.75], [38.25, 39.75], [38.25, 39.5]]]}, "properties": {"risk_index": 62, "annual_rate": 0.7682, "max_mag": 3.6, "n_events": 28, "n_recent": 3}}, {"type": "Feature", "geometry": {"type": "Polygon", "coordinates": [[[29.5, 40.25], [29.75, 40.25], [29.75, 40.5], [29.5, 40.5], [29.5, 40.25]]]}, "properties": {"risk_index": 62, "annual_rate": 0.3567, "max_mag": 4.1, "n_events": 13, "n_recent": 1}}, {"type": "Feature", "geometry": {"type": "Polygon", "coordinates": [[[38.5, 37.0], [38.75, 37.0], [38.75, 37.25], [38.5, 37.25], [38.5, 37.0]]]}, "properties": {"risk_index": 62, "annual_rate": 0.4115, "max_mag": 4.0, "n_events": 15, "n_recent": 1}}, {"type": "Feature", "geometry": {"type": "Polygon", "coordinates": [[[36.25, 35.75], [36.5, 35.75], [36.5, 36.0], [36.25, 36.0], [36.25, 35.75]]]}, "properties": {"risk_index": 62, "annual_rate": 0.4664, "max_mag": 3.9, "n_events": 17, "n_recent": 6}}, {"type": "Feature", "geometry": {"type": "Polygon", "coordinates": [[[29.5, 39.75], [29.75, 39.75], [29.75, 40.0], [29.5, 40.0], [29.5, 39.75]]]}, "properties": {"risk_index": 62, "annual_rate": 0.4664, "max_mag": 3.9, "n_events": 17, "n_recent": 1}}, {"type": "Feature", "geometry": {"type": "Polygon", "coordinates": [[[42.0, 39.25], [42.25, 39.25], [42.25, 39.5], [42.0, 39.5], [42.0, 39.25]]]}, "properties": {"risk_index": 62, "annual_rate": 0.3567, "max_mag": 4.1, "n_events": 13, "n_recent": 5}}, {"type": "Feature", "geometry": {"type": "Polygon", "coordinates": [[[30.0, 37.75], [30.25, 37.75], [30.25, 38.0], [30.0, 38.0], [30.0, 37.75]]]}, "properties": {"risk_index": 62, "annual_rate": 0.4664, "max_mag": 3.9, "n_events": 17, "n_recent": 1}}, {"type": "Feature", "geometry": {"type": "Polygon", "coordinates": [[[43.0, 36.25], [43.25, 36.25], [43.25, 36.5], [43.0, 36.5], [43.0, 36.25]]]}, "properties": {"risk_index": 62, "annual_rate": 0.1646, "max_mag": 5.1, "n_events": 6, "n_recent": 0}}, {"type": "Feature", "geometry": {"type": "Polygon", "coordinates": [[[43.75, 38.25], [44.0, 38.25], [44.0, 38.5], [43.75, 38.5], [43.75, 38.25]]]}, "properties": {"risk_index": 62, "annual_rate": 0.3567, "max_mag": 4.1, "n_events": 13, "n_recent": 4}}, {"type": "Feature", "geometry": {"type": "Polygon", "coordinates": [[[26.0, 37.75], [26.25, 37.75], [26.25, 38.0], [26.0, 38.0], [26.0, 37.75]]]}, "properties": {"risk_index": 62, "annual_rate": 0.4664, "max_mag": 3.9, "n_events": 17, "n_recent": 7}}, {"type": "Feature", "geometry": {"type": "Polygon", "coordinates": [[[42.75, 39.0], [43.0, 39.0], [43.0, 39.25], [42.75, 39.25], [42.75, 39.0]]]}, "properties": {"risk_index": 62, "annual_rate": 0.2744, "max_mag": 4.3, "n_events": 10, "n_recent": 5}}, {"type": "Feature", "geometry": {"type": "Polygon", "coordinates": [[[44.0, 40.75], [44.25, 40.75], [44.25, 41.0], [44.0, 41.0], [44.0, 40.75]]]}, "properties": {"risk_index": 62, "annual_rate": 0.2195, "max_mag": 4.6, "n_events": 8, "n_recent": 5}}, {"type": "Feature", "geometry": {"type": "Polygon", "coordinates": [[[29.25, 35.5], [29.5, 35.5], [29.5, 35.75], [29.25, 35.75], [29.25, 35.5]]]}, "properties": {"risk_index": 62, "annual_rate": 0.4664, "max_mag": 3.9, "n_events": 17, "n_recent": 7}}, {"type": "Feature", "geometry": {"type": "Polygon", "coordinates": [[[29.0, 39.75], [29.25, 39.75], [29.25, 40.0], [29.0, 40.0], [29.0, 39.75]]]}, "properties": {"risk_index": 61, "annual_rate": 0.9054, "max_mag": 3.5, "n_events": 33, "n_recent": 1}}, {"type": "Feature", "geometry": {"type": "Polygon", "coordinates": [[[42.25, 38.0], [42.5, 38.0], [42.5, 38.25], [42.25, 38.25], [42.25, 38.0]]]}, "properties": {"risk_index": 61, "annual_rate": 0.3018, "max_mag": 4.2, "n_events": 11, "n_recent": 5}}, {"type": "Feature", "geometry": {"type": "Polygon", "coordinates": [[[26.25, 35.75], [26.5, 35.75], [26.5, 36.0], [26.25, 36.0], [26.25, 35.75]]]}, "properties": {"risk_index": 61, "annual_rate": 0.3841, "max_mag": 4.0, "n_events": 14, "n_recent": 8}}, {"type": "Feature", "geometry": {"type": "Polygon", "coordinates": [[[34.25, 40.0], [34.5, 40.0], [34.5, 40.25], [34.25, 40.25], [34.25, 40.0]]]}, "properties": {"risk_index": 61, "annual_rate": 0.3018, "max_mag": 4.2, "n_events": 11, "n_recent": 2}}, {"type": "Feature", "geometry": {"type": "Polygon", "coordinates": [[[25.5, 39.0], [25.75, 39.0], [25.75, 39.25], [25.5, 39.25], [25.5, 39.0]]]}, "properties": {"risk_index": 61, "annual_rate": 0.439, "max_mag": 3.9, "n_events": 16, "n_recent": 3}}, {"type": "Feature", "geometry": {"type": "Polygon", "coordinates": [[[29.75, 38.0], [30.0, 38.0], [30.0, 38.25], [29.75, 38.25], [29.75, 38.0]]]}, "properties": {"risk_index": 61, "annual_rate": 0.3018, "max_mag": 4.2, "n_events": 11, "n_recent": 0}}, {"type": "Feature", "geometry": {"type": "Polygon", "coordinates": [[[31.25, 37.0], [31.5, 37.0], [31.5, 37.25], [31.25, 37.25], [31.25, 37.0]]]}, "properties": {"risk_index": 61, "annual_rate": 0.2195, "max_mag": 4.5, "n_events": 8, "n_recent": 1}}, {"type": "Feature", "geometry": {"type": "Polygon", "coordinates": [[[41.0, 36.25], [41.25, 36.25], [41.25, 36.5], [41.0, 36.5], [41.0, 36.25]]]}, "properties": {"risk_index": 61, "annual_rate": 0.3018, "max_mag": 4.2, "n_events": 11, "n_recent": 2}}, {"type": "Feature", "geometry": {"type": "Polygon", "coordinates": [[[31.25, 37.25], [31.5, 37.25], [31.5, 37.5], [31.25, 37.5], [31.25, 37.25]]]}, "properties": {"risk_index": 61, "annual_rate": 0.2195, "max_mag": 4.5, "n_events": 8, "n_recent": 4}}, {"type": "Feature", "geometry": {"type": "Polygon", "coordinates": [[[31.5, 40.0], [31.75, 40.0], [31.75, 40.25], [31.5, 40.25], [31.5, 40.0]]]}, "properties": {"risk_index": 61, "annual_rate": 0.8779, "max_mag": 3.5, "n_events": 32, "n_recent": 1}}, {"type": "Feature", "geometry": {"type": "Polygon", "coordinates": [[[30.0, 36.0], [30.25, 36.0], [30.25, 36.25], [30.0, 36.25], [30.0, 36.0]]]}, "properties": {"risk_index": 61, "annual_rate": 0.1921, "max_mag": 4.7, "n_events": 7, "n_recent": 3}}, {"type": "Feature", "geometry": {"type": "Polygon", "coordinates": [[[41.0, 40.25], [41.25, 40.25], [41.25, 40.5], [41.0, 40.5], [41.0, 40.25]]]}, "properties": {"risk_index": 61, "annual_rate": 0.3841, "max_mag": 4.0, "n_events": 14, "n_recent": 3}}, {"type": "Feature", "geometry": {"type": "Polygon", "coordinates": [[[30.0, 38.5], [30.25, 38.5], [30.25, 38.75], [30.0, 38.75], [30.0, 38.5]]]}, "properties": {"risk_index": 61, "annual_rate": 0.3018, "max_mag": 4.2, "n_events": 11, "n_recent": 0}}, {"type": "Feature", "geometry": {"type": "Polygon", "coordinates": [[[32.0, 35.75], [32.25, 35.75], [32.25, 36.0], [32.0, 36.0], [32.0, 35.75]]]}, "properties": {"risk_index": 61, "annual_rate": 0.2195, "max_mag": 4.5, "n_events": 8, "n_recent": 2}}, {"type": "Feature", "geometry": {"type": "Polygon", "coordinates": [[[43.0, 39.75], [43.25, 39.75], [43.25, 40.0], [43.0, 40.0], [43.0, 39.75]]]}, "properties": {"risk_index": 61, "annual_rate": 0.3018, "max_mag": 4.2, "n_events": 11, "n_recent": 2}}, {"type": "Feature", "geometry": {"type": "Polygon", "coordinates": [[[28.5, 40.5], [28.75, 40.5], [28.75, 40.75], [28.5, 40.75], [28.5, 40.5]]]}, "properties": {"risk_index": 61, "annual_rate": 0.3292, "max_mag": 4.1, "n_events": 12, "n_recent": 2}}, {"type": "Feature", "geometry": {"type": "Polygon", "coordinates": [[[38.5, 37.75], [38.75, 37.75], [38.75, 38.0], [38.5, 38.0], [38.5, 37.75]]]}, "properties": {"risk_index": 61, "annual_rate": 0.1921, "max_mag": 4.7, "n_events": 7, "n_recent": 4}}, {"type": "Feature", "geometry": {"type": "Polygon", "coordinates": [[[44.25, 39.25], [44.5, 39.25], [44.5, 39.5], [44.25, 39.5], [44.25, 39.25]]]}, "properties": {"risk_index": 61, "annual_rate": 0.3841, "max_mag": 4.0, "n_events": 14, "n_recent": 3}}, {"type": "Feature", "geometry": {"type": "Polygon", "coordinates": [[[37.0, 37.75], [37.25, 37.75], [37.25, 38.0], [37.0, 38.0], [37.0, 37.75]]]}, "properties": {"risk_index": 61, "annual_rate": 0.3841, "max_mag": 4.0, "n_events": 14, "n_recent": 9}}, {"type": "Feature", "geometry": {"type": "Polygon", "coordinates": [[[26.25, 36.5], [26.5, 36.5], [26.5, 36.75], [26.25, 36.75], [26.25, 36.5]]]}, "properties": {"risk_index": 61, "annual_rate": 0.439, "max_mag": 3.9, "n_events": 16, "n_recent": 7}}, {"type": "Feature", "geometry": {"type": "Polygon", "coordinates": [[[26.0, 40.75], [26.25, 40.75], [26.25, 41.0], [26.0, 41.0], [26.0, 40.75]]]}, "properties": {"risk_index": 61, "annual_rate": 0.2195, "max_mag": 4.5, "n_events": 8, "n_recent": 0}}, {"type": "Feature", "geometry": {"type": "Polygon", "coordinates": [[[37.75, 39.25], [38.0, 39.25], [38.0, 39.5], [37.75, 39.5], [37.75, 39.25]]]}, "properties": {"risk_index": 61, "annual_rate": 0.3292, "max_mag": 4.1, "n_events": 12, "n_recent": 3}}, {"type": "Feature", "geometry": {"type": "Polygon", "coordinates": [[[27.75, 38.25], [28.0, 38.25], [28.0, 38.5], [27.75, 38.5], [27.75, 38.25]]]}, "properties": {"risk_index": 60, "annual_rate": 0.5762, "max_mag": 3.7, "n_events": 21, "n_recent": 6}}, {"type": "Feature", "geometry": {"type": "Polygon", "coordinates": [[[27.25, 38.25], [27.5, 38.25], [27.5, 38.5], [27.25, 38.5], [27.25, 38.25]]]}, "properties": {"risk_index": 60, "annual_rate": 0.4115, "max_mag": 3.9, "n_events": 15, "n_recent": 4}}, {"type": "Feature", "geometry": {"type": "Polygon", "coordinates": [[[37.75, 39.5], [38.0, 39.5], [38.0, 39.75], [37.75, 39.75], [37.75, 39.5]]]}, "properties": {"risk_index": 60, "annual_rate": 0.4664, "max_mag": 3.8, "n_events": 17, "n_recent": 3}}, {"type": "Feature", "geometry": {"type": "Polygon", "coordinates": [[[43.25, 41.25], [43.5, 41.25], [43.5, 41.5], [43.25, 41.5], [43.25, 41.25]]]}, "properties": {"risk_index": 60, "annual_rate": 0.2469, "max_mag": 4.3, "n_events": 9, "n_recent": 0}}, {"type": "Feature", "geometry": {"type": "Polygon", "coordinates": [[[41.25, 38.75], [41.5, 38.75], [41.5, 39.0], [41.25, 39.0], [41.25, 38.75]]]}, "properties": {"risk_index": 60, "annual_rate": 0.4664, "max_mag": 3.8, "n_events": 17, "n_recent": 2}}, {"type": "Feature", "geometry": {"type": "Polygon", "coordinates": [[[30.0, 38.25], [30.25, 38.25], [30.25, 38.5], [30.0, 38.5], [30.0, 38.25]]]}, "properties": {"risk_index": 60, "annual_rate": 0.3018, "max_mag": 4.1, "n_events": 11, "n_recent": 0}}, {"type": "Feature", "geometry": {"type": "Polygon", "coordinates": [[[33.75, 40.75], [34.0, 40.75], [34.0, 41.0], [33.75, 41.0], [33.75, 40.75]]]}, "properties": {"risk_index": 60, "annual_rate": 0.3567, "max_mag": 4.0, "n_events": 13, "n_recent": 1}}, {"type": "Feature", "geometry": {"type": "Polygon", "coordinates": [[[41.25, 38.0], [41.5, 38.0], [41.5, 38.25], [41.25, 38.25], [41.25, 38.0]]]}, "properties": {"risk_index": 60, "annual_rate": 0.4115, "max_mag": 3.9, "n_events": 15, "n_recent": 2}}, {"type": "Feature", "geometry": {"type": "Polygon", "coordinates": [[[25.5, 36.0], [25.75, 36.0], [25.75, 36.25], [25.5, 36.25], [25.5, 36.0]]]}, "properties": {"risk_index": 60, "annual_rate": 0.2744, "max_mag": 4.2, "n_events": 10, "n_recent": 2}}, {"type": "Feature", "geometry": {"type": "Polygon", "coordinates": [[[43.5, 36.5], [43.75, 36.5], [43.75, 36.75], [43.5, 36.75], [43.5, 36.5]]]}, "properties": {"risk_index": 60, "annual_rate": 0.1921, "max_mag": 4.6, "n_events": 7, "n_recent": 1}}, {"type": "Feature", "geometry": {"type": "Polygon", "coordinates": [[[42.5, 39.25], [42.75, 39.25], [42.75, 39.5], [42.5, 39.5], [42.5, 39.25]]]}, "properties": {"risk_index": 60, "annual_rate": 0.2744, "max_mag": 4.2, "n_events": 10, "n_recent": 1}}, {"type": "Feature", "geometry": {"type": "Polygon", "coordinates": [[[31.5, 36.5], [31.75, 36.5], [31.75, 36.75], [31.5, 36.75], [31.5, 36.5]]]}, "properties": {"risk_index": 60, "annual_rate": 0.3018, "max_mag": 4.1, "n_events": 11, "n_recent": 3}}, {"type": "Feature", "geometry": {"type": "Polygon", "coordinates": [[[43.25, 36.25], [43.5, 36.25], [43.5, 36.5], [43.25, 36.5], [43.25, 36.25]]]}, "properties": {"risk_index": 60, "annual_rate": 0.1372, "max_mag": 5.2, "n_events": 5, "n_recent": 1}}, {"type": "Feature", "geometry": {"type": "Polygon", "coordinates": [[[31.75, 38.5], [32.0, 38.5], [32.0, 38.75], [31.75, 38.75], [31.75, 38.5]]]}, "properties": {"risk_index": 60, "annual_rate": 0.4664, "max_mag": 3.8, "n_events": 17, "n_recent": 0}}, {"type": "Feature", "geometry": {"type": "Polygon", "coordinates": [[[26.25, 42.0], [26.5, 42.0], [26.5, 42.25], [26.25, 42.25], [26.25, 42.0]]]}, "properties": {"risk_index": 60, "annual_rate": 0.4115, "max_mag": 3.9, "n_events": 15, "n_recent": 0}}, {"type": "Feature", "geometry": {"type": "Polygon", "coordinates": [[[29.5, 40.5], [29.75, 40.5], [29.75, 40.75], [29.5, 40.75], [29.5, 40.5]]]}, "properties": {"risk_index": 60, "annual_rate": 0.2469, "max_mag": 4.3, "n_events": 9, "n_recent": 0}}, {"type": "Feature", "geometry": {"type": "Polygon", "coordinates": [[[31.0, 36.5], [31.25, 36.5], [31.25, 36.75], [31.0, 36.75], [31.0, 36.5]]]}, "properties": {"risk_index": 60, "annual_rate": 0.4938, "max_mag": 3.8, "n_events": 18, "n_recent": 3}}, {"type": "Feature", "geometry": {"type": "Polygon", "coordinates": [[[34.0, 40.5], [34.25, 40.5], [34.25, 40.75], [34.0, 40.75], [34.0, 40.5]]]}, "properties": {"risk_index": 60, "annual_rate": 0.4664, "max_mag": 3.8, "n_events": 17, "n_recent": 5}}, {"type": "Feature", "geometry": {"type": "Polygon", "coordinates": [[[33.5, 40.5], [33.75, 40.5], [33.75, 40.75], [33.5, 40.75], [33.5, 40.5]]]}, "properties": {"risk_index": 60, "annual_rate": 0.3018, "max_mag": 4.1, "n_events": 11, "n_recent": 2}}, {"type": "Feature", "geometry": {"type": "Polygon", "coordinates": [[[44.5, 42.25], [44.75, 42.25], [44.75, 42.5], [44.5, 42.5], [44.5, 42.25]]]}, "properties": {"risk_index": 60, "annual_rate": 0.1646, "max_mag": 4.8, "n_events": 6, "n_recent": 0}}, {"type": "Feature", "geometry": {"type": "Polygon", "coordinates": [[[37.5, 37.0], [37.75, 37.0], [37.75, 37.25], [37.5, 37.25], [37.5, 37.0]]]}, "properties": {"risk_index": 59, "annual_rate": 0.6036, "max_mag": 3.6, "n_events": 22, "n_recent": 1}}, {"type": "Feature", "geometry": {"type": "Polygon", "coordinates": [[[39.0, 39.0], [39.25, 39.0], [39.25, 39.25], [39.0, 39.25], [39.0, 39.0]]]}, "properties": {"risk_index": 59, "annual_rate": 0.3292, "max_mag": 4.0, "n_events": 12, "n_recent": 0}}, {"type": "Feature", "geometry": {"type": "Polygon", "coordinates": [[[28.5, 37.25], [28.75, 37.25], [28.75, 37.5], [28.5, 37.5], [28.5, 37.25]]]}, "properties": {"risk_index": 59, "annual_rate": 0.3292, "max_mag": 4.0, "n_events": 12, "n_recent": 1}}, {"type": "Feature", "geometry": {"type": "Polygon", "coordinates": [[[31.75, 36.25], [32.0, 36.25], [32.0, 36.5], [31.75, 36.5], [31.75, 36.25]]]}, "properties": {"risk_index": 59, "annual_rate": 0.2469, "max_mag": 4.2, "n_events": 9, "n_recent": 3}}, {"type": "Feature", "geometry": {"type": "Polygon", "coordinates": [[[37.75, 37.5], [38.0, 37.5], [38.0, 37.75], [37.75, 37.75], [37.75, 37.5]]]}, "properties": {"risk_index": 59, "annual_rate": 0.631, "max_mag": 3.6, "n_events": 23, "n_recent": 8}}, {"type": "Feature", "geometry": {"type": "Polygon", "coordinates": [[[32.5, 40.75], [32.75, 40.75], [32.75, 41.0], [32.5, 41.0], [32.5, 40.75]]]}, "properties": {"risk_index": 59, "annual_rate": 0.3841, "max_mag": 3.9, "n_events": 14, "n_recent": 2}}, {"type": "Feature", "geometry": {"type": "Polygon", "coordinates": [[[41.25, 39.5], [41.5, 39.5], [41.5, 39.75], [41.25, 39.75], [41.25, 39.5]]]}, "properties": {"risk_index": 59, "annual_rate": 0.3841, "max_mag": 3.9, "n_events": 14, "n_recent": 1}}, {"type": "Feature", "geometry": {"type": "Polygon", "coordinates": [[[37.0, 39.0], [37.25, 39.0], [37.25, 39.25], [37.0, 39.25], [37.0, 39.0]]]}, "properties": {"risk_index": 59, "annual_rate": 0.3292, "max_mag": 4.0, "n_events": 12, "n_recent": 0}}, {"type": "Feature", "geometry": {"type": "Polygon", "coordinates": [[[42.0, 38.5], [42.25, 38.5], [42.25, 38.75], [42.0, 38.75], [42.0, 38.5]]]}, "properties": {"risk_index": 59, "annual_rate": 0.2195, "max_mag": 4.4, "n_events": 8, "n_recent": 1}}, {"type": "Feature", "geometry": {"type": "Polygon", "coordinates": [[[27.5, 37.25], [27.75, 37.25], [27.75, 37.5], [27.5, 37.5], [27.5, 37.25]]]}, "properties": {"risk_index": 59, "annual_rate": 0.3841, "max_mag": 3.9, "n_events": 14, "n_recent": 1}}, {"type": "Feature", "geometry": {"type": "Polygon", "coordinates": [[[29.5, 35.5], [29.75, 35.5], [29.75, 35.75], [29.5, 35.75], [29.5, 35.5]]]}, "properties": {"risk_index": 59, "annual_rate": 0.3292, "max_mag": 4.0, "n_events": 12, "n_recent": 1}}, {"type": "Feature", "geometry": {"type": "Polygon", "coordinates": [[[34.5, 40.5], [34.75, 40.5], [34.75, 40.75], [34.5, 40.75], [34.5, 40.5]]]}, "properties": {"risk_index": 59, "annual_rate": 0.6036, "max_mag": 3.6, "n_events": 22, "n_recent": 0}}, {"type": "Feature", "geometry": {"type": "Polygon", "coordinates": [[[33.25, 39.25], [33.5, 39.25], [33.5, 39.5], [33.25, 39.5], [33.25, 39.25]]]}, "properties": {"risk_index": 59, "annual_rate": 0.9603, "max_mag": 3.4, "n_events": 35, "n_recent": 0}}, {"type": "Feature", "geometry": {"type": "Polygon", "coordinates": [[[44.25, 37.5], [44.5, 37.5], [44.5, 37.75], [44.25, 37.75], [44.25, 37.5]]]}, "properties": {"risk_index": 59, "annual_rate": 0.1921, "max_mag": 4.5, "n_events": 7, "n_recent": 0}}, {"type": "Feature", "geometry": {"type": "Polygon", "coordinates": [[[25.75, 37.5], [26.0, 37.5], [26.0, 37.75], [25.75, 37.75], [25.75, 37.5]]]}, "properties": {"risk_index": 59, "annual_rate": 0.2469, "max_mag": 4.2, "n_events": 9, "n_recent": 2}}, {"type": "Feature", "geometry": {"type": "Polygon", "coordinates": [[[41.5, 39.25], [41.75, 39.25], [41.75, 39.5], [41.5, 39.5], [41.5, 39.25]]]}, "properties": {"risk_index": 59, "annual_rate": 0.5213, "max_mag": 3.7, "n_events": 19, "n_recent": 0}}, {"type": "Feature", "geometry": {"type": "Polygon", "coordinates": [[[29.5, 38.0], [29.75, 38.0], [29.75, 38.25], [29.5, 38.25], [29.5, 38.0]]]}, "properties": {"risk_index": 59, "annual_rate": 0.3292, "max_mag": 4.0, "n_events": 12, "n_recent": 1}}, {"type": "Feature", "geometry": {"type": "Polygon", "coordinates": [[[31.5, 41.0], [31.75, 41.0], [31.75, 41.25], [31.5, 41.25], [31.5, 41.0]]]}, "properties": {"risk_index": 59, "annual_rate": 0.3841, "max_mag": 3.9, "n_events": 14, "n_recent": 0}}, {"type": "Feature", "geometry": {"type": "Polygon", "coordinates": [[[27.0, 40.5], [27.25, 40.5], [27.25, 40.75], [27.0, 40.75], [27.0, 40.5]]]}, "properties": {"risk_index": 59, "annual_rate": 0.3841, "max_mag": 3.9, "n_events": 14, "n_recent": 1}}, {"type": "Feature", "geometry": {"type": "Polygon", "coordinates": [[[33.25, 39.75], [33.5, 39.75], [33.5, 40.0], [33.25, 40.0], [33.25, 39.75]]]}, "properties": {"risk_index": 59, "annual_rate": 0.3841, "max_mag": 3.9, "n_events": 14, "n_recent": 1}}, {"type": "Feature", "geometry": {"type": "Polygon", "coordinates": [[[34.5, 40.25], [34.75, 40.25], [34.75, 40.5], [34.5, 40.5], [34.5, 40.25]]]}, "properties": {"risk_index": 59, "annual_rate": 0.3841, "max_mag": 3.9, "n_events": 14, "n_recent": 1}}, {"type": "Feature", "geometry": {"type": "Polygon", "coordinates": [[[35.25, 36.5], [35.5, 36.5], [35.5, 36.75], [35.25, 36.75], [35.25, 36.5]]]}, "properties": {"risk_index": 59, "annual_rate": 0.3841, "max_mag": 3.9, "n_events": 14, "n_recent": 0}}, {"type": "Feature", "geometry": {"type": "Polygon", "coordinates": [[[36.5, 38.75], [36.75, 38.75], [36.75, 39.0], [36.5, 39.0], [36.5, 38.75]]]}, "properties": {"risk_index": 58, "annual_rate": 0.3567, "max_mag": 3.9, "n_events": 13, "n_recent": 8}}, {"type": "Feature", "geometry": {"type": "Polygon", "coordinates": [[[34.0, 37.75], [34.25, 37.75], [34.25, 38.0], [34.0, 38.0], [34.0, 37.75]]]}, "properties": {"risk_index": 58, "annual_rate": 0.3567, "max_mag": 3.9, "n_events": 13, "n_recent": 10}}, {"type": "Feature", "geometry": {"type": "Polygon", "coordinates": [[[28.25, 38.25], [28.5, 38.25], [28.5, 38.5], [28.25, 38.5], [28.25, 38.25]]]}, "properties": {"risk_index": 58, "annual_rate": 0.4664, "max_mag": 3.7, "n_events": 17, "n_recent": 5}}, {"type": "Feature", "geometry": {"type": "Polygon", "coordinates": [[[27.25, 39.0], [27.5, 39.0], [27.5, 39.25], [27.25, 39.25], [27.25, 39.0]]]}, "properties": {"risk_index": 58, "annual_rate": 0.6859, "max_mag": 3.5, "n_events": 25, "n_recent": 0}}, {"type": "Feature", "geometry": {"type": "Polygon", "coordinates": [[[30.25, 35.5], [30.5, 35.5], [30.5, 35.75], [30.25, 35.75], [30.25, 35.5]]]}, "properties": {"risk_index": 58, "annual_rate": 0.3567, "max_mag": 3.9, "n_events": 13, "n_recent": 6}}, {"type": "Feature", "geometry": {"type": "Polygon", "coordinates": [[[29.75, 38.25], [30.0, 38.25], [30.0, 38.5], [29.75, 38.5], [29.75, 38.25]]]}, "properties": {"risk_index": 58, "annual_rate": 0.1372, "max_mag": 4.9, "n_events": 5, "n_recent": 0}}, {"type": "Feature", "geometry": {"type": "Polygon", "coordinates": [[[37.25, 40.0], [37.5, 40.0], [37.5, 40.25], [37.25, 40.25], [37.25, 40.0]]]}, "properties": {"risk_index": 58, "annual_rate": 0.2195, "max_mag": 4.3, "n_events": 8, "n_recent": 0}}, {"type": "Feature", "geometry": {"type": "Polygon", "coordinates": [[[29.5, 36.25], [29.75, 36.25], [29.75, 36.5], [29.5, 36.5], [29.5, 36.25]]]}, "properties": {"risk_index": 58, "annual_rate": 0.3567, "max_mag": 3.9, "n_events": 13, "n_recent": 2}}, {"type": "Feature", "geometry": {"type": "Polygon", "coordinates": [[[43.0, 41.0], [43.25, 41.0], [43.25, 41.25], [43.0, 41.25], [43.0, 41.0]]]}, "properties": {"risk_index": 58, "annual_rate": 0.2744, "max_mag": 4.1, "n_events": 10, "n_recent": 2}}, {"type": "Feature", "geometry": {"type": "Polygon", "coordinates": [[[26.5, 37.0], [26.75, 37.0], [26.75, 37.25], [26.5, 37.25], [26.5, 37.0]]]}, "properties": {"risk_index": 58, "annual_rate": 0.3018, "max_mag": 4.0, "n_events": 11, "n_recent": 2}}, {"type": "Feature", "geometry": {"type": "Polygon", "coordinates": [[[44.0, 39.5], [44.25, 39.5], [44.25, 39.75], [44.0, 39.75], [44.0, 39.5]]]}, "properties": {"risk_index": 58, "annual_rate": 0.3567, "max_mag": 3.9, "n_events": 13, "n_recent": 0}}, {"type": "Feature", "geometry": {"type": "Polygon", "coordinates": [[[40.5, 38.25], [40.75, 38.25], [40.75, 38.5], [40.5, 38.5], [40.5, 38.25]]]}, "properties": {"risk_index": 58, "annual_rate": 0.2744, "max_mag": 4.1, "n_events": 10, "n_recent": 1}}, {"type": "Feature", "geometry": {"type": "Polygon", "coordinates": [[[33.75, 40.25], [34.0, 40.25], [34.0, 40.5], [33.75, 40.5], [33.75, 40.25]]]}, "properties": {"risk_index": 58, "annual_rate": 0.3567, "max_mag": 3.9, "n_events": 13, "n_recent": 1}}, {"type": "Feature", "geometry": {"type": "Polygon", "coordinates": [[[35.75, 40.75], [36.0, 40.75], [36.0, 41.0], [35.75, 41.0], [35.75, 40.75]]]}, "properties": {"risk_index": 58, "annual_rate": 0.5762, "max_mag": 3.6, "n_events": 21, "n_recent": 3}}, {"type": "Feature", "geometry": {"type": "Polygon", "coordinates": [[[27.5, 38.25], [27.75, 38.25], [27.75, 38.5], [27.5, 38.5], [27.5, 38.25]]]}, "properties": {"risk_index": 58, "annual_rate": 0.4664, "max_mag": 3.7, "n_events": 17, "n_recent": 7}}, {"type": "Feature", "geometry": {"type": "Polygon", "coordinates": [[[39.5, 40.0], [39.75, 40.0], [39.75, 40.25], [39.5, 40.25], [39.5, 40.0]]]}, "properties": {"risk_index": 58, "annual_rate": 0.4664, "max_mag": 3.7, "n_events": 17, "n_recent": 3}}, {"type": "Feature", "geometry": {"type": "Polygon", "coordinates": [[[43.5, 41.75], [43.75, 41.75], [43.75, 42.0], [43.5, 42.0], [43.5, 41.75]]]}, "properties": {"risk_index": 58, "annual_rate": 0.2195, "max_mag": 4.3, "n_events": 8, "n_recent": 1}}, {"type": "Feature", "geometry": {"type": "Polygon", "coordinates": [[[42.75, 38.75], [43.0, 38.75], [43.0, 39.0], [42.75, 39.0], [42.75, 38.75]]]}, "properties": {"risk_index": 58, "annual_rate": 0.3567, "max_mag": 3.9, "n_events": 13, "n_recent": 1}}, {"type": "Feature", "geometry": {"type": "Polygon", "coordinates": [[[35.0, 36.75], [35.25, 36.75], [35.25, 37.0], [35.0, 37.0], [35.0, 36.75]]]}, "properties": {"risk_index": 58, "annual_rate": 0.1646, "max_mag": 4.6, "n_events": 6, "n_recent": 1}}, {"type": "Feature", "geometry": {"type": "Polygon", "coordinates": [[[42.0, 38.25], [42.25, 38.25], [42.25, 38.5], [42.0, 38.5], [42.0, 38.25]]]}, "properties": {"risk_index": 58, "annual_rate": 0.4664, "max_mag": 3.7, "n_events": 17, "n_recent": 2}}, {"type": "Feature", "geometry": {"type": "Polygon", "coordinates": [[[42.25, 40.0], [42.5, 40.0], [42.5, 40.25], [42.25, 40.25], [42.25, 40.0]]]}, "properties": {"risk_index": 58, "annual_rate": 0.3567, "max_mag": 3.9, "n_events": 13, "n_recent": 1}}, {"type": "Feature", "geometry": {"type": "Polygon", "coordinates": [[[32.75, 39.0], [33.0, 39.0], [33.0, 39.25], [32.75, 39.25], [32.75, 39.0]]]}, "properties": {"risk_index": 58, "annual_rate": 0.6859, "max_mag": 3.5, "n_events": 25, "n_recent": 1}}, {"type": "Feature", "geometry": {"type": "Polygon", "coordinates": [[[28.0, 40.5], [28.25, 40.5], [28.25, 40.75], [28.0, 40.75], [28.0, 40.5]]]}, "properties": {"risk_index": 58, "annual_rate": 0.3567, "max_mag": 3.9, "n_events": 13, "n_recent": 2}}, {"type": "Feature", "geometry": {"type": "Polygon", "coordinates": [[[40.25, 39.75], [40.5, 39.75], [40.5, 40.0], [40.25, 40.0], [40.25, 39.75]]]}, "properties": {"risk_index": 57, "annual_rate": 0.5487, "max_mag": 3.6, "n_events": 20, "n_recent": 2}}, {"type": "Feature", "geometry": {"type": "Polygon", "coordinates": [[[31.75, 36.5], [32.0, 36.5], [32.0, 36.75], [31.75, 36.75], [31.75, 36.5]]]}, "properties": {"risk_index": 57, "annual_rate": 0.1646, "max_mag": 4.5, "n_events": 6, "n_recent": 2}}, {"type": "Feature", "geometry": {"type": "Polygon", "coordinates": [[[30.75, 39.5], [31.0, 39.5], [31.0, 39.75], [30.75, 39.75], [30.75, 39.5]]]}, "properties": {"risk_index": 57, "annual_rate": 0.1646, "max_mag": 4.5, "n_events": 6, "n_recent": 0}}, {"type": "Feature", "geometry": {"type": "Polygon", "coordinates": [[[30.5, 38.25], [30.75, 38.25], [30.75, 38.5], [30.5, 38.5], [30.5, 38.25]]]}, "properties": {"risk_index": 57, "annual_rate": 0.3841, "max_mag": 3.8, "n_events": 14, "n_recent": 1}}, {"type": "Feature", "geometry": {"type": "Polygon", "coordinates": [[[34.5, 40.0], [34.75, 40.0], [34.75, 40.25], [34.5, 40.25], [34.5, 40.0]]]}, "properties": {"risk_index": 57, "annual_rate": 0.3841, "max_mag": 3.8, "n_events": 14, "n_recent": 3}}, {"type": "Feature", "geometry": {"type": "Polygon", "coordinates": [[[27.25, 37.5], [27.5, 37.5], [27.5, 37.75], [27.25, 37.75], [27.25, 37.5]]]}, "properties": {"risk_index": 57, "annual_rate": 0.5213, "max_mag": 3.6, "n_events": 19, "n_recent": 0}}, {"type": "Feature", "geometry": {"type": "Polygon", "coordinates": [[[35.0, 37.25], [35.25, 37.25], [35.25, 37.5], [35.0, 37.5], [35.0, 37.25]]]}, "properties": {"risk_index": 57, "annual_rate": 0.3841, "max_mag": 3.8, "n_events": 14, "n_recent": 9}}, {"type": "Feature", "geometry": {"type": "Polygon", "coordinates": [[[34.25, 40.5], [34.5, 40.5], [34.5, 40.75], [34.25, 40.75], [34.25, 40.5]]]}, "properties": {"risk_index": 57, "annual_rate": 0.5213, "max_mag": 3.6, "n_events": 19, "n_recent": 2}}, {"type": "Feature", "geometry": {"type": "Polygon", "coordinates": [[[34.5, 37.0], [34.75, 37.0], [34.75, 37.25], [34.5, 37.25], [34.5, 37.0]]]}, "properties": {"risk_index": 57, "annual_rate": 0.5487, "max_mag": 3.6, "n_events": 20, "n_recent": 1}}, {"type": "Feature", "geometry": {"type": "Polygon", "coordinates": [[[34.25, 39.0], [34.5, 39.0], [34.5, 39.25], [34.25, 39.25], [34.25, 39.0]]]}, "properties": {"risk_index": 57, "annual_rate": 0.3841, "max_mag": 3.8, "n_events": 14, "n_recent": 0}}, {"type": "Feature", "geometry": {"type": "Polygon", "coordinates": [[[26.0, 36.25], [26.25, 36.25], [26.25, 36.5], [26.0, 36.5], [26.0, 36.25]]]}, "properties": {"risk_index": 57, "annual_rate": 0.2195, "max_mag": 4.2, "n_events": 8, "n_recent": 2}}, {"type": "Feature", "geometry": {"type": "Polygon", "coordinates": [[[43.25, 36.75], [43.5, 36.75], [43.5, 37.0], [43.25, 37.0], [43.25, 36.75]]]}, "properties": {"risk_index": 57, "annual_rate": 0.1646, "max_mag": 4.5, "n_events": 6, "n_recent": 2}}, {"type": "Feature", "geometry": {"type": "Polygon", "coordinates": [[[25.75, 36.25], [26.0, 36.25], [26.0, 36.5], [25.75, 36.5], [25.75, 36.25]]]}, "properties": {"risk_index": 57, "annual_rate": 0.1646, "max_mag": 4.5, "n_events": 6, "n_recent": 2}}, {"type": "Feature", "geometry": {"type": "Polygon", "coordinates": [[[43.75, 37.0], [44.0, 37.0], [44.0, 37.25], [43.75, 37.25], [43.75, 37.0]]]}, "properties": {"risk_index": 57, "annual_rate": 0.3841, "max_mag": 3.8, "n_events": 14, "n_recent": 4}}, {"type": "Feature", "geometry": {"type": "Polygon", "coordinates": [[[27.25, 39.25], [27.5, 39.25], [27.5, 39.5], [27.25, 39.5], [27.25, 39.25]]]}, "properties": {"risk_index": 57, "annual_rate": 0.5213, "max_mag": 3.6, "n_events": 19, "n_recent": 1}}, {"type": "Feature", "geometry": {"type": "Polygon", "coordinates": [[[35.5, 36.5], [35.75, 36.5], [35.75, 36.75], [35.5, 36.75], [35.5, 36.5]]]}, "properties": {"risk_index": 57, "annual_rate": 0.2195, "max_mag": 4.2, "n_events": 8, "n_recent": 0}}, {"type": "Feature", "geometry": {"type": "Polygon", "coordinates": [[[35.75, 41.25], [36.0, 41.25], [36.0, 41.5], [35.75, 41.5], [35.75, 41.25]]]}, "properties": {"risk_index": 57, "annual_rate": 0.7956, "max_mag": 3.4, "n_events": 29, "n_recent": 0}}, {"type": "Feature", "geometry": {"type": "Polygon", "coordinates": [[[42.25, 40.5], [42.5, 40.5], [42.5, 40.75], [42.25, 40.75], [42.25, 40.5]]]}, "properties": {"risk_index": 56, "annual_rate": 0.3292, "max_mag": 3.9, "n_events": 12, "n_recent": 2}}, {"type": "Feature", "geometry": {"type": "Polygon", "coordinates": [[[37.75, 40.25], [38.0, 40.25], [38.0, 40.5], [37.75, 40.5], [37.75, 40.25]]]}, "properties": {"risk_index": 56, "annual_rate": 0.439, "max_mag": 3.7, "n_events": 16, "n_recent": 1}}, {"type": "Feature", "geometry": {"type": "Polygon", "coordinates": [[[29.0, 37.25], [29.25, 37.25], [29.25, 37.5], [29.0, 37.5], [29.0, 37.25]]]}, "properties": {"risk_index": 56, "annual_rate": 0.439, "max_mag": 3.7, "n_events": 16, "n_recent": 0}}, {"type": "Feature", "geometry": {"type": "Polygon", "coordinates": [[[32.5, 39.75], [32.75, 39.75], [32.75, 40.0], [32.5, 40.0], [32.5, 39.75]]]}, "properties": {"risk_index": 56, "annual_rate": 0.3292, "max_mag": 3.9, "n_events": 12, "n_recent": 1}}, {"type": "Feature", "geometry": {"type": "Polygon", "coordinates": [[[42.25, 39.75], [42.5, 39.75], [42.5, 40.0], [42.25, 40.0], [42.25, 39.75]]]}, "properties": {"risk_index": 56, "annual_rate": 0.3292, "max_mag": 3.9, "n_events": 12, "n_recent": 0}}, {"type": "Feature", "geometry": {"type": "Polygon", "coordinates": [[[38.75, 38.5], [39.0, 38.5], [39.0, 38.75], [38.75, 38.75], [38.75, 38.5]]]}, "properties": {"risk_index": 56, "annual_rate": 0.439, "max_mag": 3.7, "n_events": 16, "n_recent": 0}}, {"type": "Feature", "geometry": {"type": "Polygon", "coordinates": [[[37.25, 36.25], [37.5, 36.25], [37.5, 36.5], [37.25, 36.5], [37.25, 36.25]]]}, "properties": {"risk_index": 56, "annual_rate": 0.5762, "max_mag": 3.5, "n_events": 21, "n_recent": 0}}, {"type": "Feature", "geometry": {"type": "Polygon", "coordinates": [[[30.5, 39.5], [30.75, 39.5], [30.75, 39.75], [30.5, 39.75], [30.5, 39.5]]]}, "properties": {"risk_index": 56, "annual_rate": 0.3292, "max_mag": 3.9, "n_events": 12, "n_recent": 0}}, {"type": "Feature", "geometry": {"type": "Polygon", "coordinates": [[[33.75, 40.5], [34.0, 40.5], [34.0, 40.75], [33.75, 40.75], [33.75, 40.5]]]}, "properties": {"risk_index": 56, "annual_rate": 0.439, "max_mag": 3.7, "n_events": 16, "n_recent": 3}}, {"type": "Feature", "geometry": {"type": "Polygon", "coordinates": [[[33.75, 38.25], [34.0, 38.25], [34.0, 38.5], [33.75, 38.5], [33.75, 38.25]]]}, "properties": {"risk_index": 56, "annual_rate": 0.2744, "max_mag": 4.0, "n_events": 10, "n_recent": 0}}, {"type": "Feature", "geometry": {"type": "Polygon", "coordinates": [[[41.75, 40.25], [42.0, 40.25], [42.0, 40.5], [41.75, 40.5], [41.75, 40.25]]]}, "properties": {"risk_index": 56, "annual_rate": 0.1921, "max_mag": 4.3, "n_events": 7, "n_recent": 4}}, {"type": "Feature", "geometry": {"type": "Polygon", "coordinates": [[[39.75, 39.0], [40.0, 39.0], [40.0, 39.25], [39.75, 39.25], [39.75, 39.0]]]}, "properties": {"risk_index": 56, "annual_rate": 0.2744, "max_mag": 4.0, "n_events": 10, "n_recent": 2}}, {"type": "Feature", "geometry": {"type": "Polygon", "coordinates": [[[29.5, 40.75], [29.75, 40.75], [29.75, 41.0], [29.5, 41.0], [29.5, 40.75]]]}, "properties": {"risk_index": 56, "annual_rate": 0.1921, "max_mag": 4.3, "n_events": 7, "n_recent": 0}}, {"type": "Feature", "geometry": {"type": "Polygon", "coordinates": [[[38.25, 40.0], [38.5, 40.0], [38.5, 40.25], [38.25, 40.25], [38.25, 40.0]]]}, "properties": {"risk_index": 55, "annual_rate": 0.1921, "max_mag": 4.2, "n_events": 7, "n_recent": 0}}, {"type": "Feature", "geometry": {"type": "Polygon", "coordinates": [[[31.25, 39.0], [31.5, 39.0], [31.5, 39.25], [31.25, 39.25], [31.25, 39.0]]]}, "properties": {"risk_index": 55, "annual_rate": 0.3841, "max_mag": 3.7, "n_events": 14, "n_recent": 0}}, {"type": "Feature", "geometry": {"type": "Polygon", "coordinates": [[[38.5, 39.0], [38.75, 39.0], [38.75, 39.25], [38.5, 39.25], [38.5, 39.0]]]}, "properties": {"risk_index": 55, "annual_rate": 0.1921, "max_mag": 4.2, "n_events": 7, "n_recent": 0}}, {"type": "Feature", "geometry": {"type": "Polygon", "coordinates": [[[29.0, 36.5], [29.25, 36.5], [29.25, 36.75], [29.0, 36.75], [29.0, 36.5]]]}, "properties": {"risk_index": 55, "annual_rate": 0.4115, "max_mag": 3.7, "n_events": 15, "n_recent": 2}}, {"type": "Feature", "geometry": {"type": "Polygon", "coordinates": [[[38.5, 40.0], [38.75, 40.0], [38.75, 40.25], [38.5, 40.25], [38.5, 40.0]]]}, "properties": {"risk_index": 55, "annual_rate": 0.4664, "max_mag": 3.6, "n_events": 17, "n_recent": 2}}, {"type": "Feature", "geometry": {"type": "Polygon", "coordinates": [[[36.5, 35.5], [36.75, 35.5], [36.75, 35.75], [36.5, 35.75], [36.5, 35.5]]]}, "properties": {"risk_index": 55, "annual_rate": 0.1372, "max_mag": 4.6, "n_events": 5, "n_recent": 2}}, {"type": "Feature", "geometry": {"type": "Polygon", "coordinates": [[[26.5, 36.25], [26.75, 36.25], [26.75, 36.5], [26.5, 36.5], [26.5, 36.25]]]}, "properties": {"risk_index": 55, "annual_rate": 0.3841, "max_mag": 3.7, "n_events": 14, "n_recent": 5}}, {"type": "Feature", "geometry": {"type": "Polygon", "coordinates": [[[40.0, 38.25], [40.25, 38.25], [40.25, 38.5], [40.0, 38.5], [40.0, 38.25]]]}, "properties": {"risk_index": 55, "annual_rate": 0.2469, "max_mag": 4.0, "n_events": 9, "n_recent": 4}}, {"type": "Feature", "geometry": {"type": "Polygon", "coordinates": [[[30.0, 39.75], [30.25, 39.75], [30.25, 40.0], [30.0, 40.0], [30.0, 39.75]]]}, "properties": {"risk_index": 55, "annual_rate": 0.2469, "max_mag": 4.0, "n_events": 9, "n_recent": 0}}, {"type": "Feature", "geometry": {"type": "Polygon", "coordinates": [[[40.75, 36.0], [41.0, 36.0], [41.0, 36.25], [40.75, 36.25], [40.75, 36.0]]]}, "properties": {"risk_index": 55, "annual_rate": 0.1921, "max_mag": 4.2, "n_events": 7, "n_recent": 1}}, {"type": "Feature", "geometry": {"type": "Polygon", "coordinates": [[[34.5, 37.5], [34.75, 37.5], [34.75, 37.75], [34.5, 37.75], [34.5, 37.5]]]}, "properties": {"risk_index": 55, "annual_rate": 0.3018, "max_mag": 3.9, "n_events": 11, "n_recent": 5}}, {"type": "Feature", "geometry": {"type": "Polygon", "coordinates": [[[29.5, 36.75], [29.75, 36.75], [29.75, 37.0], [29.5, 37.0], [29.5, 36.75]]]}, "properties": {"risk_index": 55, "annual_rate": 0.3018, "max_mag": 3.9, "n_events": 11, "n_recent": 6}}, {"type": "Feature", "geometry": {"type": "Polygon", "coordinates": [[[32.5, 39.0], [32.75, 39.0], [32.75, 39.25], [32.5, 39.25], [32.5, 39.0]]]}, "properties": {"risk_index": 55, "annual_rate": 0.2195, "max_mag": 4.1, "n_events": 8, "n_recent": 2}}, {"type": "Feature", "geometry": {"type": "Polygon", "coordinates": [[[35.25, 40.25], [35.5, 40.25], [35.5, 40.5], [35.25, 40.5], [35.25, 40.25]]]}, "properties": {"risk_index": 55, "annual_rate": 0.3841, "max_mag": 3.7, "n_events": 14, "n_recent": 1}}, {"type": "Feature", "geometry": {"type": "Polygon", "coordinates": [[[30.5, 38.75], [30.75, 38.75], [30.75, 39.0], [30.5, 39.0], [30.5, 38.75]]]}, "properties": {"risk_index": 55, "annual_rate": 0.3841, "max_mag": 3.7, "n_events": 14, "n_recent": 1}}, {"type": "Feature", "geometry": {"type": "Polygon", "coordinates": [[[35.0, 38.0], [35.25, 38.0], [35.25, 38.25], [35.0, 38.25], [35.0, 38.0]]]}, "properties": {"risk_index": 55, "annual_rate": 0.3841, "max_mag": 3.7, "n_events": 14, "n_recent": 1}}, {"type": "Feature", "geometry": {"type": "Polygon", "coordinates": [[[32.5, 39.25], [32.75, 39.25], [32.75, 39.5], [32.5, 39.5], [32.5, 39.25]]]}, "properties": {"risk_index": 55, "annual_rate": 0.2469, "max_mag": 4.0, "n_events": 9, "n_recent": 1}}, {"type": "Feature", "geometry": {"type": "Polygon", "coordinates": [[[28.0, 41.0], [28.25, 41.0], [28.25, 41.25], [28.0, 41.25], [28.0, 41.0]]]}, "properties": {"risk_index": 55, "annual_rate": 0.1097, "max_mag": 5.0, "n_events": 4, "n_recent": 0}}, {"type": "Feature", "geometry": {"type": "Polygon", "coordinates": [[[30.75, 35.5], [31.0, 35.5], [31.0, 35.75], [30.75, 35.75], [30.75, 35.5]]]}, "properties": {"risk_index": 55, "annual_rate": 0.3567, "max_mag": 3.8, "n_events": 13, "n_recent": 3}}, {"type": "Feature", "geometry": {"type": "Polygon", "coordinates": [[[27.75, 38.0], [28.0, 38.0], [28.0, 38.25], [27.75, 38.25], [27.75, 38.0]]]}, "properties": {"risk_index": 55, "annual_rate": 0.2195, "max_mag": 4.1, "n_events": 8, "n_recent": 1}}, {"type": "Feature", "geometry": {"type": "Polygon", "coordinates": [[[36.25, 40.0], [36.5, 40.0], [36.5, 40.25], [36.25, 40.25], [36.25, 40.0]]]}, "properties": {"risk_index": 55, "annual_rate": 0.2469, "max_mag": 4.0, "n_events": 9, "n_recent": 0}}, {"type": "Feature", "geometry": {"type": "Polygon", "coordinates": [[[37.0, 40.25], [37.25, 40.25], [37.25, 40.5], [37.0, 40.5], [37.0, 40.25]]]}, "properties": {"risk_index": 55, "annual_rate": 0.2469, "max_mag": 4.0, "n_events": 9, "n_recent": 1}}, {"type": "Feature", "geometry": {"type": "Polygon", "coordinates": [[[35.0, 40.0], [35.25, 40.0], [35.25, 40.25], [35.0, 40.25], [35.0, 40.0]]]}, "properties": {"risk_index": 55, "annual_rate": 0.2469, "max_mag": 4.0, "n_events": 9, "n_recent": 1}}, {"type": "Feature", "geometry": {"type": "Polygon", "coordinates": [[[29.5, 38.75], [29.75, 38.75], [29.75, 39.0], [29.5, 39.0], [29.5, 38.75]]]}, "properties": {"risk_index": 55, "annual_rate": 0.1921, "max_mag": 4.2, "n_events": 7, "n_recent": 1}}, {"type": "Feature", "geometry": {"type": "Polygon", "coordinates": [[[29.75, 38.5], [30.0, 38.5], [30.0, 38.75], [29.75, 38.75], [29.75, 38.5]]]}, "properties": {"risk_index": 55, "annual_rate": 0.2469, "max_mag": 4.0, "n_events": 9, "n_recent": 0}}, {"type": "Feature", "geometry": {"type": "Polygon", "coordinates": [[[26.25, 37.0], [26.5, 37.0], [26.5, 37.25], [26.25, 37.25], [26.25, 37.0]]]}, "properties": {"risk_index": 54, "annual_rate": 0.1646, "max_mag": 4.3, "n_events": 6, "n_recent": 0}}, {"type": "Feature", "geometry": {"type": "Polygon", "coordinates": [[[35.75, 38.5], [36.0, 38.5], [36.0, 38.75], [35.75, 38.75], [35.75, 38.5]]]}, "properties": {"risk_index": 54, "annual_rate": 0.3292, "max_mag": 3.8, "n_events": 12, "n_recent": 0}}, {"type": "Feature", "geometry": {"type": "Polygon", "coordinates": [[[42.0, 41.5], [42.25, 41.5], [42.25, 41.75], [42.0, 41.75], [42.0, 41.5]]]}, "properties": {"risk_index": 54, "annual_rate": 0.1372, "max_mag": 4.5, "n_events": 5, "n_recent": 3}}, {"type": "Feature", "geometry": {"type": "Polygon", "coordinates": [[[38.0, 37.5], [38.25, 37.5], [38.25, 37.75], [38.0, 37.75], [38.0, 37.5]]]}, "properties": {"risk_index": 54, "annual_rate": 0.439, "max_mag": 3.6, "n_events": 16, "n_recent": 1}}, {"type": "Feature", "geometry": {"type": "Polygon", "coordinates": [[[26.25, 39.75], [26.5, 39.75], [26.5, 40.0], [26.25, 40.0], [26.25, 39.75]]]}, "properties": {"risk_index": 54, "annual_rate": 0.1646, "max_mag": 4.3, "n_events": 6, "n_recent": 0}}, {"type": "Feature", "geometry": {"type": "Polygon", "coordinates": [[[33.5, 39.75], [33.75, 39.75], [33.75, 40.0], [33.5, 40.0], [33.5, 39.75]]]}, "properties": {"risk_index": 54, "annual_rate": 0.5762, "max_mag": 3.4, "n_events": 21, "n_recent": 0}}, {"type": "Feature", "geometry": {"type": "Polygon", "coordinates": [[[35.0, 36.25], [35.25, 36.25], [35.25, 36.5], [35.0, 36.5], [35.0, 36.25]]]}, "properties": {"risk_index": 54, "annual_rate": 0.1372, "max_mag": 4.5, "n_events": 5, "n_recent": 0}}, {"type": "Feature", "geometry": {"type": "Polygon", "coordinates": [[[40.75, 40.25], [41.0, 40.25], [41.0, 40.5], [40.75, 40.5], [40.75, 40.25]]]}, "properties": {"risk_index": 54, "annual_rate": 0.3567, "max_mag": 3.7, "n_events": 13, "n_recent": 1}}, {"type": "Feature", "geometry": {"type": "Polygon", "coordinates": [[[27.75, 37.75], [28.0, 37.75], [28.0, 38.0], [27.75, 38.0], [27.75, 37.75]]]}, "properties": {"risk_index": 54, "annual_rate": 0.2744, "max_mag": 3.9, "n_events": 10, "n_recent": 3}}, {"type": "Feature", "geometry": {"type": "Polygon", "coordinates": [[[36.25, 39.25], [36.5, 39.25], [36.5, 39.5], [36.25, 39.5], [36.25, 39.25]]]}, "properties": {"risk_index": 54, "annual_rate": 0.3292, "max_mag": 3.8, "n_events": 12, "n_recent": 1}}, {"type": "Feature", "geometry": {"type": "Polygon", "coordinates": [[[33.75, 36.75], [34.0, 36.75], [34.0, 37.0], [33.75, 37.0], [33.75, 36.75]]]}, "properties": {"risk_index": 54, "annual_rate": 0.4938, "max_mag": 3.5, "n_events": 18, "n_recent": 1}}, {"type": "Feature", "geometry": {"type": "Polygon", "coordinates": [[[30.75, 36.25], [31.0, 36.25], [31.0, 36.5], [30.75, 36.5], [30.75, 36.25]]]}, "properties": {"risk_index": 54, "annual_rate": 0.439, "max_mag": 3.6, "n_events": 16, "n_recent": 0}}, {"type": "Feature", "geometry": {"type": "Polygon", "coordinates": [[[27.5, 37.5], [27.75, 37.5], [27.75, 37.75], [27.5, 37.75], [27.5, 37.5]]]}, "properties": {"risk_index": 54, "annual_rate": 0.2744, "max_mag": 3.9, "n_events": 10, "n_recent": 1}}, {"type": "Feature", "geometry": {"type": "Polygon", "coordinates": [[[38.75, 39.0], [39.0, 39.0], [39.0, 39.25], [38.75, 39.25], [38.75, 39.0]]]}, "properties": {"risk_index": 54, "annual_rate": 0.2744, "max_mag": 3.9, "n_events": 10, "n_recent": 5}}, {"type": "Feature", "geometry": {"type": "Polygon", "coordinates": [[[26.5, 40.5], [26.75, 40.5], [26.75, 40.75], [26.5, 40.75], [26.5, 40.5]]]}, "properties": {"risk_index": 54, "annual_rate": 0.1372, "max_mag": 4.5, "n_events": 5, "n_recent": 1}}, {"type": "Feature", "geometry": {"type": "Polygon", "coordinates": [[[44.25, 37.25], [44.5, 37.25], [44.5, 37.5], [44.25, 37.5], [44.25, 37.25]]]}, "properties": {"risk_index": 54, "annual_rate": 0.1646, "max_mag": 4.3, "n_events": 6, "n_recent": 1}}, {"type": "Feature", "geometry": {"type": "Polygon", "coordinates": [[[31.5, 36.25], [31.75, 36.25], [31.75, 36.5], [31.5, 36.5], [31.5, 36.25]]]}, "properties": {"risk_index": 54, "annual_rate": 0.3567, "max_mag": 3.7, "n_events": 13, "n_recent": 3}}, {"type": "Feature", "geometry": {"type": "Polygon", "coordinates": [[[40.25, 39.5], [40.5, 39.5], [40.5, 39.75], [40.25, 39.75], [40.25, 39.5]]]}, "properties": {"risk_index": 54, "annual_rate": 0.2744, "max_mag": 3.9, "n_events": 10, "n_recent": 4}}, {"type": "Feature", "geometry": {"type": "Polygon", "coordinates": [[[28.75, 35.75], [29.0, 35.75], [29.0, 36.0], [28.75, 36.0], [28.75, 35.75]]]}, "properties": {"risk_index": 54, "annual_rate": 0.439, "max_mag": 3.6, "n_events": 16, "n_recent": 1}}, {"type": "Feature", "geometry": {"type": "Polygon", "coordinates": [[[29.25, 39.25], [29.5, 39.25], [29.5, 39.5], [29.25, 39.5], [29.25, 39.25]]]}, "properties": {"risk_index": 53, "annual_rate": 0.4115, "max_mag": 3.6, "n_events": 15, "n_recent": 0}}, {"type": "Feature", "geometry": {"type": "Polygon", "coordinates": [[[37.5, 38.5], [37.75, 38.5], [37.75, 38.75], [37.5, 38.75], [37.5, 38.5]]]}, "properties": {"risk_index": 53, "annual_rate": 0.1921, "max_mag": 4.1, "n_events": 7, "n_recent": 2}}, {"type": "Feature", "geometry": {"type": "Polygon", "coordinates": [[[44.0, 39.75], [44.25, 39.75], [44.25, 40.0], [44.0, 40.0], [44.0, 39.75]]]}, "properties": {"risk_index": 53, "annual_rate": 0.1372, "max_mag": 4.4, "n_events": 5, "n_recent": 1}}, {"type": "Feature", "geometry": {"type": "Polygon", "coordinates": [[[43.25, 39.0], [43.5, 39.0], [43.5, 39.25], [43.25, 39.25], [43.25, 39.0]]]}, "properties": {"risk_index": 53, "annual_rate": 0.1921, "max_mag": 4.1, "n_events": 7, "n_recent": 2}}, {"type": "Feature", "geometry": {"type": "Polygon", "coordinates": [[[43.5, 39.75], [43.75, 39.75], [43.75, 40.0], [43.5, 40.0], [43.5, 39.75]]]}, "properties": {"risk_index": 53, "annual_rate": 0.2195, "max_mag": 4.0, "n_events": 8, "n_recent": 3}}, {"type": "Feature", "geometry": {"type": "Polygon", "coordinates": [[[42.5, 38.25], [42.75, 38.25], [42.75, 38.5], [42.5, 38.5], [42.5, 38.25]]]}, "properties": {"risk_index": 53, "annual_rate": 0.3018, "max_mag": 3.8, "n_events": 11, "n_recent": 2}}, {"type": "Feature", "geometry": {"type": "Polygon", "coordinates": [[[33.5, 38.5], [33.75, 38.5], [33.75, 38.75], [33.5, 38.75], [33.5, 38.5]]]}, "properties": {"risk_index": 53, "annual_rate": 0.2195, "max_mag": 4.0, "n_events": 8, "n_recent": 2}}, {"type": "Feature", "geometry": {"type": "Polygon", "coordinates": [[[32.0, 37.5], [32.25, 37.5], [32.25, 37.75], [32.0, 37.75], [32.0, 37.5]]]}, "properties": {"risk_index": 53, "annual_rate": 0.3018, "max_mag": 3.8, "n_events": 11, "n_recent": 2}}, {"type": "Feature", "geometry": {"type": "Polygon", "coordinates": [[[30.25, 40.25], [30.5, 40.25], [30.5, 40.5], [30.25, 40.5], [30.25, 40.25]]]}, "properties": {"risk_index": 53, "annual_rate": 0.1921, "max_mag": 4.1, "n_events": 7, "n_recent": 0}}, {"type": "Feature", "geometry": {"type": "Polygon", "coordinates": [[[38.75, 36.75], [39.0, 36.75], [39.0, 37.0], [38.75, 37.0], [38.75, 36.75]]]}, "properties": {"risk_index": 53, "annual_rate": 0.4664, "max_mag": 3.5, "n_events": 17, "n_recent": 4}}, {"type": "Feature", "geometry": {"type": "Polygon", "coordinates": [[[42.5, 40.75], [42.75, 40.75], [42.75, 41.0], [42.5, 41.0], [42.5, 40.75]]]}, "properties": {"risk_index": 53, "annual_rate": 0.2195, "max_mag": 4.0, "n_events": 8, "n_recent": 1}}, {"type": "Feature", "geometry": {"type": "Polygon", "coordinates": [[[25.75, 40.5], [26.0, 40.5], [26.0, 40.75], [25.75, 40.75], [25.75, 40.5]]]}, "properties": {"risk_index": 53, "annual_rate": 0.3018, "max_mag": 3.8, "n_events": 11, "n_recent": 0}}, {"type": "Feature", "geometry": {"type": "Polygon", "coordinates": [[[43.75, 36.5], [44.0, 36.5], [44.0, 36.75], [43.75, 36.75], [43.75, 36.5]]]}, "properties": {"risk_index": 53, "annual_rate": 0.1097, "max_mag": 4.7, "n_events": 4, "n_recent": 1}}, {"type": "Feature", "geometry": {"type": "Polygon", "coordinates": [[[44.5, 39.5], [44.75, 39.5], [44.75, 39.75], [44.5, 39.75], [44.5, 39.5]]]}, "properties": {"risk_index": 53, "annual_rate": 0.3018, "max_mag": 3.8, "n_events": 11, "n_recent": 8}}, {"type": "Feature", "geometry": {"type": "Polygon", "coordinates": [[[30.75, 38.25], [31.0, 38.25], [31.0, 38.5], [30.75, 38.5], [30.75, 38.25]]]}, "properties": {"risk_index": 53, "annual_rate": 0.4664, "max_mag": 3.5, "n_events": 17, "n_recent": 0}}, {"type": "Feature", "geometry": {"type": "Polygon", "coordinates": [[[39.75, 38.0], [40.0, 38.0], [40.0, 38.25], [39.75, 38.25], [39.75, 38.0]]]}, "properties": {"risk_index": 53, "annual_rate": 0.2195, "max_mag": 4.0, "n_events": 8, "n_recent": 5}}, {"type": "Feature", "geometry": {"type": "Polygon", "coordinates": [[[44.5, 40.0], [44.75, 40.0], [44.75, 40.25], [44.5, 40.25], [44.5, 40.0]]]}, "properties": {"risk_index": 53, "annual_rate": 0.1097, "max_mag": 4.7, "n_events": 4, "n_recent": 0}}, {"type": "Feature", "geometry": {"type": "Polygon", "coordinates": [[[41.25, 41.25], [41.5, 41.25], [41.5, 41.5], [41.25, 41.5], [41.25, 41.25]]]}, "properties": {"risk_index": 53, "annual_rate": 0.1646, "max_mag": 4.2, "n_events": 6, "n_recent": 0}}, {"type": "Feature", "geometry": {"type": "Polygon", "coordinates": [[[30.5, 38.0], [30.75, 38.0], [30.75, 38.25], [30.5, 38.25], [30.5, 38.0]]]}, "properties": {"risk_index": 53, "annual_rate": 0.1921, "max_mag": 4.1, "n_events": 7, "n_recent": 0}}, {"type": "Feature", "geometry": {"type": "Polygon", "coordinates": [[[35.25, 35.75], [35.5, 35.75], [35.5, 36.0], [35.25, 36.0], [35.25, 35.75]]]}, "properties": {"risk_index": 53, "annual_rate": 0.1921, "max_mag": 4.1, "n_events": 7, "n_recent": 3}}, {"type": "Feature", "geometry": {"type": "Polygon", "coordinates": [[[36.25, 35.5], [36.5, 35.5], [36.5, 35.75], [36.25, 35.75], [36.25, 35.5]]]}, "properties": {"risk_index": 53, "annual_rate": 0.1921, "max_mag": 4.1, "n_events": 7, "n_recent": 2}}, {"type": "Feature", "geometry": {"type": "Polygon", "coordinates": [[[41.0, 38.0], [41.25, 38.0], [41.25, 38.25], [41.0, 38.25], [41.0, 38.0]]]}, "properties": {"risk_index": 53, "annual_rate": 0.1372, "max_mag": 4.4, "n_events": 5, "n_recent": 0}}, {"type": "Feature", "geometry": {"type": "Polygon", "coordinates": [[[33.25, 40.75], [33.5, 40.75], [33.5, 41.0], [33.25, 41.0], [33.25, 40.75]]]}, "properties": {"risk_index": 53, "annual_rate": 0.3018, "max_mag": 3.8, "n_events": 11, "n_recent": 3}}, {"type": "Feature", "geometry": {"type": "Polygon", "coordinates": [[[35.5, 37.75], [35.75, 37.75], [35.75, 38.0], [35.5, 38.0], [35.5, 37.75]]]}, "properties": {"risk_index": 52, "annual_rate": 0.2469, "max_mag": 3.9, "n_events": 9, "n_recent": 4}}, {"type": "Feature", "geometry": {"type": "Polygon", "coordinates": [[[36.75, 36.25], [37.0, 36.25], [37.0, 36.5], [36.75, 36.5], [36.75, 36.25]]]}, "properties": {"risk_index": 52, "annual_rate": 0.6036, "max_mag": 3.3, "n_events": 22, "n_recent": 0}}, {"type": "Feature", "geometry": {"type": "Polygon", "coordinates": [[[27.0, 39.25], [27.25, 39.25], [27.25, 39.5], [27.0, 39.5], [27.0, 39.25]]]}, "properties": {"risk_index": 52, "annual_rate": 0.439, "max_mag": 3.5, "n_events": 16, "n_recent": 0}}, {"type": "Feature", "geometry": {"type": "Polygon", "coordinates": [[[44.25, 39.0], [44.5, 39.0], [44.5, 39.25], [44.25, 39.25], [44.25, 39.0]]]}, "properties": {"risk_index": 52, "annual_rate": 0.2744, "max_mag": 3.8, "n_events": 10, "n_recent": 1}}, {"type": "Feature", "geometry": {"type": "Polygon", "coordinates": [[[26.5, 37.25], [26.75, 37.25], [26.75, 37.5], [26.5, 37.5], [26.5, 37.25]]]}, "properties": {"risk_index": 52, "annual_rate": 0.3841, "max_mag": 3.6, "n_events": 14, "n_recent": 1}}, {"type": "Feature", "geometry": {"type": "Polygon", "coordinates": [[[34.0, 36.25], [34.25, 36.25], [34.25, 36.5], [34.0, 36.5], [34.0, 36.25]]]}, "properties": {"risk_index": 52, "annual_rate": 0.2744, "max_mag": 3.8, "n_events": 10, "n_recent": 2}}, {"type": "Feature", "geometry": {"type": "Polygon", "coordinates": [[[39.0, 41.0], [39.25, 41.0], [39.25, 41.25], [39.0, 41.25], [39.0, 41.0]]]}, "properties": {"risk_index": 52, "annual_rate": 0.439, "max_mag": 3.5, "n_events": 16, "n_recent": 2}}, {"type": "Feature", "geometry": {"type": "Polygon", "coordinates": [[[26.75, 40.25], [27.0, 40.25], [27.0, 40.5], [26.75, 40.5], [26.75, 40.25]]]}, "properties": {"risk_index": 52, "annual_rate": 0.2744, "max_mag": 3.8, "n_events": 10, "n_recent": 5}}, {"type": "Feature", "geometry": {"type": "Polygon", "coordinates": [[[30.75, 36.75], [31.0, 36.75], [31.0, 37.0], [30.75, 37.0], [30.75, 36.75]]]}, "properties": {"risk_index": 52, "annual_rate": 0.439, "max_mag": 3.5, "n_events": 16, "n_recent": 3}}, {"type": "Feature", "geometry": {"type": "Polygon", "coordinates": [[[30.0, 37.25], [30.25, 37.25], [30.25, 37.5], [30.0, 37.5], [30.0, 37.25]]]}, "properties": {"risk_index": 52, "annual_rate": 0.2744, "max_mag": 3.8, "n_events": 10, "n_recent": 1}}, {"type": "Feature", "geometry": {"type": "Polygon", "coordinates": [[[36.75, 36.75], [37.0, 36.75], [37.0, 37.0], [36.75, 37.0], [36.75, 36.75]]]}, "properties": {"risk_index": 52, "annual_rate": 0.3841, "max_mag": 3.6, "n_events": 14, "n_recent": 2}}, {"type": "Feature", "geometry": {"type": "Polygon", "coordinates": [[[29.25, 40.0], [29.5, 40.0], [29.5, 40.25], [29.25, 40.25], [29.25, 40.0]]]}, "properties": {"risk_index": 52, "annual_rate": 0.3841, "max_mag": 3.6, "n_events": 14, "n_recent": 1}}, {"type": "Feature", "geometry": {"type": "Polygon", "coordinates": [[[37.0, 39.25], [37.25, 39.25], [37.25, 39.5], [37.0, 39.5], [37.0, 39.25]]]}, "properties": {"risk_index": 52, "annual_rate": 0.3292, "max_mag": 3.7, "n_events": 12, "n_recent": 1}}, {"type": "Feature", "geometry": {"type": "Polygon", "coordinates": [[[36.25, 40.5], [36.5, 40.5], [36.5, 40.75], [36.25, 40.75], [36.25, 40.5]]]}, "properties": {"risk_index": 52, "annual_rate": 0.2469, "max_mag": 3.9, "n_events": 9, "n_recent": 2}}, {"type": "Feature", "geometry": {"type": "Polygon", "coordinates": [[[32.75, 39.75], [33.0, 39.75], [33.0, 40.0], [32.75, 40.0], [32.75, 39.75]]]}, "properties": {"risk_index": 52, "annual_rate": 0.439, "max_mag": 3.5, "n_events": 16, "n_recent": 2}}, {"type": "Feature", "geometry": {"type": "Polygon", "coordinates": [[[32.0, 35.5], [32.25, 35.5], [32.25, 35.75], [32.0, 35.75], [32.0, 35.5]]]}, "properties": {"risk_index": 52, "annual_rate": 0.3292, "max_mag": 3.7, "n_events": 12, "n_recent": 4}}, {"type": "Feature", "geometry": {"type": "Polygon", "coordinates": [[[44.25, 39.5], [44.5, 39.5], [44.5, 39.75], [44.25, 39.75], [44.25, 39.5]]]}, "properties": {"risk_index": 51, "annual_rate": 0.2195, "max_mag": 3.9, "n_events": 8, "n_recent": 0}}, {"type": "Feature", "geometry": {"type": "Polygon", "coordinates": [[[43.5, 41.25], [43.75, 41.25], [43.75, 41.5], [43.5, 41.5], [43.5, 41.25]]]}, "properties": {"risk_index": 51, "annual_rate": 0.3018, "max_mag": 3.7, "n_events": 11, "n_recent": 2}}, {"type": "Feature", "geometry": {"type": "Polygon", "coordinates": [[[36.25, 40.25], [36.5, 40.25], [36.5, 40.5], [36.25, 40.5], [36.25, 40.25]]]}, "properties": {"risk_index": 51, "annual_rate": 0.2195, "max_mag": 3.9, "n_events": 8, "n_recent": 3}}, {"type": "Feature", "geometry": {"type": "Polygon", "coordinates": [[[36.0, 40.25], [36.25, 40.25], [36.25, 40.5], [36.0, 40.5], [36.0, 40.25]]]}, "properties": {"risk_index": 51, "annual_rate": 0.1646, "max_mag": 4.1, "n_events": 6, "n_recent": 1}}, {"type": "Feature", "geometry": {"type": "Polygon", "coordinates": [[[40.0, 41.0], [40.25, 41.0], [40.25, 41.25], [40.0, 41.25], [40.0, 41.0]]]}, "properties": {"risk_index": 51, "annual_rate": 0.1921, "max_mag": 4.0, "n_events": 7, "n_recent": 0}}, {"type": "Feature", "geometry": {"type": "Polygon", "coordinates": [[[25.5, 35.5], [25.75, 35.5], [25.75, 35.75], [25.5, 35.75], [25.5, 35.5]]]}, "properties": {"risk_index": 51, "annual_rate": 0.1921, "max_mag": 4.0, "n_events": 7, "n_recent": 6}}, {"type": "Feature", "geometry": {"type": "Polygon", "coordinates": [[[44.75, 42.25], [45.0, 42.25], [45.0, 42.5], [44.75, 42.5], [44.75, 42.25]]]}, "properties": {"risk_index": 51, "annual_rate": 0.1372, "max_mag": 4.3, "n_events": 5, "n_recent": 3}}, {"type": "Feature", "geometry": {"type": "Polygon", "coordinates": [[[42.25, 36.75], [42.5, 36.75], [42.5, 37.0], [42.25, 37.0], [42.25, 36.75]]]}, "properties": {"risk_index": 51, "annual_rate": 0.1921, "max_mag": 4.0, "n_events": 7, "n_recent": 2}}, {"type": "Feature", "geometry": {"type": "Polygon", "coordinates": [[[25.5, 35.75], [25.75, 35.75], [25.75, 36.0], [25.5, 36.0], [25.5, 35.75]]]}, "properties": {"risk_index": 51, "annual_rate": 0.1921, "max_mag": 4.0, "n_events": 7, "n_recent": 5}}, {"type": "Feature", "geometry": {"type": "Polygon", "coordinates": [[[36.5, 35.75], [36.75, 35.75], [36.75, 36.0], [36.5, 36.0], [36.5, 35.75]]]}, "properties": {"risk_index": 51, "annual_rate": 0.1921, "max_mag": 4.0, "n_events": 7, "n_recent": 1}}, {"type": "Feature", "geometry": {"type": "Polygon", "coordinates": [[[43.5, 38.0], [43.75, 38.0], [43.75, 38.25], [43.5, 38.25], [43.5, 38.0]]]}, "properties": {"risk_index": 51, "annual_rate": 0.1097, "max_mag": 4.5, "n_events": 4, "n_recent": 0}}, {"type": "Feature", "geometry": {"type": "Polygon", "coordinates": [[[40.5, 35.75], [40.75, 35.75], [40.75, 36.0], [40.5, 36.0], [40.5, 35.75]]]}, "properties": {"risk_index": 51, "annual_rate": 0.1372, "max_mag": 4.3, "n_events": 5, "n_recent": 0}}, {"type": "Feature", "geometry": {"type": "Polygon", "coordinates": [[[26.25, 36.0], [26.5, 36.0], [26.5, 36.25], [26.25, 36.25], [26.25, 36.0]]]}, "properties": {"risk_index": 51, "annual_rate": 0.1921, "max_mag": 4.0, "n_events": 7, "n_recent": 3}}, {"type": "Feature", "geometry": {"type": "Polygon", "coordinates": [[[30.25, 38.0], [30.5, 38.0], [30.5, 38.25], [30.25, 38.25], [30.25, 38.0]]]}, "properties": {"risk_index": 51, "annual_rate": 0.3018, "max_mag": 3.7, "n_events": 11, "n_recent": 1}}, {"type": "Feature", "geometry": {"type": "Polygon", "coordinates": [[[44.0, 37.75], [44.25, 37.75], [44.25, 38.0], [44.0, 38.0], [44.0, 37.75]]]}, "properties": {"risk_index": 51, "annual_rate": 0.1921, "max_mag": 4.0, "n_events": 7, "n_recent": 0}}, {"type": "Feature", "geometry": {"type": "Polygon", "coordinates": [[[41.25, 36.25], [41.5, 36.25], [41.5, 36.5], [41.25, 36.5], [41.25, 36.25]]]}, "properties": {"risk_index": 51, "annual_rate": 0.1646, "max_mag": 4.1, "n_events": 6, "n_recent": 2}}, {"type": "Feature", "geometry": {"type": "Polygon", "coordinates": [[[29.5, 36.5], [29.75, 36.5], [29.75, 36.75], [29.5, 36.75], [29.5, 36.5]]]}, "properties": {"risk_index": 51, "annual_rate": 0.1097, "max_mag": 4.5, "n_events": 4, "n_recent": 0}}, {"type": "Feature", "geometry": {"type": "Polygon", "coordinates": [[[34.25, 36.25], [34.5, 36.25], [34.5, 36.5], [34.25, 36.5], [34.25, 36.25]]]}, "properties": {"risk_index": 51, "annual_rate": 0.1097, "max_mag": 4.5, "n_events": 4, "n_recent": 3}}, {"type": "Feature", "geometry": {"type": "Polygon", "coordinates": [[[43.5, 37.0], [43.75, 37.0], [43.75, 37.25], [43.5, 37.25], [43.5, 37.0]]]}, "properties": {"risk_index": 51, "annual_rate": 0.1372, "max_mag": 4.3, "n_events": 5, "n_recent": 0}}, {"type": "Feature", "geometry": {"type": "Polygon", "coordinates": [[[37.75, 37.25], [38.0, 37.25], [38.0, 37.5], [37.75, 37.5], [37.75, 37.25]]]}, "properties": {"risk_index": 51, "annual_rate": 0.3018, "max_mag": 3.7, "n_events": 11, "n_recent": 4}}, {"type": "Feature", "geometry": {"type": "Polygon", "coordinates": [[[28.75, 37.25], [29.0, 37.25], [29.0, 37.5], [28.75, 37.5], [28.75, 37.25]]]}, "properties": {"risk_index": 51, "annual_rate": 0.4115, "max_mag": 3.5, "n_events": 15, "n_recent": 1}}, {"type": "Feature", "geometry": {"type": "Polygon", "coordinates": [[[35.5, 38.5], [35.75, 38.5], [35.75, 38.75], [35.5, 38.75], [35.5, 38.5]]]}, "properties": {"risk_index": 51, "annual_rate": 0.5762, "max_mag": 3.3, "n_events": 21, "n_recent": 0}}, {"type": "Feature", "geometry": {"type": "Polygon", "coordinates": [[[25.75, 39.75], [26.0, 39.75], [26.0, 40.0], [25.75, 40.0], [25.75, 39.75]]]}, "properties": {"risk_index": 50, "annual_rate": 0.2469, "max_mag": 3.8, "n_events": 9, "n_recent": 0}}, {"type": "Feature", "geometry": {"type": "Polygon", "coordinates": [[[42.25, 40.75], [42.5, 40.75], [42.5, 41.0], [42.25, 41.0], [42.25, 40.75]]]}, "properties": {"risk_index": 50, "annual_rate": 0.2469, "max_mag": 3.8, "n_events": 9, "n_recent": 0}}, {"type": "Feature", "geometry": {"type": "Polygon", "coordinates": [[[44.0, 39.25], [44.25, 39.25], [44.25, 39.5], [44.0, 39.5], [44.0, 39.25]]]}, "properties": {"risk_index": 50, "annual_rate": 0.2469, "max_mag": 3.8, "n_events": 9, "n_recent": 2}}, {"type": "Feature", "geometry": {"type": "Polygon", "coordinates": [[[39.5, 38.75], [39.75, 38.75], [39.75, 39.0], [39.5, 39.0], [39.5, 38.75]]]}, "properties": {"risk_index": 50, "annual_rate": 0.1372, "max_mag": 4.2, "n_events": 5, "n_recent": 3}}, {"type": "Feature", "geometry": {"type": "Polygon", "coordinates": [[[32.75, 39.5], [33.0, 39.5], [33.0, 39.75], [32.75, 39.75], [32.75, 39.5]]]}, "properties": {"risk_index": 50, "annual_rate": 0.3292, "max_mag": 3.6, "n_events": 12, "n_recent": 0}}, {"type": "Feature", "geometry": {"type": "Polygon", "coordinates": [[[42.0, 38.75], [42.25, 38.75], [42.25, 39.0], [42.0, 39.0], [42.0, 38.75]]]}, "properties": {"risk_index": 50, "annual_rate": 0.3292, "max_mag": 3.6, "n_events": 12, "n_recent": 5}}, {"type": "Feature", "geometry": {"type": "Polygon", "coordinates": [[[25.5, 40.75], [25.75, 40.75], [25.75, 41.0], [25.5, 41.0], [25.5, 40.75]]]}, "properties": {"risk_index": 50, "annual_rate": 0.2744, "max_mag": 3.7, "n_events": 10, "n_recent": 7}}, {"type": "Feature", "geometry": {"type": "Polygon", "coordinates": [[[34.75, 38.0], [35.0, 38.0], [35.0, 38.25], [34.75, 38.25], [34.75, 38.0]]]}, "properties": {"risk_index": 50, "annual_rate": 0.2744, "max_mag": 3.7, "n_events": 10, "n_recent": 2}}, {"type": "Feature", "geometry": {"type": "Polygon", "coordinates": [[[28.25, 37.25], [28.5, 37.25], [28.5, 37.5], [28.25, 37.5], [28.25, 37.25]]]}, "properties": {"risk_index": 50, "annual_rate": 0.5213, "max_mag": 3.3, "n_events": 19, "n_recent": 0}}, {"type": "Feature", "geometry": {"type": "Polygon", "coordinates": [[[28.5, 39.25], [28.75, 39.25], [28.75, 39.5], [28.5, 39.5], [28.5, 39.25]]]}, "properties": {"risk_index": 50, "annual_rate": 0.439, "max_mag": 3.4, "n_events": 16, "n_recent": 1}}, {"type": "Feature", "geometry": {"type": "Polygon", "coordinates": [[[31.5, 38.75], [31.75, 38.75], [31.75, 39.0], [31.5, 39.0], [31.5, 38.75]]]}, "properties": {"risk_index": 50, "annual_rate": 0.3292, "max_mag": 3.6, "n_events": 12, "n_recent": 0}}, {"type": "Feature", "geometry": {"type": "Polygon", "coordinates": [[[29.25, 38.0], [29.5, 38.0], [29.5, 38.25], [29.25, 38.25], [29.25, 38.0]]]}, "properties": {"risk_index": 50, "annual_rate": 0.2469, "max_mag": 3.8, "n_events": 9, "n_recent": 2}}, {"type": "Feature", "geometry": {"type": "Polygon", "coordinates": [[[36.75, 36.5], [37.0, 36.5], [37.0, 36.75], [36.75, 36.75], [36.75, 36.5]]]}, "properties": {"risk_index": 50, "annual_rate": 0.3292, "max_mag": 3.6, "n_events": 12, "n_recent": 0}}, {"type": "Feature", "geometry": {"type": "Polygon", "coordinates": [[[29.75, 36.75], [30.0, 36.75], [30.0, 37.0], [29.75, 37.0], [29.75, 36.75]]]}, "properties": {"risk_index": 50, "annual_rate": 0.1372, "max_mag": 4.2, "n_events": 5, "n_recent": 2}}, {"type": "Feature", "geometry": {"type": "Polygon", "coordinates": [[[41.5, 37.5], [41.75, 37.5], [41.75, 37.75], [41.5, 37.75], [41.5, 37.5]]]}, "properties": {"risk_index": 50, "annual_rate": 0.2469, "max_mag": 3.8, "n_events": 9, "n_recent": 0}}, {"type": "Feature", "geometry": {"type": "Polygon", "coordinates": [[[44.5, 39.0], [44.75, 39.0], [44.75, 39.25], [44.5, 39.25], [44.5, 39.0]]]}, "properties": {"risk_index": 50, "annual_rate": 0.1372, "max_mag": 4.2, "n_events": 5, "n_recent": 0}}, {"type": "Feature", "geometry": {"type": "Polygon", "coordinates": [[[35.0, 37.0], [35.25, 37.0], [35.25, 37.25], [35.0, 37.25], [35.0, 37.0]]]}, "properties": {"risk_index": 50, "annual_rate": 0.1372, "max_mag": 4.2, "n_events": 5, "n_recent": 0}}, {"type": "Feature", "geometry": {"type": "Polygon", "coordinates": [[[29.75, 37.75], [30.0, 37.75], [30.0, 38.0], [29.75, 38.0], [29.75, 37.75]]]}, "properties": {"risk_index": 50, "annual_rate": 0.2469, "max_mag": 3.8, "n_events": 9, "n_recent": 2}}, {"type": "Feature", "geometry": {"type": "Polygon", "coordinates": [[[31.5, 38.25], [31.75, 38.25], [31.75, 38.5], [31.5, 38.5], [31.5, 38.25]]]}, "properties": {"risk_index": 49, "annual_rate": 0.1921, "max_mag": 3.9, "n_events": 7, "n_recent": 0}}, {"type": "Feature", "geometry": {"type": "Polygon", "coordinates": [[[34.0, 40.75], [34.25, 40.75], [34.25, 41.0], [34.0, 41.0], [34.0, 40.75]]]}, "properties": {"risk_index": 49, "annual_rate": 0.1646, "max_mag": 4.0, "n_events": 6, "n_recent": 2}}, {"type": "Feature", "geometry": {"type": "Polygon", "coordinates": [[[33.0, 40.75], [33.25, 40.75], [33.25, 41.0], [33.0, 41.0], [33.0, 40.75]]]}, "properties": {"risk_index": 49, "annual_rate": 0.3018, "max_mag": 3.6, "n_events": 11, "n_recent": 3}}, {"type": "Feature", "geometry": {"type": "Polygon", "coordinates": [[[44.75, 37.5], [45.0, 37.5], [45.0, 37.75], [44.75, 37.75], [44.75, 37.5]]]}, "properties": {"risk_index": 49, "annual_rate": 0.0823, "max_mag": 4.7, "n_events": 3, "n_recent": 3}}, {"type": "Feature", "geometry": {"type": "Polygon", "coordinates": [[[44.5, 37.75], [44.75, 37.75], [44.75, 38.0], [44.5, 38.0], [44.5, 37.75]]]}, "properties": {"risk_index": 49, "annual_rate": 0.1097, "max_mag": 4.4, "n_events": 4, "n_recent": 1}}, {"type": "Feature", "geometry": {"type": "Polygon", "coordinates": [[[26.5, 40.75], [26.75, 40.75], [26.75, 41.0], [26.5, 41.0], [26.5, 40.75]]]}, "properties": {"risk_index": 49, "annual_rate": 0.1097, "max_mag": 4.4, "n_events": 4, "n_recent": 0}}, {"type": "Feature", "geometry": {"type": "Polygon", "coordinates": [[[35.25, 37.0], [35.5, 37.0], [35.5, 37.25], [35.25, 37.25], [35.25, 37.0]]]}, "properties": {"risk_index": 49, "annual_rate": 0.3018, "max_mag": 3.6, "n_events": 11, "n_recent": 1}}, {"type": "Feature", "geometry": {"type": "Polygon", "coordinates": [[[41.75, 40.5], [42.0, 40.5], [42.0, 40.75], [41.75, 40.75], [41.75, 40.5]]]}, "properties": {"risk_index": 49, "annual_rate": 0.1921, "max_mag": 3.9, "n_events": 7, "n_recent": 0}}, {"type": "Feature", "geometry": {"type": "Polygon", "coordinates": [[[36.25, 41.25], [36.5, 41.25], [36.5, 41.5], [36.25, 41.5], [36.25, 41.25]]]}, "properties": {"risk_index": 49, "annual_rate": 0.1646, "max_mag": 4.0, "n_events": 6, "n_recent": 1}}, {"type": "Feature", "geometry": {"type": "Polygon", "coordinates": [[[30.25, 36.25], [30.5, 36.25], [30.5, 36.5], [30.25, 36.5], [30.25, 36.25]]]}, "properties": {"risk_index": 49, "annual_rate": 0.1921, "max_mag": 3.9, "n_events": 7, "n_recent": 1}}, {"type": "Feature", "geometry": {"type": "Polygon", "coordinates": [[[31.5, 40.5], [31.75, 40.5], [31.75, 40.75], [31.5, 40.75], [31.5, 40.5]]]}, "properties": {"risk_index": 49, "annual_rate": 0.3018, "max_mag": 3.6, "n_events": 11, "n_recent": 1}}, {"type": "Feature", "geometry": {"type": "Polygon", "coordinates": [[[42.75, 40.25], [43.0, 40.25], [43.0, 40.5], [42.75, 40.5], [42.75, 40.25]]]}, "properties": {"risk_index": 49, "annual_rate": 0.1097, "max_mag": 4.4, "n_events": 4, "n_recent": 1}}, {"type": "Feature", "geometry": {"type": "Polygon", "coordinates": [[[32.5, 35.5], [32.75, 35.5], [32.75, 35.75], [32.5, 35.75], [32.5, 35.5]]]}, "properties": {"risk_index": 49, "annual_rate": 0.1646, "max_mag": 4.0, "n_events": 6, "n_recent": 2}}, {"type": "Feature", "geometry": {"type": "Polygon", "coordinates": [[[42.75, 42.25], [43.0, 42.25], [43.0, 42.5], [42.75, 42.5], [42.75, 42.25]]]}, "properties": {"risk_index": 49, "annual_rate": 0.1921, "max_mag": 3.9, "n_events": 7, "n_recent": 1}}, {"type": "Feature", "geometry": {"type": "Polygon", "coordinates": [[[43.25, 41.75], [43.5, 41.75], [43.5, 42.0], [43.25, 42.0], [43.25, 41.75]]]}, "properties": {"risk_index": 49, "annual_rate": 0.1646, "max_mag": 4.0, "n_events": 6, "n_recent": 1}}, {"type": "Feature", "geometry": {"type": "Polygon", "coordinates": [[[36.75, 41.75], [37.0, 41.75], [37.0, 42.0], [36.75, 42.0], [36.75, 41.75]]]}, "properties": {"risk_index": 49, "annual_rate": 0.1646, "max_mag": 4.0, "n_events": 6, "n_recent": 6}}, {"type": "Feature", "geometry": {"type": "Polygon", "coordinates": [[[41.0, 38.25], [41.25, 38.25], [41.25, 38.5], [41.0, 38.5], [41.0, 38.25]]]}, "properties": {"risk_index": 48, "annual_rate": 0.2195, "max_mag": 3.8, "n_events": 8, "n_recent": 1}}, {"type": "Feature", "geometry": {"type": "Polygon", "coordinates": [[[44.25, 40.75], [44.5, 40.75], [44.5, 41.0], [44.25, 41.0], [44.25, 40.75]]]}, "properties": {"risk_index": 48, "annual_rate": 0.1372, "max_mag": 4.1, "n_events": 5, "n_recent": 1}}, {"type": "Feature", "geometry": {"type": "Polygon", "coordinates": [[[35.25, 39.75], [35.5, 39.75], [35.5, 40.0], [35.25, 40.0], [35.25, 39.75]]]}, "properties": {"risk_index": 48, "annual_rate": 0.2744, "max_mag": 3.6, "n_events": 10, "n_recent": 0}}, {"type": "Feature", "geometry": {"type": "Polygon", "coordinates": [[[43.5, 42.0], [43.75, 42.0], [43.75, 42.25], [43.5, 42.25], [43.5, 42.0]]]}, "properties": {"risk_index": 48, "annual_rate": 0.2469, "max_mag": 3.7, "n_events": 9, "n_recent": 0}}, {"type": "Feature", "geometry": {"type": "Polygon", "coordinates": [[[32.25, 40.0], [32.5, 40.0], [32.5, 40.25], [32.25, 40.25], [32.25, 40.0]]]}, "properties": {"risk_index": 48, "annual_rate": 0.2469, "max_mag": 3.7, "n_events": 9, "n_recent": 1}}, {"type": "Feature", "geometry": {"type": "Polygon", "coordinates": [[[40.75, 38.75], [41.0, 38.75], [41.0, 39.0], [40.75, 39.0], [40.75, 38.75]]]}, "properties": {"risk_index": 48, "annual_rate": 0.1372, "max_mag": 4.1, "n_events": 5, "n_recent": 0}}, {"type": "Feature", "geometry": {"type": "Polygon", "coordinates": [[[38.5, 36.5], [38.75, 36.5], [38.75, 36.75], [38.5, 36.75], [38.5, 36.5]]]}, "properties": {"risk_index": 48, "annual_rate": 0.3292, "max_mag": 3.5, "n_events": 12, "n_recent": 0}}, {"type": "Feature", "geometry": {"type": "Polygon", "coordinates": [[[36.75, 37.5], [37.0, 37.5], [37.0, 37.75], [36.75, 37.75], [36.75, 37.5]]]}, "properties": {"risk_index": 48, "annual_rate": 0.2195, "max_mag": 3.8, "n_events": 8, "n_recent": 3}}, {"type": "Feature", "geometry": {"type": "Polygon", "coordinates": [[[30.25, 38.25], [30.5, 38.25], [30.5, 38.5], [30.25, 38.5], [30.25, 38.25]]]}, "properties": {"risk_index": 48, "annual_rate": 0.2744, "max_mag": 3.6, "n_events": 10, "n_recent": 2}}, {"type": "Feature", "geometry": {"type": "Polygon", "coordinates": [[[44.75, 35.75], [45.0, 35.75], [45.0, 36.0], [44.75, 36.0], [44.75, 35.75]]]}, "properties": {"risk_index": 48, "annual_rate": 0.0549, "max_mag": 5.2, "n_events": 2, "n_recent": 2}}, {"type": "Feature", "geometry": {"type": "Polygon", "coordinates": [[[30.25, 36.5], [30.5, 36.5], [30.5, 36.75], [30.25, 36.75], [30.25, 36.5]]]}, "properties": {"risk_index": 48, "annual_rate": 0.2469, "max_mag": 3.7, "n_events": 9, "n_recent": 1}}, {"type": "Feature", "geometry": {"type": "Polygon", "coordinates": [[[41.5, 38.25], [41.75, 38.25], [41.75, 38.5], [41.5, 38.5], [41.5, 38.25]]]}, "properties": {"risk_index": 48, "annual_rate": 0.2469, "max_mag": 3.7, "n_events": 9, "n_recent": 2}}, {"type": "Feature", "geometry": {"type": "Polygon", "coordinates": [[[32.0, 38.0], [32.25, 38.0], [32.25, 38.25], [32.0, 38.25], [32.0, 38.0]]]}, "properties": {"risk_index": 48, "annual_rate": 0.1097, "max_mag": 4.3, "n_events": 4, "n_recent": 2}}, {"type": "Feature", "geometry": {"type": "Polygon", "coordinates": [[[35.5, 40.25], [35.75, 40.25], [35.75, 40.5], [35.5, 40.5], [35.5, 40.25]]]}, "properties": {"risk_index": 48, "annual_rate": 0.3841, "max_mag": 3.4, "n_events": 14, "n_recent": 4}}, {"type": "Feature", "geometry": {"type": "Polygon", "coordinates": [[[28.25, 39.5], [28.5, 39.5], [28.5, 39.75], [28.25, 39.75], [28.25, 39.5]]]}, "properties": {"risk_index": 48, "annual_rate": 0.2744, "max_mag": 3.6, "n_events": 10, "n_recent": 0}}, {"type": "Feature", "geometry": {"type": "Polygon", "coordinates": [[[42.75, 41.75], [43.0, 41.75], [43.0, 42.0], [42.75, 42.0], [42.75, 41.75]]]}, "properties": {"risk_index": 48, "annual_rate": 0.1097, "max_mag": 4.3, "n_events": 4, "n_recent": 3}}, {"type": "Feature", "geometry": {"type": "Polygon", "coordinates": [[[41.25, 38.25], [41.5, 38.25], [41.5, 38.5], [41.25, 38.5], [41.25, 38.25]]]}, "properties": {"risk_index": 48, "annual_rate": 0.2469, "max_mag": 3.7, "n_events": 9, "n_recent": 0}}, {"type": "Feature", "geometry": {"type": "Polygon", "coordinates": [[[43.25, 37.75], [43.5, 37.75], [43.5, 38.0], [43.25, 38.0], [43.25, 37.75]]]}, "properties": {"risk_index": 48, "annual_rate": 0.2195, "max_mag": 3.8, "n_events": 8, "n_recent": 1}}, {"type": "Feature", "geometry": {"type": "Polygon", "coordinates": [[[25.5, 37.5], [25.75, 37.5], [25.75, 37.75], [25.5, 37.75], [25.5, 37.5]]]}, "properties": {"risk_index": 48, "annual_rate": 0.1372, "max_mag": 4.1, "n_events": 5, "n_recent": 0}}, {"type": "Feature", "geometry": {"type": "Polygon", "coordinates": [[[44.75, 35.5], [45.0, 35.5], [45.0, 35.75], [44.75, 35.75], [44.75, 35.5]]]}, "properties": {"risk_index": 48, "annual_rate": 0.1097, "max_mag": 4.3, "n_events": 4, "n_recent": 2}}, {"type": "Feature", "geometry": {"type": "Polygon", "coordinates": [[[43.5, 37.25], [43.75, 37.25], [43.75, 37.5], [43.5, 37.5], [43.5, 37.25]]]}, "properties": {"risk_index": 48, "annual_rate": 0.2195, "max_mag": 3.8, "n_events": 8, "n_recent": 0}}, {"type": "Feature", "geometry": {"type": "Polygon", "coordinates": [[[43.25, 37.25], [43.5, 37.25], [43.5, 37.5], [43.25, 37.5], [43.25, 37.25]]]}, "properties": {"risk_index": 48, "annual_rate": 0.1372, "max_mag": 4.1, "n_events": 5, "n_recent": 0}}, {"type": "Feature", "geometry": {"type": "Polygon", "coordinates": [[[38.0, 39.25], [38.25, 39.25], [38.25, 39.5], [38.0, 39.5], [38.0, 39.25]]]}, "properties": {"risk_index": 48, "annual_rate": 0.2469, "max_mag": 3.7, "n_events": 9, "n_recent": 0}}, {"type": "Feature", "geometry": {"type": "Polygon", "coordinates": [[[34.25, 37.0], [34.5, 37.0], [34.5, 37.25], [34.25, 37.25], [34.25, 37.0]]]}, "properties": {"risk_index": 47, "annual_rate": 0.3018, "max_mag": 3.5, "n_events": 11, "n_recent": 2}}, {"type": "Feature", "geometry": {"type": "Polygon", "coordinates": [[[30.5, 36.5], [30.75, 36.5], [30.75, 36.75], [30.5, 36.75], [30.5, 36.5]]]}, "properties": {"risk_index": 47, "annual_rate": 0.3018, "max_mag": 3.5, "n_events": 11, "n_recent": 3}}, {"type": "Feature", "geometry": {"type": "Polygon", "coordinates": [[[35.75, 41.5], [36.0, 41.5], [36.0, 41.75], [35.75, 41.75], [35.75, 41.5]]]}, "properties": {"risk_index": 47, "annual_rate": 0.1097, "max_mag": 4.2, "n_events": 4, "n_recent": 0}}, {"type": "Feature", "geometry": {"type": "Polygon", "coordinates": [[[28.5, 40.75], [28.75, 40.75], [28.75, 41.0], [28.5, 41.0], [28.5, 40.75]]]}, "properties": {"risk_index": 47, "annual_rate": 0.3567, "max_mag": 3.4, "n_events": 13, "n_recent": 3}}, {"type": "Feature", "geometry": {"type": "Polygon", "coordinates": [[[43.0, 40.0], [43.25, 40.0], [43.25, 40.25], [43.0, 40.25], [43.0, 40.0]]]}, "properties": {"risk_index": 47, "annual_rate": 0.1921, "max_mag": 3.8, "n_events": 7, "n_recent": 3}}, {"type": "Feature", "geometry": {"type": "Polygon", "coordinates": [[[41.25, 39.25], [41.5, 39.25], [41.5, 39.5], [41.25, 39.5], [41.25, 39.25]]]}, "properties": {"risk_index": 47, "annual_rate": 0.3567, "max_mag": 3.4, "n_events": 13, "n_recent": 0}}, {"type": "Feature", "geometry": {"type": "Polygon", "coordinates": [[[28.5, 38.5], [28.75, 38.5], [28.75, 38.75], [28.5, 38.75], [28.5, 38.5]]]}, "properties": {"risk_index": 47, "annual_rate": 0.1921, "max_mag": 3.8, "n_events": 7, "n_recent": 0}}, {"type": "Feature", "geometry": {"type": "Polygon", "coordinates": [[[37.25, 39.0], [37.5, 39.0], [37.5, 39.25], [37.25, 39.25], [37.25, 39.0]]]}, "properties": {"risk_index": 47, "annual_rate": 0.439, "max_mag": 3.3, "n_events": 16, "n_recent": 0}}, {"type": "Feature", "geometry": {"type": "Polygon", "coordinates": [[[37.0, 36.25], [37.25, 36.25], [37.25, 36.5], [37.0, 36.5], [37.0, 36.25]]]}, "properties": {"risk_index": 47, "annual_rate": 0.5762, "max_mag": 3.1, "n_events": 21, "n_recent": 0}}, {"type": "Feature", "geometry": {"type": "Polygon", "coordinates": [[[44.0, 42.25], [44.25, 42.25], [44.25, 42.5], [44.0, 42.5], [44.0, 42.25]]]}, "properties": {"risk_index": 47, "annual_rate": 0.0549, "max_mag": 5.1, "n_events": 2, "n_recent": 0}}, {"type": "Feature", "geometry": {"type": "Polygon", "coordinates": [[[41.5, 37.75], [41.75, 37.75], [41.75, 38.0], [41.5, 38.0], [41.5, 37.75]]]}, "properties": {"risk_index": 47, "annual_rate": 0.0549, "max_mag": 5.0, "n_events": 2, "n_recent": 1}}, {"type": "Feature", "geometry": {"type": "Polygon", "coordinates": [[[36.0, 35.5], [36.25, 35.5], [36.25, 35.75], [36.0, 35.75], [36.0, 35.5]]]}, "properties": {"risk_index": 47, "annual_rate": 0.1097, "max_mag": 4.2, "n_events": 4, "n_recent": 2}}, {"type": "Feature", "geometry": {"type": "Polygon", "coordinates": [[[40.25, 35.75], [40.5, 35.75], [40.5, 36.0], [40.25, 36.0], [40.25, 35.75]]]}, "properties": {"risk_index": 47, "annual_rate": 0.1097, "max_mag": 4.2, "n_events": 4, "n_recent": 1}}, {"type": "Feature", "geometry": {"type": "Polygon", "coordinates": [[[35.25, 35.5], [35.5, 35.5], [35.5, 35.75], [35.25, 35.75], [35.25, 35.5]]]}, "properties": {"risk_index": 47, "annual_rate": 0.0823, "max_mag": 4.5, "n_events": 3, "n_recent": 3}}, {"type": "Feature", "geometry": {"type": "Polygon", "coordinates": [[[33.75, 39.75], [34.0, 39.75], [34.0, 40.0], [33.75, 40.0], [33.75, 39.75]]]}, "properties": {"risk_index": 47, "annual_rate": 0.3018, "max_mag": 3.5, "n_events": 11, "n_recent": 1}}, {"type": "Feature", "geometry": {"type": "Polygon", "coordinates": [[[40.5, 35.5], [40.75, 35.5], [40.75, 35.75], [40.5, 35.75], [40.5, 35.5]]]}, "properties": {"risk_index": 47, "annual_rate": 0.0823, "max_mag": 4.5, "n_events": 3, "n_recent": 3}}, {"type": "Feature", "geometry": {"type": "Polygon", "coordinates": [[[44.25, 35.5], [44.5, 35.5], [44.5, 35.75], [44.25, 35.75], [44.25, 35.5]]]}, "properties": {"risk_index": 47, "annual_rate": 0.0549, "max_mag": 5.0, "n_events": 2, "n_recent": 1}}, {"type": "Feature", "geometry": {"type": "Polygon", "coordinates": [[[37.5, 39.75], [37.75, 39.75], [37.75, 40.0], [37.5, 40.0], [37.5, 39.75]]]}, "properties": {"risk_index": 47, "annual_rate": 0.3018, "max_mag": 3.5, "n_events": 11, "n_recent": 1}}, {"type": "Feature", "geometry": {"type": "Polygon", "coordinates": [[[38.0, 37.0], [38.25, 37.0], [38.25, 37.25], [38.0, 37.25], [38.0, 37.0]]]}, "properties": {"risk_index": 47, "annual_rate": 0.1921, "max_mag": 3.8, "n_events": 7, "n_recent": 1}}, {"type": "Feature", "geometry": {"type": "Polygon", "coordinates": [[[32.0, 39.25], [32.25, 39.25], [32.25, 39.5], [32.0, 39.5], [32.0, 39.25]]]}, "properties": {"risk_index": 47, "annual_rate": 0.439, "max_mag": 3.3, "n_events": 16, "n_recent": 0}}, {"type": "Feature", "geometry": {"type": "Polygon", "coordinates": [[[34.5, 41.0], [34.75, 41.0], [34.75, 41.25], [34.5, 41.25], [34.5, 41.0]]]}, "properties": {"risk_index": 47, "annual_rate": 0.3567, "max_mag": 3.4, "n_events": 13, "n_recent": 0}}, {"type": "Feature", "geometry": {"type": "Polygon", "coordinates": [[[29.75, 37.0], [30.0, 37.0], [30.0, 37.25], [29.75, 37.25], [29.75, 37.0]]]}, "properties": {"risk_index": 47, "annual_rate": 0.3018, "max_mag": 3.5, "n_events": 11, "n_recent": 1}}, {"type": "Feature", "geometry": {"type": "Polygon", "coordinates": [[[38.25, 36.75], [38.5, 36.75], [38.5, 37.0], [38.25, 37.0], [38.25, 36.75]]]}, "properties": {"risk_index": 47, "annual_rate": 0.1921, "max_mag": 3.8, "n_events": 7, "n_recent": 1}}, {"type": "Feature", "geometry": {"type": "Polygon", "coordinates": [[[26.0, 36.75], [26.25, 36.75], [26.25, 37.0], [26.0, 37.0], [26.0, 36.75]]]}, "properties": {"risk_index": 46, "annual_rate": 0.1646, "max_mag": 3.9, "n_events": 6, "n_recent": 3}}, {"type": "Feature", "geometry": {"type": "Polygon", "coordinates": [[[27.0, 37.0], [27.25, 37.0], [27.25, 37.25], [27.0, 37.25], [27.0, 37.0]]]}, "properties": {"risk_index": 46, "annual_rate": 0.1646, "max_mag": 3.9, "n_events": 6, "n_recent": 1}}, {"type": "Feature", "geometry": {"type": "Polygon", "coordinates": [[[30.75, 40.25], [31.0, 40.25], [31.0, 40.5], [30.75, 40.5], [30.75, 40.25]]]}, "properties": {"risk_index": 46, "annual_rate": 0.1372, "max_mag": 4.0, "n_events": 5, "n_recent": 0}}, {"type": "Feature", "geometry": {"type": "Polygon", "coordinates": [[[31.0, 37.25], [31.25, 37.25], [31.25, 37.5], [31.0, 37.5], [31.0, 37.25]]]}, "properties": {"risk_index": 46, "annual_rate": 0.2195, "max_mag": 3.7, "n_events": 8, "n_recent": 1}}, {"type": "Feature", "geometry": {"type": "Polygon", "coordinates": [[[35.75, 40.25], [36.0, 40.25], [36.0, 40.5], [35.75, 40.5], [35.75, 40.25]]]}, "properties": {"risk_index": 46, "annual_rate": 0.2469, "max_mag": 3.6, "n_events": 9, "n_recent": 1}}, {"type": "Feature", "geometry": {"type": "Polygon", "coordinates": [[[34.0, 39.0], [34.25, 39.0], [34.25, 39.25], [34.0, 39.25], [34.0, 39.0]]]}, "properties": {"risk_index": 46, "annual_rate": 0.2469, "max_mag": 3.6, "n_events": 9, "n_recent": 1}}, {"type": "Feature", "geometry": {"type": "Polygon", "coordinates": [[[41.5, 40.25], [41.75, 40.25], [41.75, 40.5], [41.5, 40.5], [41.5, 40.25]]]}, "properties": {"risk_index": 46, "annual_rate": 0.1646, "max_mag": 3.9, "n_events": 6, "n_recent": 2}}, {"type": "Feature", "geometry": {"type": "Polygon", "coordinates": [[[30.5, 36.25], [30.75, 36.25], [30.75, 36.5], [30.5, 36.5], [30.5, 36.25]]]}, "properties": {"risk_index": 46, "annual_rate": 0.2469, "max_mag": 3.6, "n_events": 9, "n_recent": 2}}, {"type": "Feature", "geometry": {"type": "Polygon", "coordinates": [[[34.75, 37.25], [35.0, 37.25], [35.0, 37.5], [34.75, 37.5], [34.75, 37.25]]]}, "properties": {"risk_index": 46, "annual_rate": 0.1646, "max_mag": 3.9, "n_events": 6, "n_recent": 1}}, {"type": "Feature", "geometry": {"type": "Polygon", "coordinates": [[[36.75, 39.25], [37.0, 39.25], [37.0, 39.5], [36.75, 39.5], [36.75, 39.25]]]}, "properties": {"risk_index": 46, "annual_rate": 0.1372, "max_mag": 4.0, "n_events": 5, "n_recent": 0}}, {"type": "Feature", "geometry": {"type": "Polygon", "coordinates": [[[38.25, 39.0], [38.5, 39.0], [38.5, 39.25], [38.25, 39.25], [38.25, 39.0]]]}, "properties": {"risk_index": 46, "annual_rate": 0.2195, "max_mag": 3.7, "n_events": 8, "n_recent": 0}}, {"type": "Feature", "geometry": {"type": "Polygon", "coordinates": [[[26.0, 42.0], [26.25, 42.0], [26.25, 42.25], [26.0, 42.25], [26.0, 42.0]]]}, "properties": {"risk_index": 46, "annual_rate": 0.1646, "max_mag": 3.9, "n_events": 6, "n_recent": 0}}, {"type": "Feature", "geometry": {"type": "Polygon", "coordinates": [[[36.5, 38.5], [36.75, 38.5], [36.75, 38.75], [36.5, 38.75], [36.5, 38.5]]]}, "properties": {"risk_index": 46, "annual_rate": 0.1646, "max_mag": 3.9, "n_events": 6, "n_recent": 0}}, {"type": "Feature", "geometry": {"type": "Polygon", "coordinates": [[[41.75, 36.25], [42.0, 36.25], [42.0, 36.5], [41.75, 36.5], [41.75, 36.25]]]}, "properties": {"risk_index": 46, "annual_rate": 0.2469, "max_mag": 3.6, "n_events": 9, "n_recent": 6}}, {"type": "Feature", "geometry": {"type": "Polygon", "coordinates": [[[41.25, 38.5], [41.5, 38.5], [41.5, 38.75], [41.25, 38.75], [41.25, 38.5]]]}, "properties": {"risk_index": 46, "annual_rate": 0.2195, "max_mag": 3.7, "n_events": 8, "n_recent": 3}}, {"type": "Feature", "geometry": {"type": "Polygon", "coordinates": [[[35.25, 39.5], [35.5, 39.5], [35.5, 39.75], [35.25, 39.75], [35.25, 39.5]]]}, "properties": {"risk_index": 46, "annual_rate": 0.3292, "max_mag": 3.4, "n_events": 12, "n_recent": 2}}, {"type": "Feature", "geometry": {"type": "Polygon", "coordinates": [[[35.5, 39.5], [35.75, 39.5], [35.75, 39.75], [35.5, 39.75], [35.5, 39.5]]]}, "properties": {"risk_index": 46, "annual_rate": 0.2195, "max_mag": 3.7, "n_events": 8, "n_recent": 1}}, {"type": "Feature", "geometry": {"type": "Polygon", "coordinates": [[[26.0, 42.25], [26.25, 42.25], [26.25, 42.5], [26.0, 42.5], [26.0, 42.25]]]}, "properties": {"risk_index": 46, "annual_rate": 0.1646, "max_mag": 3.9, "n_events": 6, "n_recent": 0}}, {"type": "Feature", "geometry": {"type": "Polygon", "coordinates": [[[34.75, 36.75], [35.0, 36.75], [35.0, 37.0], [34.75, 37.0], [34.75, 36.75]]]}, "properties": {"risk_index": 46, "annual_rate": 0.1646, "max_mag": 3.9, "n_events": 6, "n_recent": 1}}, {"type": "Feature", "geometry": {"type": "Polygon", "coordinates": [[[34.5, 36.75], [34.75, 36.75], [34.75, 37.0], [34.5, 37.0], [34.5, 36.75]]]}, "properties": {"risk_index": 46, "annual_rate": 0.2195, "max_mag": 3.7, "n_events": 8, "n_recent": 0}}, {"type": "Feature", "geometry": {"type": "Polygon", "coordinates": [[[28.25, 37.75], [28.5, 37.75], [28.5, 38.0], [28.25, 38.0], [28.25, 37.75]]]}, "properties": {"risk_index": 46, "annual_rate": 0.1646, "max_mag": 3.9, "n_events": 6, "n_recent": 2}}, {"type": "Feature", "geometry": {"type": "Polygon", "coordinates": [[[34.75, 36.5], [35.0, 36.5], [35.0, 36.75], [34.75, 36.75], [34.75, 36.5]]]}, "properties": {"risk_index": 46, "annual_rate": 0.1372, "max_mag": 4.0, "n_events": 5, "n_recent": 0}}, {"type": "Feature", "geometry": {"type": "Polygon", "coordinates": [[[42.25, 38.5], [42.5, 38.5], [42.5, 38.75], [42.25, 38.75], [42.25, 38.5]]]}, "properties": {"risk_index": 46, "annual_rate": 0.1646, "max_mag": 3.9, "n_events": 6, "n_recent": 2}}, {"type": "Feature", "geometry": {"type": "Polygon", "coordinates": [[[38.0, 36.5], [38.25, 36.5], [38.25, 36.75], [38.0, 36.75], [38.0, 36.5]]]}, "properties": {"risk_index": 46, "annual_rate": 0.1646, "max_mag": 3.9, "n_events": 6, "n_recent": 2}}, {"type": "Feature", "geometry": {"type": "Polygon", "coordinates": [[[26.5, 39.25], [26.75, 39.25], [26.75, 39.5], [26.5, 39.5], [26.5, 39.25]]]}, "properties": {"risk_index": 46, "annual_rate": 0.1646, "max_mag": 3.9, "n_events": 6, "n_recent": 0}}, {"type": "Feature", "geometry": {"type": "Polygon", "coordinates": [[[41.75, 39.5], [42.0, 39.5], [42.0, 39.75], [41.75, 39.75], [41.75, 39.5]]]}, "properties": {"risk_index": 46, "annual_rate": 0.2469, "max_mag": 3.6, "n_events": 9, "n_recent": 1}}, {"type": "Feature", "geometry": {"type": "Polygon", "coordinates": [[[34.0, 36.5], [34.25, 36.5], [34.25, 36.75], [34.0, 36.75], [34.0, 36.5]]]}, "properties": {"risk_index": 46, "annual_rate": 0.1646, "max_mag": 3.9, "n_events": 6, "n_recent": 2}}, {"type": "Feature", "geometry": {"type": "Polygon", "coordinates": [[[32.0, 37.25], [32.25, 37.25], [32.25, 37.5], [32.0, 37.5], [32.0, 37.25]]]}, "properties": {"risk_index": 46, "annual_rate": 0.2195, "max_mag": 3.7, "n_events": 8, "n_recent": 0}}, {"type": "Feature", "geometry": {"type": "Polygon", "coordinates": [[[43.0, 41.5], [43.25, 41.5], [43.25, 41.75], [43.0, 41.75], [43.0, 41.5]]]}, "properties": {"risk_index": 46, "annual_rate": 0.1646, "max_mag": 3.9, "n_events": 6, "n_recent": 0}}, {"type": "Feature", "geometry": {"type": "Polygon", "coordinates": [[[38.0, 40.75], [38.25, 40.75], [38.25, 41.0], [38.0, 41.0], [38.0, 40.75]]]}, "properties": {"risk_index": 46, "annual_rate": 0.2469, "max_mag": 3.6, "n_events": 9, "n_recent": 0}}, {"type": "Feature", "geometry": {"type": "Polygon", "coordinates": [[[34.75, 41.0], [35.0, 41.0], [35.0, 41.25], [34.75, 41.25], [34.75, 41.0]]]}, "properties": {"risk_index": 46, "annual_rate": 0.1372, "max_mag": 4.0, "n_events": 5, "n_recent": 4}}, {"type": "Feature", "geometry": {"type": "Polygon", "coordinates": [[[42.5, 40.5], [42.75, 40.5], [42.75, 40.75], [42.5, 40.75], [42.5, 40.5]]]}, "properties": {"risk_index": 46, "annual_rate": 0.2195, "max_mag": 3.7, "n_events": 8, "n_recent": 4}}, {"type": "Feature", "geometry": {"type": "Polygon", "coordinates": [[[35.0, 38.25], [35.25, 38.25], [35.25, 38.5], [35.0, 38.5], [35.0, 38.25]]]}, "properties": {"risk_index": 46, "annual_rate": 0.1646, "max_mag": 3.9, "n_events": 6, "n_recent": 1}}, {"type": "Feature", "geometry": {"type": "Polygon", "coordinates": [[[43.25, 36.0], [43.5, 36.0], [43.5, 36.25], [43.25, 36.25], [43.25, 36.0]]]}, "properties": {"risk_index": 46, "annual_rate": 0.1646, "max_mag": 3.9, "n_events": 6, "n_recent": 2}}, {"type": "Feature", "geometry": {"type": "Polygon", "coordinates": [[[32.5, 38.75], [32.75, 38.75], [32.75, 39.0], [32.5, 39.0], [32.5, 38.75]]]}, "properties": {"risk_index": 46, "annual_rate": 0.1646, "max_mag": 3.9, "n_events": 6, "n_recent": 0}}, {"type": "Feature", "geometry": {"type": "Polygon", "coordinates": [[[32.5, 41.75], [32.75, 41.75], [32.75, 42.0], [32.5, 42.0], [32.5, 41.75]]]}, "properties": {"risk_index": 46, "annual_rate": 0.1646, "max_mag": 3.9, "n_events": 6, "n_recent": 1}}, {"type": "Feature", "geometry": {"type": "Polygon", "coordinates": [[[32.25, 41.75], [32.5, 41.75], [32.5, 42.0], [32.25, 42.0], [32.25, 41.75]]]}, "properties": {"risk_index": 45, "annual_rate": 0.1921, "max_mag": 3.7, "n_events": 7, "n_recent": 1}}, {"type": "Feature", "geometry": {"type": "Polygon", "coordinates": [[[33.75, 39.0], [34.0, 39.0], [34.0, 39.25], [33.75, 39.25], [33.75, 39.0]]]}, "properties": {"risk_index": 45, "annual_rate": 0.2744, "max_mag": 3.5, "n_events": 10, "n_recent": 1}}, {"type": "Feature", "geometry": {"type": "Polygon", "coordinates": [[[38.75, 39.25], [39.0, 39.25], [39.0, 39.5], [38.75, 39.5], [38.75, 39.25]]]}, "properties": {"risk_index": 45, "annual_rate": 0.2744, "max_mag": 3.5, "n_events": 10, "n_recent": 0}}, {"type": "Feature", "geometry": {"type": "Polygon", "coordinates": [[[38.5, 36.75], [38.75, 36.75], [38.75, 37.0], [38.5, 37.0], [38.5, 36.75]]]}, "properties": {"risk_index": 45, "annual_rate": 0.1921, "max_mag": 3.7, "n_events": 7, "n_recent": 1}}, {"type": "Feature", "geometry": {"type": "Polygon", "coordinates": [[[32.25, 41.0], [32.5, 41.0], [32.5, 41.25], [32.25, 41.25], [32.25, 41.0]]]}, "properties": {"risk_index": 45, "annual_rate": 0.1921, "max_mag": 3.7, "n_events": 7, "n_recent": 0}}, {"type": "Feature", "geometry": {"type": "Polygon", "coordinates": [[[39.25, 37.75], [39.5, 37.75], [39.5, 38.0], [39.25, 38.0], [39.25, 37.75]]]}, "properties": {"risk_index": 45, "annual_rate": 0.0823, "max_mag": 4.4, "n_events": 3, "n_recent": 0}}, {"type": "Feature", "geometry": {"type": "Polygon", "coordinates": [[[42.0, 38.0], [42.25, 38.0], [42.25, 38.25], [42.0, 38.25], [42.0, 38.0]]]}, "properties": {"risk_index": 45, "annual_rate": 0.1921, "max_mag": 3.7, "n_events": 7, "n_recent": 1}}, {"type": "Feature", "geometry": {"type": "Polygon", "coordinates": [[[25.75, 36.0], [26.0, 36.0], [26.0, 36.25], [25.75, 36.25], [25.75, 36.0]]]}, "properties": {"risk_index": 45, "annual_rate": 0.1097, "max_mag": 4.1, "n_events": 4, "n_recent": 2}}, {"type": "Feature", "geometry": {"type": "Polygon", "coordinates": [[[37.5, 40.25], [37.75, 40.25], [37.75, 40.5], [37.5, 40.5], [37.5, 40.25]]]}, "properties": {"risk_index": 45, "annual_rate": 0.2744, "max_mag": 3.5, "n_events": 10, "n_recent": 0}}, {"type": "Feature", "geometry": {"type": "Polygon", "coordinates": [[[29.25, 38.5], [29.5, 38.5], [29.5, 38.75], [29.25, 38.75], [29.25, 38.5]]]}, "properties": {"risk_index": 45, "annual_rate": 0.1921, "max_mag": 3.7, "n_events": 7, "n_recent": 0}}, {"type": "Feature", "geometry": {"type": "Polygon", "coordinates": [[[36.75, 39.75], [37.0, 39.75], [37.0, 40.0], [36.75, 40.0], [36.75, 39.75]]]}, "properties": {"risk_index": 45, "annual_rate": 0.1097, "max_mag": 4.1, "n_events": 4, "n_recent": 0}}, {"type": "Feature", "geometry": {"type": "Polygon", "coordinates": [[[39.5, 35.75], [39.75, 35.75], [39.75, 36.0], [39.5, 36.0], [39.5, 35.75]]]}, "properties": {"risk_index": 45, "annual_rate": 0.1097, "max_mag": 4.1, "n_events": 4, "n_recent": 1}}, {"type": "Feature", "geometry": {"type": "Polygon", "coordinates": [[[43.0, 40.75], [43.25, 40.75], [43.25, 41.0], [43.0, 41.0], [43.0, 40.75]]]}, "properties": {"risk_index": 44, "annual_rate": 0.1372, "max_mag": 3.9, "n_events": 5, "n_recent": 1}}, {"type": "Feature", "geometry": {"type": "Polygon", "coordinates": [[[33.25, 38.75], [33.5, 38.75], [33.5, 39.0], [33.25, 39.0], [33.25, 38.75]]]}, "properties": {"risk_index": 44, "annual_rate": 0.3018, "max_mag": 3.4, "n_events": 11, "n_recent": 1}}, {"type": "Feature", "geometry": {"type": "Polygon", "coordinates": [[[32.25, 36.75], [32.5, 36.75], [32.5, 37.0], [32.25, 37.0], [32.25, 36.75]]]}, "properties": {"risk_index": 44, "annual_rate": 0.1372, "max_mag": 3.9, "n_events": 5, "n_recent": 0}}, {"type": "Feature", "geometry": {"type": "Polygon", "coordinates": [[[31.5, 36.75], [31.75, 36.75], [31.75, 37.0], [31.5, 37.0], [31.5, 36.75]]]}, "properties": {"risk_index": 44, "annual_rate": 0.2469, "max_mag": 3.5, "n_events": 9, "n_recent": 1}}, {"type": "Feature", "geometry": {"type": "Polygon", "coordinates": [[[32.25, 35.5], [32.5, 35.5], [32.5, 35.75], [32.25, 35.75], [32.25, 35.5]]]}, "properties": {"risk_index": 44, "annual_rate": 0.1372, "max_mag": 3.9, "n_events": 5, "n_recent": 2}}, {"type": "Feature", "geometry": {"type": "Polygon", "coordinates": [[[44.25, 35.75], [44.5, 35.75], [44.5, 36.0], [44.25, 36.0], [44.25, 35.75]]]}, "properties": {"risk_index": 44, "annual_rate": 0.1646, "max_mag": 3.8, "n_events": 6, "n_recent": 2}}, {"type": "Feature", "geometry": {"type": "Polygon", "coordinates": [[[35.0, 42.0], [35.25, 42.0], [35.25, 42.25], [35.0, 42.25], [35.0, 42.0]]]}, "properties": {"risk_index": 44, "annual_rate": 0.0823, "max_mag": 4.3, "n_events": 3, "n_recent": 1}}, {"type": "Feature", "geometry": {"type": "Polygon", "coordinates": [[[37.5, 40.0], [37.75, 40.0], [37.75, 40.25], [37.5, 40.25], [37.5, 40.0]]]}, "properties": {"risk_index": 44, "annual_rate": 0.1372, "max_mag": 3.9, "n_events": 5, "n_recent": 0}}, {"type": "Feature", "geometry": {"type": "Polygon", "coordinates": [[[36.0, 38.25], [36.25, 38.25], [36.25, 38.5], [36.0, 38.5], [36.0, 38.25]]]}, "properties": {"risk_index": 44, "annual_rate": 0.1372, "max_mag": 3.9, "n_events": 5, "n_recent": 4}}, {"type": "Feature", "geometry": {"type": "Polygon", "coordinates": [[[44.0, 41.5], [44.25, 41.5], [44.25, 41.75], [44.0, 41.75], [44.0, 41.5]]]}, "properties": {"risk_index": 44, "annual_rate": 0.1646, "max_mag": 3.8, "n_events": 6, "n_recent": 1}}, {"type": "Feature", "geometry": {"type": "Polygon", "coordinates": [[[41.5, 38.5], [41.75, 38.5], [41.75, 38.75], [41.5, 38.75], [41.5, 38.5]]]}, "properties": {"risk_index": 44, "annual_rate": 0.2469, "max_mag": 3.5, "n_events": 9, "n_recent": 0}}, {"type": "Feature", "geometry": {"type": "Polygon", "coordinates": [[[27.0, 39.75], [27.25, 39.75], [27.25, 40.0], [27.0, 40.0], [27.0, 39.75]]]}, "properties": {"risk_index": 44, "annual_rate": 0.1646, "max_mag": 3.8, "n_events": 6, "n_recent": 1}}, {"type": "Feature", "geometry": {"type": "Polygon", "coordinates": [[[43.25, 38.0], [43.5, 38.0], [43.5, 38.25], [43.25, 38.25], [43.25, 38.0]]]}, "properties": {"risk_index": 44, "annual_rate": 0.2195, "max_mag": 3.6, "n_events": 8, "n_recent": 0}}, {"type": "Feature", "geometry": {"type": "Polygon", "coordinates": [[[39.25, 40.0], [39.5, 40.0], [39.5, 40.25], [39.25, 40.25], [39.25, 40.0]]]}, "properties": {"risk_index": 44, "annual_rate": 0.1646, "max_mag": 3.8, "n_events": 6, "n_recent": 0}}, {"type": "Feature", "geometry": {"type": "Polygon", "coordinates": [[[28.75, 37.5], [29.0, 37.5], [29.0, 37.75], [28.75, 37.75], [28.75, 37.5]]]}, "properties": {"risk_index": 44, "annual_rate": 0.2195, "max_mag": 3.6, "n_events": 8, "n_recent": 0}}, {"type": "Feature", "geometry": {"type": "Polygon", "coordinates": [[[41.5, 38.75], [41.75, 38.75], [41.75, 39.0], [41.5, 39.0], [41.5, 38.75]]]}, "properties": {"risk_index": 44, "annual_rate": 0.2469, "max_mag": 3.5, "n_events": 9, "n_recent": 3}}, {"type": "Feature", "geometry": {"type": "Polygon", "coordinates": [[[40.25, 36.25], [40.5, 36.25], [40.5, 36.5], [40.25, 36.5], [40.25, 36.25]]]}, "properties": {"risk_index": 44, "annual_rate": 0.1646, "max_mag": 3.8, "n_events": 6, "n_recent": 1}}, {"type": "Feature", "geometry": {"type": "Polygon", "coordinates": [[[34.25, 38.0], [34.5, 38.0], [34.5, 38.25], [34.25, 38.25], [34.25, 38.0]]]}, "properties": {"risk_index": 44, "annual_rate": 0.1372, "max_mag": 3.9, "n_events": 5, "n_recent": 0}}, {"type": "Feature", "geometry": {"type": "Polygon", "coordinates": [[[32.5, 40.25], [32.75, 40.25], [32.75, 40.5], [32.5, 40.5], [32.5, 40.25]]]}, "properties": {"risk_index": 44, "annual_rate": 0.1646, "max_mag": 3.8, "n_events": 6, "n_recent": 0}}, {"type": "Feature", "geometry": {"type": "Polygon", "coordinates": [[[35.5, 41.25], [35.75, 41.25], [35.75, 41.5], [35.5, 41.5], [35.5, 41.25]]]}, "properties": {"risk_index": 44, "annual_rate": 0.2195, "max_mag": 3.6, "n_events": 8, "n_recent": 0}}, {"type": "Feature", "geometry": {"type": "Polygon", "coordinates": [[[44.0, 41.0], [44.25, 41.0], [44.25, 41.25], [44.0, 41.25], [44.0, 41.0]]]}, "properties": {"risk_index": 44, "annual_rate": 0.1646, "max_mag": 3.8, "n_events": 6, "n_recent": 3}}, {"type": "Feature", "geometry": {"type": "Polygon", "coordinates": [[[43.0, 41.75], [43.25, 41.75], [43.25, 42.0], [43.0, 42.0], [43.0, 41.75]]]}, "properties": {"risk_index": 44, "annual_rate": 0.2469, "max_mag": 3.5, "n_events": 9, "n_recent": 0}}, {"type": "Feature", "geometry": {"type": "Polygon", "coordinates": [[[34.5, 39.0], [34.75, 39.0], [34.75, 39.25], [34.5, 39.25], [34.5, 39.0]]]}, "properties": {"risk_index": 44, "annual_rate": 0.2469, "max_mag": 3.5, "n_events": 9, "n_recent": 0}}, {"type": "Feature", "geometry": {"type": "Polygon", "coordinates": [[[35.25, 39.0], [35.5, 39.0], [35.5, 39.25], [35.25, 39.25], [35.25, 39.0]]]}, "properties": {"risk_index": 44, "annual_rate": 0.1372, "max_mag": 3.9, "n_events": 5, "n_recent": 1}}, {"type": "Feature", "geometry": {"type": "Polygon", "coordinates": [[[30.75, 37.25], [31.0, 37.25], [31.0, 37.5], [30.75, 37.5], [30.75, 37.25]]]}, "properties": {"risk_index": 44, "annual_rate": 0.2469, "max_mag": 3.5, "n_events": 9, "n_recent": 1}}, {"type": "Feature", "geometry": {"type": "Polygon", "coordinates": [[[30.0, 35.5], [30.25, 35.5], [30.25, 35.75], [30.0, 35.75], [30.0, 35.5]]]}, "properties": {"risk_index": 44, "annual_rate": 0.1372, "max_mag": 3.9, "n_events": 5, "n_recent": 0}}, {"type": "Feature", "geometry": {"type": "Polygon", "coordinates": [[[42.0, 37.75], [42.25, 37.75], [42.25, 38.0], [42.0, 38.0], [42.0, 37.75]]]}, "properties": {"risk_index": 44, "annual_rate": 0.1372, "max_mag": 3.9, "n_events": 5, "n_recent": 2}}, {"type": "Feature", "geometry": {"type": "Polygon", "coordinates": [[[43.75, 42.25], [44.0, 42.25], [44.0, 42.5], [43.75, 42.5], [43.75, 42.25]]]}, "properties": {"risk_index": 44, "annual_rate": 0.0823, "max_mag": 4.3, "n_events": 3, "n_recent": 0}}, {"type": "Feature", "geometry": {"type": "Polygon", "coordinates": [[[36.75, 39.0], [37.0, 39.0], [37.0, 39.25], [36.75, 39.25], [36.75, 39.0]]]}, "properties": {"risk_index": 44, "annual_rate": 0.0823, "max_mag": 4.3, "n_events": 3, "n_recent": 0}}, {"type": "Feature", "geometry": {"type": "Polygon", "coordinates": [[[35.25, 37.75], [35.5, 37.75], [35.5, 38.0], [35.25, 38.0], [35.25, 37.75]]]}, "properties": {"risk_index": 44, "annual_rate": 0.2195, "max_mag": 3.6, "n_events": 8, "n_recent": 4}}, {"type": "Feature", "geometry": {"type": "Polygon", "coordinates": [[[29.5, 39.5], [29.75, 39.5], [29.75, 39.75], [29.5, 39.75], [29.5, 39.5]]]}, "properties": {"risk_index": 44, "annual_rate": 0.4115, "max_mag": 3.2, "n_events": 15, "n_recent": 0}}, {"type": "Feature", "geometry": {"type": "Polygon", "coordinates": [[[41.5, 39.5], [41.75, 39.5], [41.75, 39.75], [41.5, 39.75], [41.5, 39.5]]]}, "properties": {"risk_index": 44, "annual_rate": 0.0823, "max_mag": 4.3, "n_events": 3, "n_recent": 0}}, {"type": "Feature", "geometry": {"type": "Polygon", "coordinates": [[[35.75, 37.75], [36.0, 37.75], [36.0, 38.0], [35.75, 38.0], [35.75, 37.75]]]}, "properties": {"risk_index": 44, "annual_rate": 0.3018, "max_mag": 3.4, "n_events": 11, "n_recent": 0}}, {"type": "Feature", "geometry": {"type": "Polygon", "coordinates": [[[44.0, 38.0], [44.25, 38.0], [44.25, 38.25], [44.0, 38.25], [44.0, 38.0]]]}, "properties": {"risk_index": 43, "annual_rate": 0.1097, "max_mag": 4.0, "n_events": 4, "n_recent": 2}}, {"type": "Feature", "geometry": {"type": "Polygon", "coordinates": [[[44.25, 36.75], [44.5, 36.75], [44.5, 37.0], [44.25, 37.0], [44.25, 36.75]]]}, "properties": {"risk_index": 43, "annual_rate": 0.1097, "max_mag": 4.0, "n_events": 4, "n_recent": 2}}, {"type": "Feature", "geometry": {"type": "Polygon", "coordinates": [[[39.25, 36.75], [39.5, 36.75], [39.5, 37.0], [39.25, 37.0], [39.25, 36.75]]]}, "properties": {"risk_index": 43, "annual_rate": 0.3841, "max_mag": 3.2, "n_events": 14, "n_recent": 0}}, {"type": "Feature", "geometry": {"type": "Polygon", "coordinates": [[[44.75, 40.25], [45.0, 40.25], [45.0, 40.5], [44.75, 40.5], [44.75, 40.25]]]}, "properties": {"risk_index": 43, "annual_rate": 0.1097, "max_mag": 4.0, "n_events": 4, "n_recent": 1}}, {"type": "Feature", "geometry": {"type": "Polygon", "coordinates": [[[39.0, 40.75], [39.25, 40.75], [39.25, 41.0], [39.0, 41.0], [39.0, 40.75]]]}, "properties": {"risk_index": 43, "annual_rate": 0.2744, "max_mag": 3.4, "n_events": 10, "n_recent": 1}}, {"type": "Feature", "geometry": {"type": "Polygon", "coordinates": [[[43.75, 40.75], [44.0, 40.75], [44.0, 41.0], [43.75, 41.0], [43.75, 40.75]]]}, "properties": {"risk_index": 43, "annual_rate": 0.1097, "max_mag": 4.0, "n_events": 4, "n_recent": 2}}, {"type": "Feature", "geometry": {"type": "Polygon", "coordinates": [[[31.75, 38.0], [32.0, 38.0], [32.0, 38.25], [31.75, 38.25], [31.75, 38.0]]]}, "properties": {"risk_index": 43, "annual_rate": 0.1097, "max_mag": 4.0, "n_events": 4, "n_recent": 2}}, {"type": "Feature", "geometry": {"type": "Polygon", "coordinates": [[[34.5, 36.0], [34.75, 36.0], [34.75, 36.25], [34.5, 36.25], [34.5, 36.0]]]}, "properties": {"risk_index": 43, "annual_rate": 0.1097, "max_mag": 4.0, "n_events": 4, "n_recent": 1}}, {"type": "Feature", "geometry": {"type": "Polygon", "coordinates": [[[42.5, 39.0], [42.75, 39.0], [42.75, 39.25], [42.5, 39.25], [42.5, 39.0]]]}, "properties": {"risk_index": 43, "annual_rate": 0.3292, "max_mag": 3.3, "n_events": 12, "n_recent": 2}}, {"type": "Feature", "geometry": {"type": "Polygon", "coordinates": [[[35.0, 35.5], [35.25, 35.5], [35.25, 35.75], [35.0, 35.75], [35.0, 35.5]]]}, "properties": {"risk_index": 43, "annual_rate": 0.1097, "max_mag": 4.0, "n_events": 4, "n_recent": 3}}, {"type": "Feature", "geometry": {"type": "Polygon", "coordinates": [[[42.75, 37.5], [43.0, 37.5], [43.0, 37.75], [42.75, 37.75], [42.75, 37.5]]]}, "properties": {"risk_index": 43, "annual_rate": 0.1097, "max_mag": 4.0, "n_events": 4, "n_recent": 0}}, {"type": "Feature", "geometry": {"type": "Polygon", "coordinates": [[[37.25, 39.75], [37.5, 39.75], [37.5, 40.0], [37.25, 40.0], [37.25, 39.75]]]}, "properties": {"risk_index": 42, "annual_rate": 0.1921, "max_mag": 3.6, "n_events": 7, "n_recent": 0}}, {"type": "Feature", "geometry": {"type": "Polygon", "coordinates": [[[30.25, 39.5], [30.5, 39.5], [30.5, 39.75], [30.25, 39.75], [30.25, 39.5]]]}, "properties": {"risk_index": 42, "annual_rate": 0.1646, "max_mag": 3.7, "n_events": 6, "n_recent": 0}}, {"type": "Feature", "geometry": {"type": "Polygon", "coordinates": [[[39.0, 37.25], [39.25, 37.25], [39.25, 37.5], [39.0, 37.5], [39.0, 37.25]]]}, "properties": {"risk_index": 42, "annual_rate": 0.2195, "max_mag": 3.5, "n_events": 8, "n_recent": 3}}, {"type": "Feature", "geometry": {"type": "Polygon", "coordinates": [[[42.75, 36.75], [43.0, 36.75], [43.0, 37.0], [42.75, 37.0], [42.75, 36.75]]]}, "properties": {"risk_index": 42, "annual_rate": 0.1646, "max_mag": 3.7, "n_events": 6, "n_recent": 3}}, {"type": "Feature", "geometry": {"type": "Polygon", "coordinates": [[[43.25, 40.75], [43.5, 40.75], [43.5, 41.0], [43.25, 41.0], [43.25, 40.75]]]}, "properties": {"risk_index": 42, "annual_rate": 0.2195, "max_mag": 3.5, "n_events": 8, "n_recent": 1}}, {"type": "Feature", "geometry": {"type": "Polygon", "coordinates": [[[34.0, 39.25], [34.25, 39.25], [34.25, 39.5], [34.0, 39.5], [34.0, 39.25]]]}, "properties": {"risk_index": 42, "annual_rate": 0.2469, "max_mag": 3.4, "n_events": 9, "n_recent": 0}}, {"type": "Feature", "geometry": {"type": "Polygon", "coordinates": [[[32.5, 41.5], [32.75, 41.5], [32.75, 41.75], [32.5, 41.75], [32.5, 41.5]]]}, "properties": {"risk_index": 42, "annual_rate": 0.2469, "max_mag": 3.4, "n_events": 9, "n_recent": 1}}, {"type": "Feature", "geometry": {"type": "Polygon", "coordinates": [[[30.75, 37.5], [31.0, 37.5], [31.0, 37.75], [30.75, 37.75], [30.75, 37.5]]]}, "properties": {"risk_index": 42, "annual_rate": 0.3018, "max_mag": 3.3, "n_events": 11, "n_recent": 1}}, {"type": "Feature", "geometry": {"type": "Polygon", "coordinates": [[[42.5, 41.0], [42.75, 41.0], [42.75, 41.25], [42.5, 41.25], [42.5, 41.0]]]}, "properties": {"risk_index": 42, "annual_rate": 0.1921, "max_mag": 3.6, "n_events": 7, "n_recent": 1}}, {"type": "Feature", "geometry": {"type": "Polygon", "coordinates": [[[25.5, 41.0], [25.75, 41.0], [25.75, 41.25], [25.5, 41.25], [25.5, 41.0]]]}, "properties": {"risk_index": 42, "annual_rate": 0.1646, "max_mag": 3.7, "n_events": 6, "n_recent": 1}}, {"type": "Feature", "geometry": {"type": "Polygon", "coordinates": [[[35.25, 38.75], [35.5, 38.75], [35.5, 39.0], [35.25, 39.0], [35.25, 38.75]]]}, "properties": {"risk_index": 42, "annual_rate": 0.2469, "max_mag": 3.4, "n_events": 9, "n_recent": 1}}, {"type": "Feature", "geometry": {"type": "Polygon", "coordinates": [[[41.75, 37.0], [42.0, 37.0], [42.0, 37.25], [41.75, 37.25], [41.75, 37.0]]]}, "properties": {"risk_index": 42, "annual_rate": 0.1372, "max_mag": 3.8, "n_events": 5, "n_recent": 0}}, {"type": "Feature", "geometry": {"type": "Polygon", "coordinates": [[[39.75, 41.0], [40.0, 41.0], [40.0, 41.25], [39.75, 41.25], [39.75, 41.0]]]}, "properties": {"risk_index": 42, "annual_rate": 0.2195, "max_mag": 3.5, "n_events": 8, "n_recent": 1}}, {"type": "Feature", "geometry": {"type": "Polygon", "coordinates": [[[39.25, 37.0], [39.5, 37.0], [39.5, 37.25], [39.25, 37.25], [39.25, 37.0]]]}, "properties": {"risk_index": 42, "annual_rate": 0.3018, "max_mag": 3.3, "n_events": 11, "n_recent": 0}}, {"type": "Feature", "geometry": {"type": "Polygon", "coordinates": [[[39.25, 39.25], [39.5, 39.25], [39.5, 39.5], [39.25, 39.5], [39.25, 39.25]]]}, "properties": {"risk_index": 42, "annual_rate": 0.2195, "max_mag": 3.5, "n_events": 8, "n_recent": 0}}, {"type": "Feature", "geometry": {"type": "Polygon", "coordinates": [[[39.0, 36.75], [39.25, 36.75], [39.25, 37.0], [39.0, 37.0], [39.0, 36.75]]]}, "properties": {"risk_index": 42, "annual_rate": 0.1646, "max_mag": 3.7, "n_events": 6, "n_recent": 0}}, {"type": "Feature", "geometry": {"type": "Polygon", "coordinates": [[[43.25, 41.5], [43.5, 41.5], [43.5, 41.75], [43.25, 41.75], [43.25, 41.5]]]}, "properties": {"risk_index": 42, "annual_rate": 0.2469, "max_mag": 3.4, "n_events": 9, "n_recent": 2}}, {"type": "Feature", "geometry": {"type": "Polygon", "coordinates": [[[35.25, 38.25], [35.5, 38.25], [35.5, 38.5], [35.25, 38.5], [35.25, 38.25]]]}, "properties": {"risk_index": 42, "annual_rate": 0.1646, "max_mag": 3.7, "n_events": 6, "n_recent": 0}}, {"type": "Feature", "geometry": {"type": "Polygon", "coordinates": [[[29.25, 40.75], [29.5, 40.75], [29.5, 41.0], [29.25, 41.0], [29.25, 40.75]]]}, "properties": {"risk_index": 42, "annual_rate": 0.1921, "max_mag": 3.6, "n_events": 7, "n_recent": 0}}, {"type": "Feature", "geometry": {"type": "Polygon", "coordinates": [[[25.75, 37.75], [26.0, 37.75], [26.0, 38.0], [25.75, 38.0], [25.75, 37.75]]]}, "properties": {"risk_index": 42, "annual_rate": 0.2195, "max_mag": 3.5, "n_events": 8, "n_recent": 1}}, {"type": "Feature", "geometry": {"type": "Polygon", "coordinates": [[[34.5, 36.5], [34.75, 36.5], [34.75, 36.75], [34.5, 36.75], [34.5, 36.5]]]}, "properties": {"risk_index": 42, "annual_rate": 0.1921, "max_mag": 3.6, "n_events": 7, "n_recent": 1}}, {"type": "Feature", "geometry": {"type": "Polygon", "coordinates": [[[29.75, 36.5], [30.0, 36.5], [30.0, 36.75], [29.75, 36.75], [29.75, 36.5]]]}, "properties": {"risk_index": 42, "annual_rate": 0.1921, "max_mag": 3.6, "n_events": 7, "n_recent": 1}}, {"type": "Feature", "geometry": {"type": "Polygon", "coordinates": [[[43.75, 36.25], [44.0, 36.25], [44.0, 36.5], [43.75, 36.5], [43.75, 36.25]]]}, "properties": {"risk_index": 42, "annual_rate": 0.0274, "max_mag": 5.4, "n_events": 1, "n_recent": 0}}, {"type": "Feature", "geometry": {"type": "Polygon", "coordinates": [[[36.5, 39.0], [36.75, 39.0], [36.75, 39.25], [36.5, 39.25], [36.5, 39.0]]]}, "properties": {"risk_index": 42, "annual_rate": 0.1372, "max_mag": 3.8, "n_events": 5, "n_recent": 2}}, {"type": "Feature", "geometry": {"type": "Polygon", "coordinates": [[[40.75, 36.5], [41.0, 36.5], [41.0, 36.75], [40.75, 36.75], [40.75, 36.5]]]}, "properties": {"risk_index": 42, "annual_rate": 0.1646, "max_mag": 3.7, "n_events": 6, "n_recent": 0}}, {"type": "Feature", "geometry": {"type": "Polygon", "coordinates": [[[32.25, 40.5], [32.5, 40.5], [32.5, 40.75], [32.25, 40.75], [32.25, 40.5]]]}, "properties": {"risk_index": 42, "annual_rate": 0.2195, "max_mag": 3.5, "n_events": 8, "n_recent": 0}}, {"type": "Feature", "geometry": {"type": "Polygon", "coordinates": [[[43.0, 36.5], [43.25, 36.5], [43.25, 36.75], [43.0, 36.75], [43.0, 36.5]]]}, "properties": {"risk_index": 42, "annual_rate": 0.0549, "max_mag": 4.5, "n_events": 2, "n_recent": 0}}, {"type": "Feature", "geometry": {"type": "Polygon", "coordinates": [[[28.75, 38.5], [29.0, 38.5], [29.0, 38.75], [28.75, 38.75], [28.75, 38.5]]]}, "properties": {"risk_index": 42, "annual_rate": 0.1372, "max_mag": 3.8, "n_events": 5, "n_recent": 1}}, {"type": "Feature", "geometry": {"type": "Polygon", "coordinates": [[[29.5, 40.0], [29.75, 40.0], [29.75, 40.25], [29.5, 40.25], [29.5, 40.0]]]}, "properties": {"risk_index": 42, "annual_rate": 0.1921, "max_mag": 3.6, "n_events": 7, "n_recent": 0}}, {"type": "Feature", "geometry": {"type": "Polygon", "coordinates": [[[32.0, 39.0], [32.25, 39.0], [32.25, 39.25], [32.0, 39.25], [32.0, 39.0]]]}, "properties": {"risk_index": 42, "annual_rate": 0.2195, "max_mag": 3.5, "n_events": 8, "n_recent": 0}}, {"type": "Feature", "geometry": {"type": "Polygon", "coordinates": [[[43.0, 40.25], [43.25, 40.25], [43.25, 40.5], [43.0, 40.5], [43.0, 40.25]]]}, "properties": {"risk_index": 42, "annual_rate": 0.1921, "max_mag": 3.6, "n_events": 7, "n_recent": 2}}, {"type": "Feature", "geometry": {"type": "Polygon", "coordinates": [[[29.75, 39.25], [30.0, 39.25], [30.0, 39.5], [29.75, 39.5], [29.75, 39.25]]]}, "properties": {"risk_index": 42, "annual_rate": 0.1921, "max_mag": 3.6, "n_events": 7, "n_recent": 1}}, {"type": "Feature", "geometry": {"type": "Polygon", "coordinates": [[[43.25, 40.0], [43.5, 40.0], [43.5, 40.25], [43.25, 40.25], [43.25, 40.0]]]}, "properties": {"risk_index": 42, "annual_rate": 0.1646, "max_mag": 3.7, "n_events": 6, "n_recent": 2}}, {"type": "Feature", "geometry": {"type": "Polygon", "coordinates": [[[31.25, 40.5], [31.5, 40.5], [31.5, 40.75], [31.25, 40.75], [31.25, 40.5]]]}, "properties": {"risk_index": 41, "annual_rate": 0.3292, "max_mag": 3.2, "n_events": 12, "n_recent": 1}}, {"type": "Feature", "geometry": {"type": "Polygon", "coordinates": [[[36.25, 38.5], [36.5, 38.5], [36.5, 38.75], [36.25, 38.75], [36.25, 38.5]]]}, "properties": {"risk_index": 41, "annual_rate": 0.1097, "max_mag": 3.9, "n_events": 4, "n_recent": 1}}, {"type": "Feature", "geometry": {"type": "Polygon", "coordinates": [[[31.5, 39.0], [31.75, 39.0], [31.75, 39.25], [31.5, 39.25], [31.5, 39.0]]]}, "properties": {"risk_index": 41, "annual_rate": 0.2744, "max_mag": 3.3, "n_events": 10, "n_recent": 4}}, {"type": "Feature", "geometry": {"type": "Polygon", "coordinates": [[[36.5, 36.0], [36.75, 36.0], [36.75, 36.25], [36.5, 36.25], [36.5, 36.0]]]}, "properties": {"risk_index": 41, "annual_rate": 0.2744, "max_mag": 3.3, "n_events": 10, "n_recent": 1}}, {"type": "Feature", "geometry": {"type": "Polygon", "coordinates": [[[42.0, 36.25], [42.25, 36.25], [42.25, 36.5], [42.0, 36.5], [42.0, 36.25]]]}, "properties": {"risk_index": 41, "annual_rate": 0.1097, "max_mag": 3.9, "n_events": 4, "n_recent": 1}}, {"type": "Feature", "geometry": {"type": "Polygon", "coordinates": [[[42.25, 37.75], [42.5, 37.75], [42.5, 38.0], [42.25, 38.0], [42.25, 37.75]]]}, "properties": {"risk_index": 41, "annual_rate": 0.1097, "max_mag": 3.9, "n_events": 4, "n_recent": 0}}, {"type": "Feature", "geometry": {"type": "Polygon", "coordinates": [[[33.0, 38.25], [33.25, 38.25], [33.25, 38.5], [33.0, 38.5], [33.0, 38.25]]]}, "properties": {"risk_index": 41, "annual_rate": 0.1097, "max_mag": 3.9, "n_events": 4, "n_recent": 2}}, {"type": "Feature", "geometry": {"type": "Polygon", "coordinates": [[[31.75, 37.25], [32.0, 37.25], [32.0, 37.5], [31.75, 37.5], [31.75, 37.25]]]}, "properties": {"risk_index": 41, "annual_rate": 0.2744, "max_mag": 3.3, "n_events": 10, "n_recent": 0}}, {"type": "Feature", "geometry": {"type": "Polygon", "coordinates": [[[44.25, 37.75], [44.5, 37.75], [44.5, 38.0], [44.25, 38.0], [44.25, 37.75]]]}, "properties": {"risk_index": 41, "annual_rate": 0.0823, "max_mag": 4.1, "n_events": 3, "n_recent": 0}}, {"type": "Feature", "geometry": {"type": "Polygon", "coordinates": [[[41.0, 36.75], [41.25, 36.75], [41.25, 37.0], [41.0, 37.0], [41.0, 36.75]]]}, "properties": {"risk_index": 41, "annual_rate": 0.0823, "max_mag": 4.1, "n_events": 3, "n_recent": 0}}, {"type": "Feature", "geometry": {"type": "Polygon", "coordinates": [[[33.75, 38.5], [34.0, 38.5], [34.0, 38.75], [33.75, 38.75], [33.75, 38.5]]]}, "properties": {"risk_index": 41, "annual_rate": 0.0823, "max_mag": 4.1, "n_events": 3, "n_recent": 0}}, {"type": "Feature", "geometry": {"type": "Polygon", "coordinates": [[[44.0, 36.75], [44.25, 36.75], [44.25, 37.0], [44.0, 37.0], [44.0, 36.75]]]}, "properties": {"risk_index": 41, "annual_rate": 0.0823, "max_mag": 4.1, "n_events": 3, "n_recent": 1}}, {"type": "Feature", "geometry": {"type": "Polygon", "coordinates": [[[33.25, 36.75], [33.5, 36.75], [33.5, 37.0], [33.25, 37.0], [33.25, 36.75]]]}, "properties": {"risk_index": 41, "annual_rate": 0.1097, "max_mag": 3.9, "n_events": 4, "n_recent": 1}}, {"type": "Feature", "geometry": {"type": "Polygon", "coordinates": [[[44.5, 38.0], [44.75, 38.0], [44.75, 38.25], [44.5, 38.25], [44.5, 38.0]]]}, "properties": {"risk_index": 41, "annual_rate": 0.1097, "max_mag": 3.9, "n_events": 4, "n_recent": 2}}, {"type": "Feature", "geometry": {"type": "Polygon", "coordinates": [[[41.25, 42.0], [41.5, 42.0], [41.5, 42.25], [41.25, 42.25], [41.25, 42.0]]]}, "properties": {"risk_index": 41, "annual_rate": 0.1097, "max_mag": 3.9, "n_events": 4, "n_recent": 1}}, {"type": "Feature", "geometry": {"type": "Polygon", "coordinates": [[[41.5, 40.0], [41.75, 40.0], [41.75, 40.25], [41.5, 40.25], [41.5, 40.0]]]}, "properties": {"risk_index": 40, "annual_rate": 0.1372, "max_mag": 3.7, "n_events": 5, "n_recent": 0}}, {"type": "Feature", "geometry": {"type": "Polygon", "coordinates": [[[32.25, 39.5], [32.5, 39.5], [32.5, 39.75], [32.25, 39.75], [32.25, 39.5]]]}, "properties": {"risk_index": 40, "annual_rate": 0.2195, "max_mag": 3.4, "n_events": 8, "n_recent": 0}}, {"type": "Feature", "geometry": {"type": "Polygon", "coordinates": [[[28.5, 38.75], [28.75, 38.75], [28.75, 39.0], [28.5, 39.0], [28.5, 38.75]]]}, "properties": {"risk_index": 40, "annual_rate": 0.2195, "max_mag": 3.4, "n_events": 8, "n_recent": 2}}, {"type": "Feature", "geometry": {"type": "Polygon", "coordinates": [[[26.75, 40.5], [27.0, 40.5], [27.0, 40.75], [26.75, 40.75], [26.75, 40.5]]]}, "properties": {"risk_index": 40, "annual_rate": 0.1646, "max_mag": 3.6, "n_events": 6, "n_recent": 1}}, {"type": "Feature", "geometry": {"type": "Polygon", "coordinates": [[[30.0, 36.25], [30.25, 36.25], [30.25, 36.5], [30.0, 36.5], [30.0, 36.25]]]}, "properties": {"risk_index": 40, "annual_rate": 0.1372, "max_mag": 3.7, "n_events": 5, "n_recent": 0}}, {"type": "Feature", "geometry": {"type": "Polygon", "coordinates": [[[42.0, 41.25], [42.25, 41.25], [42.25, 41.5], [42.0, 41.5], [42.0, 41.25]]]}, "properties": {"risk_index": 40, "annual_rate": 0.1372, "max_mag": 3.7, "n_events": 5, "n_recent": 1}}, {"type": "Feature", "geometry": {"type": "Polygon", "coordinates": [[[38.5, 38.5], [38.75, 38.5], [38.75, 38.75], [38.5, 38.75], [38.5, 38.5]]]}, "properties": {"risk_index": 40, "annual_rate": 0.1921, "max_mag": 3.5, "n_events": 7, "n_recent": 1}}, {"type": "Feature", "geometry": {"type": "Polygon", "coordinates": [[[36.5, 39.5], [36.75, 39.5], [36.75, 39.75], [36.5, 39.75], [36.5, 39.5]]]}, "properties": {"risk_index": 40, "annual_rate": 0.2195, "max_mag": 3.4, "n_events": 8, "n_recent": 0}}, {"type": "Feature", "geometry": {"type": "Polygon", "coordinates": [[[39.25, 38.75], [39.5, 38.75], [39.5, 39.0], [39.25, 39.0], [39.25, 38.75]]]}, "properties": {"risk_index": 40, "annual_rate": 0.1646, "max_mag": 3.6, "n_events": 6, "n_recent": 0}}, {"type": "Feature", "geometry": {"type": "Polygon", "coordinates": [[[32.0, 40.75], [32.25, 40.75], [32.25, 41.0], [32.0, 41.0], [32.0, 40.75]]]}, "properties": {"risk_index": 40, "annual_rate": 0.2195, "max_mag": 3.4, "n_events": 8, "n_recent": 1}}, {"type": "Feature", "geometry": {"type": "Polygon", "coordinates": [[[33.25, 38.25], [33.5, 38.25], [33.5, 38.5], [33.25, 38.5], [33.25, 38.25]]]}, "properties": {"risk_index": 40, "annual_rate": 0.1646, "max_mag": 3.6, "n_events": 6, "n_recent": 0}}, {"type": "Feature", "geometry": {"type": "Polygon", "coordinates": [[[34.5, 37.25], [34.75, 37.25], [34.75, 37.5], [34.5, 37.5], [34.5, 37.25]]]}, "properties": {"risk_index": 40, "annual_rate": 0.2195, "max_mag": 3.4, "n_events": 8, "n_recent": 0}}, {"type": "Feature", "geometry": {"type": "Polygon", "coordinates": [[[29.25, 38.75], [29.5, 38.75], [29.5, 39.0], [29.25, 39.0], [29.25, 38.75]]]}, "properties": {"risk_index": 40, "annual_rate": 0.1921, "max_mag": 3.5, "n_events": 7, "n_recent": 0}}, {"type": "Feature", "geometry": {"type": "Polygon", "coordinates": [[[26.0, 37.25], [26.25, 37.25], [26.25, 37.5], [26.0, 37.5], [26.0, 37.25]]]}, "properties": {"risk_index": 40, "annual_rate": 0.0549, "max_mag": 4.4, "n_events": 2, "n_recent": 0}}, {"type": "Feature", "geometry": {"type": "Polygon", "coordinates": [[[35.5, 35.5], [35.75, 35.5], [35.75, 35.75], [35.5, 35.75], [35.5, 35.5]]]}, "properties": {"risk_index": 40, "annual_rate": 0.1921, "max_mag": 3.5, "n_events": 7, "n_recent": 6}}, {"type": "Feature", "geometry": {"type": "Polygon", "coordinates": [[[34.75, 37.0], [35.0, 37.0], [35.0, 37.25], [34.75, 37.25], [34.75, 37.0]]]}, "properties": {"risk_index": 40, "annual_rate": 0.2195, "max_mag": 3.4, "n_events": 8, "n_recent": 2}}, {"type": "Feature", "geometry": {"type": "Polygon", "coordinates": [[[42.0, 40.5], [42.25, 40.5], [42.25, 40.75], [42.0, 40.75], [42.0, 40.5]]]}, "properties": {"risk_index": 40, "annual_rate": 0.1921, "max_mag": 3.5, "n_events": 7, "n_recent": 2}}, {"type": "Feature", "geometry": {"type": "Polygon", "coordinates": [[[43.5, 41.5], [43.75, 41.5], [43.75, 41.75], [43.5, 41.75], [43.5, 41.5]]]}, "properties": {"risk_index": 40, "annual_rate": 0.1921, "max_mag": 3.5, "n_events": 7, "n_recent": 0}}, {"type": "Feature", "geometry": {"type": "Polygon", "coordinates": [[[31.0, 39.25], [31.25, 39.25], [31.25, 39.5], [31.0, 39.5], [31.0, 39.25]]]}, "properties": {"risk_index": 40, "annual_rate": 0.1372, "max_mag": 3.7, "n_events": 5, "n_recent": 0}}, {"type": "Feature", "geometry": {"type": "Polygon", "coordinates": [[[32.25, 36.0], [32.5, 36.0], [32.5, 36.25], [32.25, 36.25], [32.25, 36.0]]]}, "properties": {"risk_index": 40, "annual_rate": 0.0274, "max_mag": 5.0, "n_events": 1, "n_recent": 0}}, {"type": "Feature", "geometry": {"type": "Polygon", "coordinates": [[[28.5, 37.5], [28.75, 37.5], [28.75, 37.75], [28.5, 37.75], [28.5, 37.5]]]}, "properties": {"risk_index": 40, "annual_rate": 0.1372, "max_mag": 3.7, "n_events": 5, "n_recent": 0}}, {"type": "Feature", "geometry": {"type": "Polygon", "coordinates": [[[29.25, 40.25], [29.5, 40.25], [29.5, 40.5], [29.25, 40.5], [29.25, 40.25]]]}, "properties": {"risk_index": 40, "annual_rate": 0.1921, "max_mag": 3.5, "n_events": 7, "n_recent": 0}}, {"type": "Feature", "geometry": {"type": "Polygon", "coordinates": [[[39.5, 41.0], [39.75, 41.0], [39.75, 41.25], [39.5, 41.25], [39.5, 41.0]]]}, "properties": {"risk_index": 40, "annual_rate": 0.1372, "max_mag": 3.7, "n_events": 5, "n_recent": 0}}, {"type": "Feature", "geometry": {"type": "Polygon", "coordinates": [[[30.5, 40.25], [30.75, 40.25], [30.75, 40.5], [30.5, 40.5], [30.5, 40.25]]]}, "properties": {"risk_index": 40, "annual_rate": 0.1646, "max_mag": 3.6, "n_events": 6, "n_recent": 0}}, {"type": "Feature", "geometry": {"type": "Polygon", "coordinates": [[[32.25, 39.75], [32.5, 39.75], [32.5, 40.0], [32.25, 40.0], [32.25, 39.75]]]}, "properties": {"risk_index": 40, "annual_rate": 0.2195, "max_mag": 3.4, "n_events": 8, "n_recent": 0}}, {"type": "Feature", "geometry": {"type": "Polygon", "coordinates": [[[39.0, 37.75], [39.25, 37.75], [39.25, 38.0], [39.0, 38.0], [39.0, 37.75]]]}, "properties": {"risk_index": 40, "annual_rate": 0.0549, "max_mag": 4.4, "n_events": 2, "n_recent": 0}}, {"type": "Feature", "geometry": {"type": "Polygon", "coordinates": [[[43.0, 36.75], [43.25, 36.75], [43.25, 37.0], [43.0, 37.0], [43.0, 36.75]]]}, "properties": {"risk_index": 40, "annual_rate": 0.1646, "max_mag": 3.6, "n_events": 6, "n_recent": 1}}, {"type": "Feature", "geometry": {"type": "Polygon", "coordinates": [[[40.5, 40.25], [40.75, 40.25], [40.75, 40.5], [40.5, 40.5], [40.5, 40.25]]]}, "properties": {"risk_index": 40, "annual_rate": 0.1646, "max_mag": 3.6, "n_events": 6, "n_recent": 1}}, {"type": "Feature", "geometry": {"type": "Polygon", "coordinates": [[[32.0, 37.0], [32.25, 37.0], [32.25, 37.25], [32.0, 37.25], [32.0, 37.0]]]}, "properties": {"risk_index": 39, "annual_rate": 0.0823, "max_mag": 4.0, "n_events": 3, "n_recent": 0}}, {"type": "Feature", "geometry": {"type": "Polygon", "coordinates": [[[35.75, 41.75], [36.0, 41.75], [36.0, 42.0], [35.75, 42.0], [35.75, 41.75]]]}, "properties": {"risk_index": 39, "annual_rate": 0.0823, "max_mag": 4.0, "n_events": 3, "n_recent": 0}}, {"type": "Feature", "geometry": {"type": "Polygon", "coordinates": [[[30.5, 40.0], [30.75, 40.0], [30.75, 40.25], [30.5, 40.25], [30.5, 40.0]]]}, "properties": {"risk_index": 39, "annual_rate": 0.0823, "max_mag": 4.0, "n_events": 3, "n_recent": 0}}, {"type": "Feature", "geometry": {"type": "Polygon", "coordinates": [[[26.5, 40.25], [26.75, 40.25], [26.75, 40.5], [26.5, 40.5], [26.5, 40.25]]]}, "properties": {"risk_index": 39, "annual_rate": 0.0823, "max_mag": 4.0, "n_events": 3, "n_recent": 0}}, {"type": "Feature", "geometry": {"type": "Polygon", "coordinates": [[[37.0, 38.75], [37.25, 38.75], [37.25, 39.0], [37.0, 39.0], [37.0, 38.75]]]}, "properties": {"risk_index": 39, "annual_rate": 0.0823, "max_mag": 4.0, "n_events": 3, "n_recent": 0}}, {"type": "Feature", "geometry": {"type": "Polygon", "coordinates": [[[43.0, 37.5], [43.25, 37.5], [43.25, 37.75], [43.0, 37.75], [43.0, 37.5]]]}, "properties": {"risk_index": 39, "annual_rate": 0.0823, "max_mag": 4.0, "n_events": 3, "n_recent": 0}}, {"type": "Feature", "geometry": {"type": "Polygon", "coordinates": [[[44.0, 38.75], [44.25, 38.75], [44.25, 39.0], [44.0, 39.0], [44.0, 38.75]]]}, "properties": {"risk_index": 38, "annual_rate": 0.1646, "max_mag": 3.5, "n_events": 6, "n_recent": 1}}, {"type": "Feature", "geometry": {"type": "Polygon", "coordinates": [[[35.25, 39.25], [35.5, 39.25], [35.5, 39.5], [35.25, 39.5], [35.25, 39.25]]]}, "properties": {"risk_index": 38, "annual_rate": 0.0549, "max_mag": 4.2, "n_events": 2, "n_recent": 0}}, {"type": "Feature", "geometry": {"type": "Polygon", "coordinates": [[[37.5, 39.25], [37.75, 39.25], [37.75, 39.5], [37.5, 39.5], [37.5, 39.25]]]}, "properties": {"risk_index": 38, "annual_rate": 0.1097, "max_mag": 3.8, "n_events": 4, "n_recent": 0}}, {"type": "Feature", "geometry": {"type": "Polygon", "coordinates": [[[43.0, 37.0], [43.25, 37.0], [43.25, 37.25], [43.0, 37.25], [43.0, 37.0]]]}, "properties": {"risk_index": 38, "annual_rate": 0.1921, "max_mag": 3.4, "n_events": 7, "n_recent": 0}}, {"type": "Feature", "geometry": {"type": "Polygon", "coordinates": [[[35.0, 35.75], [35.25, 35.75], [35.25, 36.0], [35.0, 36.0], [35.0, 35.75]]]}, "properties": {"risk_index": 38, "annual_rate": 0.1921, "max_mag": 3.4, "n_events": 7, "n_recent": 3}}, {"type": "Feature", "geometry": {"type": "Polygon", "coordinates": [[[40.0, 40.25], [40.25, 40.25], [40.25, 40.5], [40.0, 40.5], [40.0, 40.25]]]}, "properties": {"risk_index": 38, "annual_rate": 0.1097, "max_mag": 3.8, "n_events": 4, "n_recent": 1}}, {"type": "Feature", "geometry": {"type": "Polygon", "coordinates": [[[44.5, 36.25], [44.75, 36.25], [44.75, 36.5], [44.5, 36.5], [44.5, 36.25]]]}, "properties": {"risk_index": 38, "annual_rate": 0.0549, "max_mag": 4.2, "n_events": 2, "n_recent": 0}}, {"type": "Feature", "geometry": {"type": "Polygon", "coordinates": [[[42.25, 39.25], [42.5, 39.25], [42.5, 39.5], [42.25, 39.5], [42.25, 39.25]]]}, "properties": {"risk_index": 38, "annual_rate": 0.1646, "max_mag": 3.5, "n_events": 6, "n_recent": 1}}, {"type": "Feature", "geometry": {"type": "Polygon", "coordinates": [[[30.5, 42.0], [30.75, 42.0], [30.75, 42.25], [30.5, 42.25], [30.5, 42.0]]]}, "properties": {"risk_index": 38, "annual_rate": 0.0274, "max_mag": 4.8, "n_events": 1, "n_recent": 1}}, {"type": "Feature", "geometry": {"type": "Polygon", "coordinates": [[[28.0, 37.75], [28.25, 37.75], [28.25, 38.0], [28.0, 38.0], [28.0, 37.75]]]}, "properties": {"risk_index": 38, "annual_rate": 0.1097, "max_mag": 3.8, "n_events": 4, "n_recent": 0}}, {"type": "Feature", "geometry": {"type": "Polygon", "coordinates": [[[32.25, 39.25], [32.5, 39.25], [32.5, 39.5], [32.25, 39.5], [32.25, 39.25]]]}, "properties": {"risk_index": 38, "annual_rate": 0.1646, "max_mag": 3.5, "n_events": 6, "n_recent": 0}}, {"type": "Feature", "geometry": {"type": "Polygon", "coordinates": [[[26.75, 39.5], [27.0, 39.5], [27.0, 39.75], [26.75, 39.75], [26.75, 39.5]]]}, "properties": {"risk_index": 38, "annual_rate": 0.1646, "max_mag": 3.5, "n_events": 6, "n_recent": 3}}, {"type": "Feature", "geometry": {"type": "Polygon", "coordinates": [[[31.75, 42.25], [32.0, 42.25], [32.0, 42.5], [31.75, 42.5], [31.75, 42.25]]]}, "properties": {"risk_index": 38, "annual_rate": 0.0274, "max_mag": 4.8, "n_events": 1, "n_recent": 1}}, {"type": "Feature", "geometry": {"type": "Polygon", "coordinates": [[[32.0, 41.25], [32.25, 41.25], [32.25, 41.5], [32.0, 41.5], [32.0, 41.25]]]}, "properties": {"risk_index": 38, "annual_rate": 0.1097, "max_mag": 3.8, "n_events": 4, "n_recent": 0}}, {"type": "Feature", "geometry": {"type": "Polygon", "coordinates": [[[39.25, 37.5], [39.5, 37.5], [39.5, 37.75], [39.25, 37.75], [39.25, 37.5]]]}, "properties": {"risk_index": 38, "annual_rate": 0.0549, "max_mag": 4.2, "n_events": 2, "n_recent": 0}}, {"type": "Feature", "geometry": {"type": "Polygon", "coordinates": [[[29.5, 38.25], [29.75, 38.25], [29.75, 38.5], [29.5, 38.5], [29.5, 38.25]]]}, "properties": {"risk_index": 38, "annual_rate": 0.1646, "max_mag": 3.5, "n_events": 6, "n_recent": 0}}, {"type": "Feature", "geometry": {"type": "Polygon", "coordinates": [[[31.5, 37.0], [31.75, 37.0], [31.75, 37.25], [31.5, 37.25], [31.5, 37.0]]]}, "properties": {"risk_index": 38, "annual_rate": 0.2744, "max_mag": 3.2, "n_events": 10, "n_recent": 0}}, {"type": "Feature", "geometry": {"type": "Polygon", "coordinates": [[[42.0, 39.5], [42.25, 39.5], [42.25, 39.75], [42.0, 39.75], [42.0, 39.5]]]}, "properties": {"risk_index": 37, "annual_rate": 0.0823, "max_mag": 3.9, "n_events": 3, "n_recent": 0}}, {"type": "Feature", "geometry": {"type": "Polygon", "coordinates": [[[42.0, 40.75], [42.25, 40.75], [42.25, 41.0], [42.0, 41.0], [42.0, 40.75]]]}, "properties": {"risk_index": 37, "annual_rate": 0.1372, "max_mag": 3.6, "n_events": 5, "n_recent": 0}}, {"type": "Feature", "geometry": {"type": "Polygon", "coordinates": [[[37.75, 37.0], [38.0, 37.0], [38.0, 37.25], [37.75, 37.25], [37.75, 37.0]]]}, "properties": {"risk_index": 37, "annual_rate": 0.2469, "max_mag": 3.2, "n_events": 9, "n_recent": 0}}, {"type": "Feature", "geometry": {"type": "Polygon", "coordinates": [[[43.0, 40.5], [43.25, 40.5], [43.25, 40.75], [43.0, 40.75], [43.0, 40.5]]]}, "properties": {"risk_index": 37, "annual_rate": 0.2195, "max_mag": 3.3, "n_events": 8, "n_recent": 0}}, {"type": "Feature", "geometry": {"type": "Polygon", "coordinates": [[[43.25, 40.25], [43.5, 40.25], [43.5, 40.5], [43.25, 40.5], [43.25, 40.25]]]}, "properties": {"risk_index": 37, "annual_rate": 0.0823, "max_mag": 3.9, "n_events": 3, "n_recent": 1}}, {"type": "Feature", "geometry": {"type": "Polygon", "coordinates": [[[32.5, 40.5], [32.75, 40.5], [32.75, 40.75], [32.5, 40.75], [32.5, 40.5]]]}, "properties": {"risk_index": 37, "annual_rate": 0.2195, "max_mag": 3.3, "n_events": 8, "n_recent": 1}}, {"type": "Feature", "geometry": {"type": "Polygon", "coordinates": [[[31.5, 38.0], [31.75, 38.0], [31.75, 38.25], [31.5, 38.25], [31.5, 38.0]]]}, "properties": {"risk_index": 37, "annual_rate": 0.1372, "max_mag": 3.6, "n_events": 5, "n_recent": 1}}, {"type": "Feature", "geometry": {"type": "Polygon", "coordinates": [[[30.75, 39.75], [31.0, 39.75], [31.0, 40.0], [30.75, 40.0], [30.75, 39.75]]]}, "properties": {"risk_index": 37, "annual_rate": 0.2469, "max_mag": 3.2, "n_events": 9, "n_recent": 0}}, {"type": "Feature", "geometry": {"type": "Polygon", "coordinates": [[[25.5, 38.0], [25.75, 38.0], [25.75, 38.25], [25.5, 38.25], [25.5, 38.0]]]}, "properties": {"risk_index": 37, "annual_rate": 0.1372, "max_mag": 3.6, "n_events": 5, "n_recent": 0}}, {"type": "Feature", "geometry": {"type": "Polygon", "coordinates": [[[32.0, 36.25], [32.25, 36.25], [32.25, 36.5], [32.0, 36.5], [32.0, 36.25]]]}, "properties": {"risk_index": 37, "annual_rate": 0.0823, "max_mag": 3.9, "n_events": 3, "n_recent": 0}}, {"type": "Feature", "geometry": {"type": "Polygon", "coordinates": [[[41.25, 40.25], [41.5, 40.25], [41.5, 40.5], [41.25, 40.5], [41.25, 40.25]]]}, "properties": {"risk_index": 37, "annual_rate": 0.1372, "max_mag": 3.6, "n_events": 5, "n_recent": 1}}, {"type": "Feature", "geometry": {"type": "Polygon", "coordinates": [[[33.25, 37.75], [33.5, 37.75], [33.5, 38.0], [33.25, 38.0], [33.25, 37.75]]]}, "properties": {"risk_index": 37, "annual_rate": 0.0823, "max_mag": 3.9, "n_events": 3, "n_recent": 1}}, {"type": "Feature", "geometry": {"type": "Polygon", "coordinates": [[[42.25, 37.5], [42.5, 37.5], [42.5, 37.75], [42.25, 37.75], [42.25, 37.5]]]}, "properties": {"risk_index": 37, "annual_rate": 0.2469, "max_mag": 3.2, "n_events": 9, "n_recent": 0}}, {"type": "Feature", "geometry": {"type": "Polygon", "coordinates": [[[42.5, 36.75], [42.75, 36.75], [42.75, 37.0], [42.5, 37.0], [42.5, 36.75]]]}, "properties": {"risk_index": 37, "annual_rate": 0.1372, "max_mag": 3.6, "n_events": 5, "n_recent": 0}}, {"type": "Feature", "geometry": {"type": "Polygon", "coordinates": [[[44.75, 36.5], [45.0, 36.5], [45.0, 36.75], [44.75, 36.75], [44.75, 36.5]]]}, "properties": {"risk_index": 37, "annual_rate": 0.0823, "max_mag": 3.9, "n_events": 3, "n_recent": 3}}, {"type": "Feature", "geometry": {"type": "Polygon", "coordinates": [[[28.25, 40.0], [28.5, 40.0], [28.5, 40.25], [28.25, 40.25], [28.25, 40.0]]]}, "properties": {"risk_index": 37, "annual_rate": 0.2195, "max_mag": 3.3, "n_events": 8, "n_recent": 0}}, {"type": "Feature", "geometry": {"type": "Polygon", "coordinates": [[[43.25, 35.5], [43.5, 35.5], [43.5, 35.75], [43.25, 35.75], [43.25, 35.5]]]}, "properties": {"risk_index": 37, "annual_rate": 0.1372, "max_mag": 3.6, "n_events": 5, "n_recent": 3}}, {"type": "Feature", "geometry": {"type": "Polygon", "coordinates": [[[36.0, 35.75], [36.25, 35.75], [36.25, 36.0], [36.0, 36.0], [36.0, 35.75]]]}, "properties": {"risk_index": 37, "annual_rate": 0.2195, "max_mag": 3.3, "n_events": 8, "n_recent": 5}}, {"type": "Feature", "geometry": {"type": "Polygon", "coordinates": [[[43.75, 41.75], [44.0, 41.75], [44.0, 42.0], [43.75, 42.0], [43.75, 41.75]]]}, "properties": {"risk_index": 37, "annual_rate": 0.1372, "max_mag": 3.6, "n_events": 5, "n_recent": 0}}, {"type": "Feature", "geometry": {"type": "Polygon", "coordinates": [[[38.75, 41.25], [39.0, 41.25], [39.0, 41.5], [38.75, 41.5], [38.75, 41.25]]]}, "properties": {"risk_index": 37, "annual_rate": 0.0823, "max_mag": 3.9, "n_events": 3, "n_recent": 1}}, {"type": "Feature", "geometry": {"type": "Polygon", "coordinates": [[[28.75, 38.75], [29.0, 38.75], [29.0, 39.0], [28.75, 39.0], [28.75, 38.75]]]}, "properties": {"risk_index": 37, "annual_rate": 0.1372, "max_mag": 3.6, "n_events": 5, "n_recent": 1}}, {"type": "Feature", "geometry": {"type": "Polygon", "coordinates": [[[36.75, 39.5], [37.0, 39.5], [37.0, 39.75], [36.75, 39.75], [36.75, 39.5]]]}, "properties": {"risk_index": 37, "annual_rate": 0.1372, "max_mag": 3.6, "n_events": 5, "n_recent": 0}}, {"type": "Feature", "geometry": {"type": "Polygon", "coordinates": [[[27.5, 41.5], [27.75, 41.5], [27.75, 41.75], [27.5, 41.75], [27.5, 41.5]]]}, "properties": {"risk_index": 37, "annual_rate": 0.1372, "max_mag": 3.6, "n_events": 5, "n_recent": 0}}, {"type": "Feature", "geometry": {"type": "Polygon", "coordinates": [[[35.0, 39.5], [35.25, 39.5], [35.25, 39.75], [35.0, 39.75], [35.0, 39.5]]]}, "properties": {"risk_index": 37, "annual_rate": 0.1372, "max_mag": 3.6, "n_events": 5, "n_recent": 1}}, {"type": "Feature", "geometry": {"type": "Polygon", "coordinates": [[[39.75, 38.25], [40.0, 38.25], [40.0, 38.5], [39.75, 38.5], [39.75, 38.25]]]}, "properties": {"risk_index": 36, "annual_rate": 0.1646, "max_mag": 3.4, "n_events": 6, "n_recent": 0}}, {"type": "Feature", "geometry": {"type": "Polygon", "coordinates": [[[28.25, 40.5], [28.5, 40.5], [28.5, 40.75], [28.25, 40.75], [28.25, 40.5]]]}, "properties": {"risk_index": 36, "annual_rate": 0.1097, "max_mag": 3.7, "n_events": 4, "n_recent": 0}}, {"type": "Feature", "geometry": {"type": "Polygon", "coordinates": [[[38.75, 37.75], [39.0, 37.75], [39.0, 38.0], [38.75, 38.0], [38.75, 37.75]]]}, "properties": {"risk_index": 36, "annual_rate": 0.1097, "max_mag": 3.7, "n_events": 4, "n_recent": 0}}, {"type": "Feature", "geometry": {"type": "Polygon", "coordinates": [[[25.5, 37.75], [25.75, 37.75], [25.75, 38.0], [25.5, 38.0], [25.5, 37.75]]]}, "properties": {"risk_index": 36, "annual_rate": 0.1097, "max_mag": 3.7, "n_events": 4, "n_recent": 0}}, {"type": "Feature", "geometry": {"type": "Polygon", "coordinates": [[[28.5, 38.25], [28.75, 38.25], [28.75, 38.5], [28.5, 38.5], [28.5, 38.25]]]}, "properties": {"risk_index": 36, "annual_rate": 0.1646, "max_mag": 3.4, "n_events": 6, "n_recent": 0}}, {"type": "Feature", "geometry": {"type": "Polygon", "coordinates": [[[32.0, 39.5], [32.25, 39.5], [32.25, 39.75], [32.0, 39.75], [32.0, 39.5]]]}, "properties": {"risk_index": 36, "annual_rate": 0.1646, "max_mag": 3.4, "n_events": 6, "n_recent": 0}}, {"type": "Feature", "geometry": {"type": "Polygon", "coordinates": [[[42.5, 36.5], [42.75, 36.5], [42.75, 36.75], [42.5, 36.75], [42.5, 36.5]]]}, "properties": {"risk_index": 36, "annual_rate": 0.1646, "max_mag": 3.4, "n_events": 6, "n_recent": 4}}, {"type": "Feature", "geometry": {"type": "Polygon", "coordinates": [[[35.5, 40.75], [35.75, 40.75], [35.75, 41.0], [35.5, 41.0], [35.5, 40.75]]]}, "properties": {"risk_index": 36, "annual_rate": 0.1646, "max_mag": 3.4, "n_events": 6, "n_recent": 0}}, {"type": "Feature", "geometry": {"type": "Polygon", "coordinates": [[[36.25, 40.75], [36.5, 40.75], [36.5, 41.0], [36.25, 41.0], [36.25, 40.75]]]}, "properties": {"risk_index": 36, "annual_rate": 0.1097, "max_mag": 3.7, "n_events": 4, "n_recent": 0}}, {"type": "Feature", "geometry": {"type": "Polygon", "coordinates": [[[31.75, 40.0], [32.0, 40.0], [32.0, 40.25], [31.75, 40.25], [31.75, 40.0]]]}, "properties": {"risk_index": 36, "annual_rate": 0.2744, "max_mag": 3.1, "n_events": 10, "n_recent": 0}}, {"type": "Feature", "geometry": {"type": "Polygon", "coordinates": [[[38.25, 38.75], [38.5, 38.75], [38.5, 39.0], [38.25, 39.0], [38.25, 38.75]]]}, "properties": {"risk_index": 36, "annual_rate": 0.1646, "max_mag": 3.4, "n_events": 6, "n_recent": 0}}, {"type": "Feature", "geometry": {"type": "Polygon", "coordinates": [[[32.0, 38.25], [32.25, 38.25], [32.25, 38.5], [32.0, 38.5], [32.0, 38.25]]]}, "properties": {"risk_index": 36, "annual_rate": 0.1097, "max_mag": 3.7, "n_events": 4, "n_recent": 0}}, {"type": "Feature", "geometry": {"type": "Polygon", "coordinates": [[[44.0, 37.0], [44.25, 37.0], [44.25, 37.25], [44.0, 37.25], [44.0, 37.0]]]}, "properties": {"risk_index": 36, "annual_rate": 0.1646, "max_mag": 3.4, "n_events": 6, "n_recent": 1}}, {"type": "Feature", "geometry": {"type": "Polygon", "coordinates": [[[30.75, 41.0], [31.0, 41.0], [31.0, 41.25], [30.75, 41.25], [30.75, 41.0]]]}, "properties": {"risk_index": 36, "annual_rate": 0.1646, "max_mag": 3.4, "n_events": 6, "n_recent": 0}}, {"type": "Feature", "geometry": {"type": "Polygon", "coordinates": [[[36.5, 41.0], [36.75, 41.0], [36.75, 41.25], [36.5, 41.25], [36.5, 41.0]]]}, "properties": {"risk_index": 36, "annual_rate": 0.1646, "max_mag": 3.4, "n_events": 6, "n_recent": 2}}, {"type": "Feature", "geometry": {"type": "Polygon", "coordinates": [[[39.25, 39.5], [39.5, 39.5], [39.5, 39.75], [39.25, 39.75], [39.25, 39.5]]]}, "properties": {"risk_index": 36, "annual_rate": 0.1646, "max_mag": 3.4, "n_events": 6, "n_recent": 1}}, {"type": "Feature", "geometry": {"type": "Polygon", "coordinates": [[[43.25, 39.75], [43.5, 39.75], [43.5, 40.0], [43.25, 40.0], [43.25, 39.75]]]}, "properties": {"risk_index": 35, "annual_rate": 0.1372, "max_mag": 3.5, "n_events": 5, "n_recent": 2}}, {"type": "Feature", "geometry": {"type": "Polygon", "coordinates": [[[38.0, 39.0], [38.25, 39.0], [38.25, 39.25], [38.0, 39.25], [38.0, 39.0]]]}, "properties": {"risk_index": 35, "annual_rate": 0.1921, "max_mag": 3.3, "n_events": 7, "n_recent": 1}}, {"type": "Feature", "geometry": {"type": "Polygon", "coordinates": [[[29.5, 42.0], [29.75, 42.0], [29.75, 42.25], [29.5, 42.25], [29.5, 42.0]]]}, "properties": {"risk_index": 35, "annual_rate": 0.0274, "max_mag": 4.5, "n_events": 1, "n_recent": 0}}, {"type": "Feature", "geometry": {"type": "Polygon", "coordinates": [[[39.0, 41.25], [39.25, 41.25], [39.25, 41.5], [39.0, 41.5], [39.0, 41.25]]]}, "properties": {"risk_index": 35, "annual_rate": 0.1372, "max_mag": 3.5, "n_events": 5, "n_recent": 0}}, {"type": "Feature", "geometry": {"type": "Polygon", "coordinates": [[[30.0, 36.75], [30.25, 36.75], [30.25, 37.0], [30.0, 37.0], [30.0, 36.75]]]}, "properties": {"risk_index": 35, "annual_rate": 0.1372, "max_mag": 3.5, "n_events": 5, "n_recent": 0}}, {"type": "Feature", "geometry": {"type": "Polygon", "coordinates": [[[35.75, 41.0], [36.0, 41.0], [36.0, 41.25], [35.75, 41.25], [35.75, 41.0]]]}, "properties": {"risk_index": 35, "annual_rate": 0.1372, "max_mag": 3.5, "n_events": 5, "n_recent": 0}}, {"type": "Feature", "geometry": {"type": "Polygon", "coordinates": [[[33.5, 40.0], [33.75, 40.0], [33.75, 40.25], [33.5, 40.25], [33.5, 40.0]]]}, "properties": {"risk_index": 35, "annual_rate": 0.2195, "max_mag": 3.2, "n_events": 8, "n_recent": 0}}, {"type": "Feature", "geometry": {"type": "Polygon", "coordinates": [[[43.75, 41.5], [44.0, 41.5], [44.0, 41.75], [43.75, 41.75], [43.75, 41.5]]]}, "properties": {"risk_index": 35, "annual_rate": 0.1372, "max_mag": 3.5, "n_events": 5, "n_recent": 0}}, {"type": "Feature", "geometry": {"type": "Polygon", "coordinates": [[[38.5, 38.75], [38.75, 38.75], [38.75, 39.0], [38.5, 39.0], [38.5, 38.75]]]}, "properties": {"risk_index": 35, "annual_rate": 0.1372, "max_mag": 3.5, "n_events": 5, "n_recent": 1}}, {"type": "Feature", "geometry": {"type": "Polygon", "coordinates": [[[32.75, 40.75], [33.0, 40.75], [33.0, 41.0], [32.75, 41.0], [32.75, 40.75]]]}, "properties": {"risk_index": 35, "annual_rate": 0.1921, "max_mag": 3.3, "n_events": 7, "n_recent": 0}}, {"type": "Feature", "geometry": {"type": "Polygon", "coordinates": [[[44.25, 41.0], [44.5, 41.0], [44.5, 41.25], [44.25, 41.25], [44.25, 41.0]]]}, "properties": {"risk_index": 34, "annual_rate": 0.0823, "max_mag": 3.8, "n_events": 3, "n_recent": 2}}, {"type": "Feature", "geometry": {"type": "Polygon", "coordinates": [[[25.75, 37.0], [26.0, 37.0], [26.0, 37.25], [25.75, 37.25], [25.75, 37.0]]]}, "properties": {"risk_index": 34, "annual_rate": 0.1097, "max_mag": 3.6, "n_events": 4, "n_recent": 0}}, {"type": "Feature", "geometry": {"type": "Polygon", "coordinates": [[[31.0, 42.0], [31.25, 42.0], [31.25, 42.25], [31.0, 42.25], [31.0, 42.0]]]}, "properties": {"risk_index": 34, "annual_rate": 0.0274, "max_mag": 4.4, "n_events": 1, "n_recent": 1}}, {"type": "Feature", "geometry": {"type": "Polygon", "coordinates": [[[34.5, 36.25], [34.75, 36.25], [34.75, 36.5], [34.5, 36.5], [34.5, 36.25]]]}, "properties": {"risk_index": 34, "annual_rate": 0.1097, "max_mag": 3.6, "n_events": 4, "n_recent": 0}}, {"type": "Feature", "geometry": {"type": "Polygon", "coordinates": [[[38.5, 41.0], [38.75, 41.0], [38.75, 41.25], [38.5, 41.25], [38.5, 41.0]]]}, "properties": {"risk_index": 34, "annual_rate": 0.1097, "max_mag": 3.6, "n_events": 4, "n_recent": 1}}, {"type": "Feature", "geometry": {"type": "Polygon", "coordinates": [[[43.5, 36.75], [43.75, 36.75], [43.75, 37.0], [43.5, 37.0], [43.5, 36.75]]]}, "properties": {"risk_index": 34, "annual_rate": 0.0823, "max_mag": 3.8, "n_events": 3, "n_recent": 2}}, {"type": "Feature", "geometry": {"type": "Polygon", "coordinates": [[[33.25, 37.25], [33.5, 37.25], [33.5, 37.5], [33.25, 37.5], [33.25, 37.25]]]}, "properties": {"risk_index": 34, "annual_rate": 0.0274, "max_mag": 4.4, "n_events": 1, "n_recent": 0}}, {"type": "Feature", "geometry": {"type": "Polygon", "coordinates": [[[42.75, 39.25], [43.0, 39.25], [43.0, 39.5], [42.75, 39.5], [42.75, 39.25]]]}, "properties": {"risk_index": 34, "annual_rate": 0.2469, "max_mag": 3.1, "n_events": 9, "n_recent": 0}}, {"type": "Feature", "geometry": {"type": "Polygon", "coordinates": [[[33.5, 41.5], [33.75, 41.5], [33.75, 41.75], [33.5, 41.75], [33.5, 41.5]]]}, "properties": {"risk_index": 34, "annual_rate": 0.0823, "max_mag": 3.8, "n_events": 3, "n_recent": 1}}, {"type": "Feature", "geometry": {"type": "Polygon", "coordinates": [[[41.0, 41.0], [41.25, 41.0], [41.25, 41.25], [41.0, 41.25], [41.0, 41.0]]]}, "properties": {"risk_index": 34, "annual_rate": 0.0549, "max_mag": 4.0, "n_events": 2, "n_recent": 1}}, {"type": "Feature", "geometry": {"type": "Polygon", "coordinates": [[[36.25, 38.75], [36.5, 38.75], [36.5, 39.0], [36.25, 39.0], [36.25, 38.75]]]}, "properties": {"risk_index": 34, "annual_rate": 0.1097, "max_mag": 3.6, "n_events": 4, "n_recent": 1}}, {"type": "Feature", "geometry": {"type": "Polygon", "coordinates": [[[26.25, 37.5], [26.5, 37.5], [26.5, 37.75], [26.25, 37.75], [26.25, 37.5]]]}, "properties": {"risk_index": 34, "annual_rate": 0.1097, "max_mag": 3.6, "n_events": 4, "n_recent": 2}}, {"type": "Feature", "geometry": {"type": "Polygon", "coordinates": [[[42.5, 42.0], [42.75, 42.0], [42.75, 42.25], [42.5, 42.25], [42.5, 42.0]]]}, "properties": {"risk_index": 34, "annual_rate": 0.0549, "max_mag": 4.0, "n_events": 2, "n_recent": 1}}, {"type": "Feature", "geometry": {"type": "Polygon", "coordinates": [[[29.75, 39.5], [30.0, 39.5], [30.0, 39.75], [29.75, 39.75], [29.75, 39.5]]]}, "properties": {"risk_index": 34, "annual_rate": 0.2469, "max_mag": 3.1, "n_events": 9, "n_recent": 0}}, {"type": "Feature", "geometry": {"type": "Polygon", "coordinates": [[[28.5, 41.0], [28.75, 41.0], [28.75, 41.25], [28.5, 41.25], [28.5, 41.0]]]}, "properties": {"risk_index": 34, "annual_rate": 0.0823, "max_mag": 3.8, "n_events": 3, "n_recent": 0}}, {"type": "Feature", "geometry": {"type": "Polygon", "coordinates": [[[37.25, 40.75], [37.5, 40.75], [37.5, 41.0], [37.25, 41.0], [37.25, 40.75]]]}, "properties": {"risk_index": 34, "annual_rate": 0.0549, "max_mag": 4.0, "n_events": 2, "n_recent": 1}}, {"type": "Feature", "geometry": {"type": "Polygon", "coordinates": [[[34.0, 35.5], [34.25, 35.5], [34.25, 35.75], [34.0, 35.75], [34.0, 35.5]]]}, "properties": {"risk_index": 33, "annual_rate": 0.0274, "max_mag": 4.3, "n_events": 1, "n_recent": 0}}, {"type": "Feature", "geometry": {"type": "Polygon", "coordinates": [[[36.75, 40.25], [37.0, 40.25], [37.0, 40.5], [36.75, 40.5], [36.75, 40.25]]]}, "properties": {"risk_index": 33, "annual_rate": 0.1921, "max_mag": 3.2, "n_events": 7, "n_recent": 1}}, {"type": "Feature", "geometry": {"type": "Polygon", "coordinates": [[[34.75, 37.5], [35.0, 37.5], [35.0, 37.75], [34.75, 37.75], [34.75, 37.5]]]}, "properties": {"risk_index": 33, "annual_rate": 0.1372, "max_mag": 3.4, "n_events": 5, "n_recent": 0}}, {"type": "Feature", "geometry": {"type": "Polygon", "coordinates": [[[40.0, 36.25], [40.25, 36.25], [40.25, 36.5], [40.0, 36.5], [40.0, 36.25]]]}, "properties": {"risk_index": 33, "annual_rate": 0.1372, "max_mag": 3.4, "n_events": 5, "n_recent": 0}}, {"type": "Feature", "geometry": {"type": "Polygon", "coordinates": [[[33.5, 36.5], [33.75, 36.5], [33.75, 36.75], [33.5, 36.75], [33.5, 36.5]]]}, "properties": {"risk_index": 33, "annual_rate": 0.1372, "max_mag": 3.4, "n_events": 5, "n_recent": 2}}, {"type": "Feature", "geometry": {"type": "Polygon", "coordinates": [[[43.25, 42.0], [43.5, 42.0], [43.5, 42.25], [43.25, 42.25], [43.25, 42.0]]]}, "properties": {"risk_index": 33, "annual_rate": 0.1646, "max_mag": 3.3, "n_events": 6, "n_recent": 0}}, {"type": "Feature", "geometry": {"type": "Polygon", "coordinates": [[[29.0, 35.5], [29.25, 35.5], [29.25, 35.75], [29.0, 35.75], [29.0, 35.5]]]}, "properties": {"risk_index": 33, "annual_rate": 0.1372, "max_mag": 3.4, "n_events": 5, "n_recent": 0}}, {"type": "Feature", "geometry": {"type": "Polygon", "coordinates": [[[39.25, 37.25], [39.5, 37.25], [39.5, 37.5], [39.25, 37.5], [39.25, 37.25]]]}, "properties": {"risk_index": 33, "annual_rate": 0.1372, "max_mag": 3.4, "n_events": 5, "n_recent": 0}}, {"type": "Feature", "geometry": {"type": "Polygon", "coordinates": [[[32.25, 36.5], [32.5, 36.5], [32.5, 36.75], [32.25, 36.75], [32.25, 36.5]]]}, "properties": {"risk_index": 33, "annual_rate": 0.1646, "max_mag": 3.3, "n_events": 6, "n_recent": 0}}, {"type": "Feature", "geometry": {"type": "Polygon", "coordinates": [[[43.0, 39.0], [43.25, 39.0], [43.25, 39.25], [43.0, 39.25], [43.0, 39.0]]]}, "properties": {"risk_index": 33, "annual_rate": 0.1646, "max_mag": 3.3, "n_events": 6, "n_recent": 3}}, {"type": "Feature", "geometry": {"type": "Polygon", "coordinates": [[[37.0, 39.5], [37.25, 39.5], [37.25, 39.75], [37.0, 39.75], [37.0, 39.5]]]}, "properties": {"risk_index": 33, "annual_rate": 0.1372, "max_mag": 3.4, "n_events": 5, "n_recent": 0}}, {"type": "Feature", "geometry": {"type": "Polygon", "coordinates": [[[33.0, 37.0], [33.25, 37.0], [33.25, 37.25], [33.0, 37.25], [33.0, 37.0]]]}, "properties": {"risk_index": 33, "annual_rate": 0.1372, "max_mag": 3.4, "n_events": 5, "n_recent": 1}}, {"type": "Feature", "geometry": {"type": "Polygon", "coordinates": [[[36.0, 40.5], [36.25, 40.5], [36.25, 40.75], [36.0, 40.75], [36.0, 40.5]]]}, "properties": {"risk_index": 33, "annual_rate": 0.1372, "max_mag": 3.4, "n_events": 5, "n_recent": 0}}, {"type": "Feature", "geometry": {"type": "Polygon", "coordinates": [[[37.0, 41.0], [37.25, 41.0], [37.25, 41.25], [37.0, 41.25], [37.0, 41.0]]]}, "properties": {"risk_index": 33, "annual_rate": 0.1921, "max_mag": 3.2, "n_events": 7, "n_recent": 0}}, {"type": "Feature", "geometry": {"type": "Polygon", "coordinates": [[[31.5, 39.75], [31.75, 39.75], [31.75, 40.0], [31.5, 40.0], [31.5, 39.75]]]}, "properties": {"risk_index": 33, "annual_rate": 0.1372, "max_mag": 3.4, "n_events": 5, "n_recent": 0}}, {"type": "Feature", "geometry": {"type": "Polygon", "coordinates": [[[42.5, 36.0], [42.75, 36.0], [42.75, 36.25], [42.5, 36.25], [42.5, 36.0]]]}, "properties": {"risk_index": 33, "annual_rate": 0.0274, "max_mag": 4.3, "n_events": 1, "n_recent": 0}}, {"type": "Feature", "geometry": {"type": "Polygon", "coordinates": [[[42.0, 37.0], [42.25, 37.0], [42.25, 37.25], [42.0, 37.25], [42.0, 37.0]]]}, "properties": {"risk_index": 33, "annual_rate": 0.1646, "max_mag": 3.3, "n_events": 6, "n_recent": 0}}, {"type": "Feature", "geometry": {"type": "Polygon", "coordinates": [[[29.25, 41.0], [29.5, 41.0], [29.5, 41.25], [29.25, 41.25], [29.25, 41.0]]]}, "properties": {"risk_index": 33, "annual_rate": 0.0274, "max_mag": 4.3, "n_events": 1, "n_recent": 0}}, {"type": "Feature", "geometry": {"type": "Polygon", "coordinates": [[[31.25, 38.0], [31.5, 38.0], [31.5, 38.25], [31.25, 38.25], [31.25, 38.0]]]}, "properties": {"risk_index": 33, "annual_rate": 0.1646, "max_mag": 3.3, "n_events": 6, "n_recent": 0}}, {"type": "Feature", "geometry": {"type": "Polygon", "coordinates": [[[39.5, 38.0], [39.75, 38.0], [39.75, 38.25], [39.5, 38.25], [39.5, 38.0]]]}, "properties": {"risk_index": 33, "annual_rate": 0.1372, "max_mag": 3.4, "n_events": 5, "n_recent": 2}}, {"type": "Feature", "geometry": {"type": "Polygon", "coordinates": [[[26.5, 39.75], [26.75, 39.75], [26.75, 40.0], [26.5, 40.0], [26.5, 39.75]]]}, "properties": {"risk_index": 33, "annual_rate": 0.1372, "max_mag": 3.4, "n_events": 5, "n_recent": 0}}, {"type": "Feature", "geometry": {"type": "Polygon", "coordinates": [[[30.5, 39.0], [30.75, 39.0], [30.75, 39.25], [30.5, 39.25], [30.5, 39.0]]]}, "properties": {"risk_index": 33, "annual_rate": 0.1921, "max_mag": 3.2, "n_events": 7, "n_recent": 0}}, {"type": "Feature", "geometry": {"type": "Polygon", "coordinates": [[[34.75, 41.5], [35.0, 41.5], [35.0, 41.75], [34.75, 41.75], [34.75, 41.5]]]}, "properties": {"risk_index": 33, "annual_rate": 0.2195, "max_mag": 3.1, "n_events": 8, "n_recent": 0}}, {"type": "Feature", "geometry": {"type": "Polygon", "coordinates": [[[32.75, 37.0], [33.0, 37.0], [33.0, 37.25], [32.75, 37.25], [32.75, 37.0]]]}, "properties": {"risk_index": 33, "annual_rate": 0.1372, "max_mag": 3.4, "n_events": 5, "n_recent": 0}}, {"type": "Feature", "geometry": {"type": "Polygon", "coordinates": [[[33.25, 41.5], [33.5, 41.5], [33.5, 41.75], [33.25, 41.75], [33.25, 41.5]]]}, "properties": {"risk_index": 32, "annual_rate": 0.0549, "max_mag": 3.9, "n_events": 2, "n_recent": 0}}, {"type": "Feature", "geometry": {"type": "Polygon", "coordinates": [[[33.25, 35.75], [33.5, 35.75], [33.5, 36.0], [33.25, 36.0], [33.25, 35.75]]]}, "properties": {"risk_index": 32, "annual_rate": 0.0823, "max_mag": 3.7, "n_events": 3, "n_recent": 1}}, {"type": "Feature", "geometry": {"type": "Polygon", "coordinates": [[[41.75, 36.5], [42.0, 36.5], [42.0, 36.75], [41.75, 36.75], [41.75, 36.5]]]}, "properties": {"risk_index": 32, "annual_rate": 0.0823, "max_mag": 3.7, "n_events": 3, "n_recent": 2}}, {"type": "Feature", "geometry": {"type": "Polygon", "coordinates": [[[34.25, 38.25], [34.5, 38.25], [34.5, 38.5], [34.25, 38.5], [34.25, 38.25]]]}, "properties": {"risk_index": 32, "annual_rate": 0.0823, "max_mag": 3.7, "n_events": 3, "n_recent": 0}}, {"type": "Feature", "geometry": {"type": "Polygon", "coordinates": [[[44.25, 42.0], [44.5, 42.0], [44.5, 42.25], [44.25, 42.25], [44.25, 42.0]]]}, "properties": {"risk_index": 32, "annual_rate": 0.0549, "max_mag": 3.9, "n_events": 2, "n_recent": 0}}, {"type": "Feature", "geometry": {"type": "Polygon", "coordinates": [[[30.25, 40.0], [30.5, 40.0], [30.5, 40.25], [30.25, 40.25], [30.25, 40.0]]]}, "properties": {"risk_index": 32, "annual_rate": 0.0549, "max_mag": 3.9, "n_events": 2, "n_recent": 0}}, {"type": "Feature", "geometry": {"type": "Polygon", "coordinates": [[[34.75, 38.5], [35.0, 38.5], [35.0, 38.75], [34.75, 38.75], [34.75, 38.5]]]}, "properties": {"risk_index": 32, "annual_rate": 0.1097, "max_mag": 3.5, "n_events": 4, "n_recent": 0}}, {"type": "Feature", "geometry": {"type": "Polygon", "coordinates": [[[36.75, 38.5], [37.0, 38.5], [37.0, 38.75], [36.75, 38.75], [36.75, 38.5]]]}, "properties": {"risk_index": 32, "annual_rate": 0.0823, "max_mag": 3.7, "n_events": 3, "n_recent": 0}}, {"type": "Feature", "geometry": {"type": "Polygon", "coordinates": [[[41.0, 36.5], [41.25, 36.5], [41.25, 36.75], [41.0, 36.75], [41.0, 36.5]]]}, "properties": {"risk_index": 32, "annual_rate": 0.0549, "max_mag": 3.9, "n_events": 2, "n_recent": 0}}, {"type": "Feature", "geometry": {"type": "Polygon", "coordinates": [[[29.5, 38.5], [29.75, 38.5], [29.75, 38.75], [29.5, 38.75], [29.5, 38.5]]]}, "properties": {"risk_index": 32, "annual_rate": 0.0823, "max_mag": 3.7, "n_events": 3, "n_recent": 0}}, {"type": "Feature", "geometry": {"type": "Polygon", "coordinates": [[[36.75, 35.75], [37.0, 35.75], [37.0, 36.0], [36.75, 36.0], [36.75, 35.75]]]}, "properties": {"risk_index": 32, "annual_rate": 0.0823, "max_mag": 3.7, "n_events": 3, "n_recent": 1}}, {"type": "Feature", "geometry": {"type": "Polygon", "coordinates": [[[26.25, 40.75], [26.5, 40.75], [26.5, 41.0], [26.25, 41.0], [26.25, 40.75]]]}, "properties": {"risk_index": 32, "annual_rate": 0.0823, "max_mag": 3.7, "n_events": 3, "n_recent": 2}}, {"type": "Feature", "geometry": {"type": "Polygon", "coordinates": [[[35.0, 36.0], [35.25, 36.0], [35.25, 36.25], [35.0, 36.25], [35.0, 36.0]]]}, "properties": {"risk_index": 32, "annual_rate": 0.0549, "max_mag": 3.9, "n_events": 2, "n_recent": 1}}, {"type": "Feature", "geometry": {"type": "Polygon", "coordinates": [[[35.25, 36.0], [35.5, 36.0], [35.5, 36.25], [35.25, 36.25], [35.25, 36.0]]]}, "properties": {"risk_index": 32, "annual_rate": 0.1097, "max_mag": 3.5, "n_events": 4, "n_recent": 2}}, {"type": "Feature", "geometry": {"type": "Polygon", "coordinates": [[[44.0, 36.25], [44.25, 36.25], [44.25, 36.5], [44.0, 36.5], [44.0, 36.25]]]}, "properties": {"risk_index": 32, "annual_rate": 0.0549, "max_mag": 3.9, "n_events": 2, "n_recent": 0}}, {"type": "Feature", "geometry": {"type": "Polygon", "coordinates": [[[39.25, 39.0], [39.5, 39.0], [39.5, 39.25], [39.25, 39.25], [39.25, 39.0]]]}, "properties": {"risk_index": 32, "annual_rate": 0.1097, "max_mag": 3.5, "n_events": 4, "n_recent": 1}}, {"type": "Feature", "geometry": {"type": "Polygon", "coordinates": [[[40.25, 41.0], [40.5, 41.0], [40.5, 41.25], [40.25, 41.25], [40.25, 41.0]]]}, "properties": {"risk_index": 32, "annual_rate": 0.0823, "max_mag": 3.7, "n_events": 3, "n_recent": 0}}, {"type": "Feature", "geometry": {"type": "Polygon", "coordinates": [[[39.75, 36.0], [40.0, 36.0], [40.0, 36.25], [39.75, 36.25], [39.75, 36.0]]]}, "properties": {"risk_index": 32, "annual_rate": 0.0549, "max_mag": 3.9, "n_events": 2, "n_recent": 2}}, {"type": "Feature", "geometry": {"type": "Polygon", "coordinates": [[[35.5, 39.0], [35.75, 39.0], [35.75, 39.25], [35.5, 39.25], [35.5, 39.0]]]}, "properties": {"risk_index": 32, "annual_rate": 0.0549, "max_mag": 3.9, "n_events": 2, "n_recent": 0}}, {"type": "Feature", "geometry": {"type": "Polygon", "coordinates": [[[36.5, 36.25], [36.75, 36.25], [36.75, 36.5], [36.5, 36.5], [36.5, 36.25]]]}, "properties": {"risk_index": 32, "annual_rate": 0.0823, "max_mag": 3.7, "n_events": 3, "n_recent": 2}}, {"type": "Feature", "geometry": {"type": "Polygon", "coordinates": [[[29.0, 38.5], [29.25, 38.5], [29.25, 38.75], [29.0, 38.75], [29.0, 38.5]]]}, "properties": {"risk_index": 32, "annual_rate": 0.0823, "max_mag": 3.7, "n_events": 3, "n_recent": 0}}, {"type": "Feature", "geometry": {"type": "Polygon", "coordinates": [[[43.75, 39.75], [44.0, 39.75], [44.0, 40.0], [43.75, 40.0], [43.75, 39.75]]]}, "properties": {"risk_index": 32, "annual_rate": 0.0549, "max_mag": 3.9, "n_events": 2, "n_recent": 1}}, {"type": "Feature", "geometry": {"type": "Polygon", "coordinates": [[[37.75, 38.5], [38.0, 38.5], [38.0, 38.75], [37.75, 38.75], [37.75, 38.5]]]}, "properties": {"risk_index": 32, "annual_rate": 0.1097, "max_mag": 3.5, "n_events": 4, "n_recent": 1}}, {"type": "Feature", "geometry": {"type": "Polygon", "coordinates": [[[41.75, 36.75], [42.0, 36.75], [42.0, 37.0], [41.75, 37.0], [41.75, 36.75]]]}, "properties": {"risk_index": 32, "annual_rate": 0.0823, "max_mag": 3.7, "n_events": 3, "n_recent": 1}}, {"type": "Feature", "geometry": {"type": "Polygon", "coordinates": [[[43.0, 39.25], [43.25, 39.25], [43.25, 39.5], [43.0, 39.5], [43.0, 39.25]]]}, "properties": {"risk_index": 32, "annual_rate": 0.1097, "max_mag": 3.5, "n_events": 4, "n_recent": 1}}, {"type": "Feature", "geometry": {"type": "Polygon", "coordinates": [[[26.25, 37.25], [26.5, 37.25], [26.5, 37.5], [26.25, 37.5], [26.25, 37.25]]]}, "properties": {"risk_index": 32, "annual_rate": 0.0549, "max_mag": 3.9, "n_events": 2, "n_recent": 1}}, {"type": "Feature", "geometry": {"type": "Polygon", "coordinates": [[[43.0, 39.5], [43.25, 39.5], [43.25, 39.75], [43.0, 39.75], [43.0, 39.5]]]}, "properties": {"risk_index": 32, "annual_rate": 0.1097, "max_mag": 3.5, "n_events": 4, "n_recent": 0}}, {"type": "Feature", "geometry": {"type": "Polygon", "coordinates": [[[33.75, 41.5], [34.0, 41.5], [34.0, 41.75], [33.75, 41.75], [33.75, 41.5]]]}, "properties": {"risk_index": 31, "annual_rate": 0.1921, "max_mag": 3.1, "n_events": 7, "n_recent": 0}}, {"type": "Feature", "geometry": {"type": "Polygon", "coordinates": [[[35.25, 41.5], [35.5, 41.5], [35.5, 41.75], [35.25, 41.75], [35.25, 41.5]]]}, "properties": {"risk_index": 31, "annual_rate": 0.1646, "max_mag": 3.2, "n_events": 6, "n_recent": 0}}, {"type": "Feature", "geometry": {"type": "Polygon", "coordinates": [[[39.0, 40.5], [39.25, 40.5], [39.25, 40.75], [39.0, 40.75], [39.0, 40.5]]]}, "properties": {"risk_index": 31, "annual_rate": 0.1646, "max_mag": 3.2, "n_events": 6, "n_recent": 0}}, {"type": "Feature", "geometry": {"type": "Polygon", "coordinates": [[[35.5, 41.0], [35.75, 41.0], [35.75, 41.25], [35.5, 41.25], [35.5, 41.0]]]}, "properties": {"risk_index": 31, "annual_rate": 0.1646, "max_mag": 3.2, "n_events": 6, "n_recent": 0}}, {"type": "Feature", "geometry": {"type": "Polygon", "coordinates": [[[44.75, 36.25], [45.0, 36.25], [45.0, 36.5], [44.75, 36.5], [44.75, 36.25]]]}, "properties": {"risk_index": 31, "annual_rate": 0.0274, "max_mag": 4.2, "n_events": 1, "n_recent": 1}}, {"type": "Feature", "geometry": {"type": "Polygon", "coordinates": [[[31.0, 37.5], [31.25, 37.5], [31.25, 37.75], [31.0, 37.75], [31.0, 37.5]]]}, "properties": {"risk_index": 31, "annual_rate": 0.1646, "max_mag": 3.2, "n_events": 6, "n_recent": 0}}, {"type": "Feature", "geometry": {"type": "Polygon", "coordinates": [[[32.75, 38.5], [33.0, 38.5], [33.0, 38.75], [32.75, 38.75], [32.75, 38.5]]]}, "properties": {"risk_index": 30, "annual_rate": 0.0823, "max_mag": 3.6, "n_events": 3, "n_recent": 0}}, {"type": "Feature", "geometry": {"type": "Polygon", "coordinates": [[[33.5, 37.75], [33.75, 37.75], [33.75, 38.0], [33.5, 38.0], [33.5, 37.75]]]}, "properties": {"risk_index": 30, "annual_rate": 0.1097, "max_mag": 3.4, "n_events": 4, "n_recent": 0}}, {"type": "Feature", "geometry": {"type": "Polygon", "coordinates": [[[42.5, 41.25], [42.75, 41.25], [42.75, 41.5], [42.5, 41.5], [42.5, 41.25]]]}, "properties": {"risk_index": 30, "annual_rate": 0.0823, "max_mag": 3.6, "n_events": 3, "n_recent": 0}}, {"type": "Feature", "geometry": {"type": "Polygon", "coordinates": [[[31.5, 40.25], [31.75, 40.25], [31.75, 40.5], [31.5, 40.5], [31.5, 40.25]]]}, "properties": {"risk_index": 30, "annual_rate": 0.1097, "max_mag": 3.4, "n_events": 4, "n_recent": 0}}, {"type": "Feature", "geometry": {"type": "Polygon", "coordinates": [[[33.75, 36.5], [34.0, 36.5], [34.0, 36.75], [33.75, 36.75], [33.75, 36.5]]]}, "properties": {"risk_index": 30, "annual_rate": 0.0823, "max_mag": 3.6, "n_events": 3, "n_recent": 1}}, {"type": "Feature", "geometry": {"type": "Polygon", "coordinates": [[[36.5, 40.25], [36.75, 40.25], [36.75, 40.5], [36.5, 40.5], [36.5, 40.25]]]}, "properties": {"risk_index": 30, "annual_rate": 0.1097, "max_mag": 3.4, "n_events": 4, "n_recent": 0}}, {"type": "Feature", "geometry": {"type": "Polygon", "coordinates": [[[33.0, 38.5], [33.25, 38.5], [33.25, 38.75], [33.0, 38.75], [33.0, 38.5]]]}, "properties": {"risk_index": 30, "annual_rate": 0.0823, "max_mag": 3.6, "n_events": 3, "n_recent": 1}}, {"type": "Feature", "geometry": {"type": "Polygon", "coordinates": [[[33.5, 39.5], [33.75, 39.5], [33.75, 39.75], [33.5, 39.75], [33.5, 39.5]]]}, "properties": {"risk_index": 30, "annual_rate": 0.1097, "max_mag": 3.4, "n_events": 4, "n_recent": 0}}, {"type": "Feature", "geometry": {"type": "Polygon", "coordinates": [[[38.25, 39.75], [38.5, 39.75], [38.5, 40.0], [38.25, 40.0], [38.25, 39.75]]]}, "properties": {"risk_index": 30, "annual_rate": 0.1097, "max_mag": 3.4, "n_events": 4, "n_recent": 0}}, {"type": "Feature", "geometry": {"type": "Polygon", "coordinates": [[[39.0, 36.5], [39.25, 36.5], [39.25, 36.75], [39.0, 36.75], [39.0, 36.5]]]}, "properties": {"risk_index": 30, "annual_rate": 0.1097, "max_mag": 3.4, "n_events": 4, "n_recent": 1}}, {"type": "Feature", "geometry": {"type": "Polygon", "coordinates": [[[40.25, 36.5], [40.5, 36.5], [40.5, 36.75], [40.25, 36.75], [40.25, 36.5]]]}, "properties": {"risk_index": 30, "annual_rate": 0.1372, "max_mag": 3.3, "n_events": 5, "n_recent": 2}}, {"type": "Feature", "geometry": {"type": "Polygon", "coordinates": [[[39.25, 40.75], [39.5, 40.75], [39.5, 41.0], [39.25, 41.0], [39.25, 40.75]]]}, "properties": {"risk_index": 30, "annual_rate": 0.1097, "max_mag": 3.4, "n_events": 4, "n_recent": 0}}, {"type": "Feature", "geometry": {"type": "Polygon", "coordinates": [[[42.25, 39.5], [42.5, 39.5], [42.5, 39.75], [42.25, 39.75], [42.25, 39.5]]]}, "properties": {"risk_index": 30, "annual_rate": 0.0823, "max_mag": 3.6, "n_events": 3, "n_recent": 2}}, {"type": "Feature", "geometry": {"type": "Polygon", "coordinates": [[[28.25, 38.0], [28.5, 38.0], [28.5, 38.25], [28.25, 38.25], [28.25, 38.0]]]}, "properties": {"risk_index": 30, "annual_rate": 0.0823, "max_mag": 3.6, "n_events": 3, "n_recent": 0}}, {"type": "Feature", "geometry": {"type": "Polygon", "coordinates": [[[29.75, 41.0], [30.0, 41.0], [30.0, 41.25], [29.75, 41.25], [29.75, 41.0]]]}, "properties": {"risk_index": 30, "annual_rate": 0.0823, "max_mag": 3.6, "n_events": 3, "n_recent": 0}}, {"type": "Feature", "geometry": {"type": "Polygon", "coordinates": [[[28.75, 38.25], [29.0, 38.25], [29.0, 38.5], [28.75, 38.5], [28.75, 38.25]]]}, "properties": {"risk_index": 30, "annual_rate": 0.1097, "max_mag": 3.4, "n_events": 4, "n_recent": 0}}, {"type": "Feature", "geometry": {"type": "Polygon", "coordinates": [[[40.25, 40.75], [40.5, 40.75], [40.5, 41.0], [40.25, 41.0], [40.25, 40.75]]]}, "properties": {"risk_index": 30, "annual_rate": 0.1097, "max_mag": 3.4, "n_events": 4, "n_recent": 0}}, {"type": "Feature", "geometry": {"type": "Polygon", "coordinates": [[[28.0, 37.5], [28.25, 37.5], [28.25, 37.75], [28.0, 37.75], [28.0, 37.5]]]}, "properties": {"risk_index": 30, "annual_rate": 0.0823, "max_mag": 3.6, "n_events": 3, "n_recent": 0}}, {"type": "Feature", "geometry": {"type": "Polygon", "coordinates": [[[31.75, 37.5], [32.0, 37.5], [32.0, 37.75], [31.75, 37.75], [31.75, 37.5]]]}, "properties": {"risk_index": 30, "annual_rate": 0.0823, "max_mag": 3.6, "n_events": 3, "n_recent": 2}}, {"type": "Feature", "geometry": {"type": "Polygon", "coordinates": [[[36.75, 38.75], [37.0, 38.75], [37.0, 39.0], [36.75, 39.0], [36.75, 38.75]]]}, "properties": {"risk_index": 30, "annual_rate": 0.1372, "max_mag": 3.3, "n_events": 5, "n_recent": 1}}, {"type": "Feature", "geometry": {"type": "Polygon", "coordinates": [[[43.75, 38.0], [44.0, 38.0], [44.0, 38.25], [43.75, 38.25], [43.75, 38.0]]]}, "properties": {"risk_index": 30, "annual_rate": 0.1097, "max_mag": 3.4, "n_events": 4, "n_recent": 0}}, {"type": "Feature", "geometry": {"type": "Polygon", "coordinates": [[[32.25, 35.75], [32.5, 35.75], [32.5, 36.0], [32.25, 36.0], [32.25, 35.75]]]}, "properties": {"risk_index": 30, "annual_rate": 0.0823, "max_mag": 3.6, "n_events": 3, "n_recent": 0}}, {"type": "Feature", "geometry": {"type": "Polygon", "coordinates": [[[25.5, 41.25], [25.75, 41.25], [25.75, 41.5], [25.5, 41.5], [25.5, 41.25]]]}, "properties": {"risk_index": 30, "annual_rate": 0.0823, "max_mag": 3.6, "n_events": 3, "n_recent": 2}}, {"type": "Feature", "geometry": {"type": "Polygon", "coordinates": [[[27.0, 40.75], [27.25, 40.75], [27.25, 41.0], [27.0, 41.0], [27.0, 40.75]]]}, "properties": {"risk_index": 30, "annual_rate": 0.0823, "max_mag": 3.6, "n_events": 3, "n_recent": 0}}, {"type": "Feature", "geometry": {"type": "Polygon", "coordinates": [[[40.25, 38.0], [40.5, 38.0], [40.5, 38.25], [40.25, 38.25], [40.25, 38.0]]]}, "properties": {"risk_index": 30, "annual_rate": 0.1097, "max_mag": 3.4, "n_events": 4, "n_recent": 1}}, {"type": "Feature", "geometry": {"type": "Polygon", "coordinates": [[[40.0, 38.0], [40.25, 38.0], [40.25, 38.25], [40.0, 38.25], [40.0, 38.0]]]}, "properties": {"risk_index": 30, "annual_rate": 0.1372, "max_mag": 3.3, "n_events": 5, "n_recent": 1}}, {"type": "Feature", "geometry": {"type": "Polygon", "coordinates": [[[37.25, 41.0], [37.5, 41.0], [37.5, 41.25], [37.25, 41.25], [37.25, 41.0]]]}, "properties": {"risk_index": 30, "annual_rate": 0.1097, "max_mag": 3.4, "n_events": 4, "n_recent": 2}}, {"type": "Feature", "geometry": {"type": "Polygon", "coordinates": [[[43.25, 41.0], [43.5, 41.0], [43.5, 41.25], [43.25, 41.25], [43.25, 41.0]]]}, "properties": {"risk_index": 30, "annual_rate": 0.1372, "max_mag": 3.3, "n_events": 5, "n_recent": 0}}, {"type": "Feature", "geometry": {"type": "Polygon", "coordinates": [[[40.5, 42.0], [40.75, 42.0], [40.75, 42.25], [40.5, 42.25], [40.5, 42.0]]]}, "properties": {"risk_index": 30, "annual_rate": 0.0823, "max_mag": 3.6, "n_events": 3, "n_recent": 0}}, {"type": "Feature", "geometry": {"type": "Polygon", "coordinates": [[[35.5, 39.25], [35.75, 39.25], [35.75, 39.5], [35.5, 39.5], [35.5, 39.25]]]}, "properties": {"risk_index": 30, "annual_rate": 0.1372, "max_mag": 3.3, "n_events": 5, "n_recent": 1}}, {"type": "Feature", "geometry": {"type": "Polygon", "coordinates": [[[43.75, 36.75], [44.0, 36.75], [44.0, 37.0], [43.75, 37.0], [43.75, 36.75]]]}, "properties": {"risk_index": 30, "annual_rate": 0.1097, "max_mag": 3.4, "n_events": 4, "n_recent": 0}}, {"type": "Feature", "geometry": {"type": "Polygon", "coordinates": [[[42.75, 42.0], [43.0, 42.0], [43.0, 42.25], [42.75, 42.25], [42.75, 42.0]]]}, "properties": {"risk_index": 30, "annual_rate": 0.0823, "max_mag": 3.6, "n_events": 3, "n_recent": 1}}, {"type": "Feature", "geometry": {"type": "Polygon", "coordinates": [[[33.25, 35.5], [33.5, 35.5], [33.5, 35.75], [33.25, 35.75], [33.25, 35.5]]]}, "properties": {"risk_index": 30, "annual_rate": 0.0823, "max_mag": 3.6, "n_events": 3, "n_recent": 2}}, {"type": "Feature", "geometry": {"type": "Polygon", "coordinates": [[[30.25, 39.25], [30.5, 39.25], [30.5, 39.5], [30.25, 39.5], [30.25, 39.25]]]}, "properties": {"risk_index": 30, "annual_rate": 0.0823, "max_mag": 3.6, "n_events": 3, "n_recent": 1}}, {"type": "Feature", "geometry": {"type": "Polygon", "coordinates": [[[42.0, 36.5], [42.25, 36.5], [42.25, 36.75], [42.0, 36.75], [42.0, 36.5]]]}, "properties": {"risk_index": 30, "annual_rate": 0.1097, "max_mag": 3.4, "n_events": 4, "n_recent": 1}}, {"type": "Feature", "geometry": {"type": "Polygon", "coordinates": [[[34.25, 38.5], [34.5, 38.5], [34.5, 38.75], [34.25, 38.75], [34.25, 38.5]]]}, "properties": {"risk_index": 30, "annual_rate": 0.1372, "max_mag": 3.3, "n_events": 5, "n_recent": 0}}, {"type": "Feature", "geometry": {"type": "Polygon", "coordinates": [[[40.75, 36.75], [41.0, 36.75], [41.0, 37.0], [40.75, 37.0], [40.75, 36.75]]]}, "properties": {"risk_index": 30, "annual_rate": 0.1097, "max_mag": 3.4, "n_events": 4, "n_recent": 0}}, {"type": "Feature", "geometry": {"type": "Polygon", "coordinates": [[[37.25, 36.75], [37.5, 36.75], [37.5, 37.0], [37.25, 37.0], [37.25, 36.75]]]}, "properties": {"risk_index": 30, "annual_rate": 0.1372, "max_mag": 3.3, "n_events": 5, "n_recent": 0}}, {"type": "Feature", "geometry": {"type": "Polygon", "coordinates": [[[30.0, 39.25], [30.25, 39.25], [30.25, 39.5], [30.0, 39.5], [30.0, 39.25]]]}, "properties": {"risk_index": 30, "annual_rate": 0.1097, "max_mag": 3.4, "n_events": 4, "n_recent": 1}}, {"type": "Feature", "geometry": {"type": "Polygon", "coordinates": [[[44.75, 36.75], [45.0, 36.75], [45.0, 37.0], [44.75, 37.0], [44.75, 36.75]]]}, "properties": {"risk_index": 29, "annual_rate": 0.0549, "max_mag": 3.8, "n_events": 2, "n_recent": 1}}, {"type": "Feature", "geometry": {"type": "Polygon", "coordinates": [[[39.75, 41.25], [40.0, 41.25], [40.0, 41.5], [39.75, 41.5], [39.75, 41.25]]]}, "properties": {"risk_index": 29, "annual_rate": 0.0549, "max_mag": 3.8, "n_events": 2, "n_recent": 2}}, {"type": "Feature", "geometry": {"type": "Polygon", "coordinates": [[[38.75, 36.0], [39.0, 36.0], [39.0, 36.25], [38.75, 36.25], [38.75, 36.0]]]}, "properties": {"risk_index": 29, "annual_rate": 0.0549, "max_mag": 3.8, "n_events": 2, "n_recent": 1}}, {"type": "Feature", "geometry": {"type": "Polygon", "coordinates": [[[39.25, 41.5], [39.5, 41.5], [39.5, 41.75], [39.25, 41.75], [39.25, 41.5]]]}, "properties": {"risk_index": 29, "annual_rate": 0.0274, "max_mag": 4.1, "n_events": 1, "n_recent": 0}}, {"type": "Feature", "geometry": {"type": "Polygon", "coordinates": [[[36.25, 42.25], [36.5, 42.25], [36.5, 42.5], [36.25, 42.5], [36.25, 42.25]]]}, "properties": {"risk_index": 29, "annual_rate": 0.0549, "max_mag": 3.8, "n_events": 2, "n_recent": 1}}, {"type": "Feature", "geometry": {"type": "Polygon", "coordinates": [[[42.75, 35.5], [43.0, 35.5], [43.0, 35.75], [42.75, 35.75], [42.75, 35.5]]]}, "properties": {"risk_index": 29, "annual_rate": 0.0274, "max_mag": 4.1, "n_events": 1, "n_recent": 1}}, {"type": "Feature", "geometry": {"type": "Polygon", "coordinates": [[[34.75, 35.5], [35.0, 35.5], [35.0, 35.75], [34.75, 35.75], [34.75, 35.5]]]}, "properties": {"risk_index": 29, "annual_rate": 0.0274, "max_mag": 4.1, "n_events": 1, "n_recent": 1}}, {"type": "Feature", "geometry": {"type": "Polygon", "coordinates": [[[43.0, 35.75], [43.25, 35.75], [43.25, 36.0], [43.0, 36.0], [43.0, 35.75]]]}, "properties": {"risk_index": 29, "annual_rate": 0.0549, "max_mag": 3.8, "n_events": 2, "n_recent": 2}}, {"type": "Feature", "geometry": {"type": "Polygon", "coordinates": [[[35.5, 38.25], [35.75, 38.25], [35.75, 38.5], [35.5, 38.5], [35.5, 38.25]]]}, "properties": {"risk_index": 29, "annual_rate": 0.0549, "max_mag": 3.8, "n_events": 2, "n_recent": 0}}, {"type": "Feature", "geometry": {"type": "Polygon", "coordinates": [[[40.0, 36.5], [40.25, 36.5], [40.25, 36.75], [40.0, 36.75], [40.0, 36.5]]]}, "properties": {"risk_index": 29, "annual_rate": 0.0549, "max_mag": 3.8, "n_events": 2, "n_recent": 0}}, {"type": "Feature", "geometry": {"type": "Polygon", "coordinates": [[[34.5, 35.75], [34.75, 35.75], [34.75, 36.0], [34.5, 36.0], [34.5, 35.75]]]}, "properties": {"risk_index": 29, "annual_rate": 0.0274, "max_mag": 4.1, "n_events": 1, "n_recent": 0}}, {"type": "Feature", "geometry": {"type": "Polygon", "coordinates": [[[34.25, 35.75], [34.5, 35.75], [34.5, 36.0], [34.25, 36.0], [34.25, 35.75]]]}, "properties": {"risk_index": 29, "annual_rate": 0.0549, "max_mag": 3.8, "n_events": 2, "n_recent": 1}}, {"type": "Feature", "geometry": {"type": "Polygon", "coordinates": [[[26.25, 42.25], [26.5, 42.25], [26.5, 42.5], [26.25, 42.5], [26.25, 42.25]]]}, "properties": {"risk_index": 29, "annual_rate": 0.0549, "max_mag": 3.8, "n_events": 2, "n_recent": 0}}, {"type": "Feature", "geometry": {"type": "Polygon", "coordinates": [[[31.75, 41.5], [32.0, 41.5], [32.0, 41.75], [31.75, 41.75], [31.75, 41.5]]]}, "properties": {"risk_index": 28, "annual_rate": 0.0823, "max_mag": 3.5, "n_events": 3, "n_recent": 0}}, {"type": "Feature", "geometry": {"type": "Polygon", "coordinates": [[[34.75, 39.0], [35.0, 39.0], [35.0, 39.25], [34.75, 39.25], [34.75, 39.0]]]}, "properties": {"risk_index": 28, "annual_rate": 0.1372, "max_mag": 3.2, "n_events": 5, "n_recent": 0}}, {"type": "Feature", "geometry": {"type": "Polygon", "coordinates": [[[35.0, 39.0], [35.25, 39.0], [35.25, 39.25], [35.0, 39.25], [35.0, 39.0]]]}, "properties": {"risk_index": 28, "annual_rate": 0.1646, "max_mag": 3.1, "n_events": 6, "n_recent": 0}}, {"type": "Feature", "geometry": {"type": "Polygon", "coordinates": [[[32.5, 37.5], [32.75, 37.5], [32.75, 37.75], [32.5, 37.75], [32.5, 37.5]]]}, "properties": {"risk_index": 28, "annual_rate": 0.0823, "max_mag": 3.5, "n_events": 3, "n_recent": 0}}, {"type": "Feature", "geometry": {"type": "Polygon", "coordinates": [[[39.5, 37.75], [39.75, 37.75], [39.75, 38.0], [39.5, 38.0], [39.5, 37.75]]]}, "properties": {"risk_index": 28, "annual_rate": 0.1372, "max_mag": 3.2, "n_events": 5, "n_recent": 0}}, {"type": "Feature", "geometry": {"type": "Polygon", "coordinates": [[[32.25, 40.25], [32.5, 40.25], [32.5, 40.5], [32.25, 40.5], [32.25, 40.25]]]}, "properties": {"risk_index": 28, "annual_rate": 0.1372, "max_mag": 3.2, "n_events": 5, "n_recent": 0}}, {"type": "Feature", "geometry": {"type": "Polygon", "coordinates": [[[31.25, 40.25], [31.5, 40.25], [31.5, 40.5], [31.25, 40.5], [31.25, 40.25]]]}, "properties": {"risk_index": 28, "annual_rate": 0.1372, "max_mag": 3.2, "n_events": 5, "n_recent": 1}}, {"type": "Feature", "geometry": {"type": "Polygon", "coordinates": [[[39.5, 40.25], [39.75, 40.25], [39.75, 40.5], [39.5, 40.5], [39.5, 40.25]]]}, "properties": {"risk_index": 28, "annual_rate": 0.1372, "max_mag": 3.2, "n_events": 5, "n_recent": 0}}, {"type": "Feature", "geometry": {"type": "Polygon", "coordinates": [[[34.75, 37.75], [35.0, 37.75], [35.0, 38.0], [34.75, 38.0], [34.75, 37.75]]]}, "properties": {"risk_index": 28, "annual_rate": 0.0823, "max_mag": 3.5, "n_events": 3, "n_recent": 0}}, {"type": "Feature", "geometry": {"type": "Polygon", "coordinates": [[[42.0, 36.75], [42.25, 36.75], [42.25, 37.0], [42.0, 37.0], [42.0, 36.75]]]}, "properties": {"risk_index": 28, "annual_rate": 0.0823, "max_mag": 3.5, "n_events": 3, "n_recent": 0}}, {"type": "Feature", "geometry": {"type": "Polygon", "coordinates": [[[35.75, 35.5], [36.0, 35.5], [36.0, 35.75], [35.75, 35.75], [35.75, 35.5]]]}, "properties": {"risk_index": 28, "annual_rate": 0.0823, "max_mag": 3.5, "n_events": 3, "n_recent": 1}}, {"type": "Feature", "geometry": {"type": "Polygon", "coordinates": [[[41.5, 36.5], [41.75, 36.5], [41.75, 36.75], [41.5, 36.75], [41.5, 36.5]]]}, "properties": {"risk_index": 28, "annual_rate": 0.1372, "max_mag": 3.2, "n_events": 5, "n_recent": 1}}, {"type": "Feature", "geometry": {"type": "Polygon", "coordinates": [[[31.75, 38.75], [32.0, 38.75], [32.0, 39.0], [31.75, 39.0], [31.75, 38.75]]]}, "properties": {"risk_index": 28, "annual_rate": 0.0823, "max_mag": 3.5, "n_events": 3, "n_recent": 0}}, {"type": "Feature", "geometry": {"type": "Polygon", "coordinates": [[[33.25, 41.25], [33.5, 41.25], [33.5, 41.5], [33.25, 41.5], [33.25, 41.25]]]}, "properties": {"risk_index": 28, "annual_rate": 0.0823, "max_mag": 3.5, "n_events": 3, "n_recent": 0}}, {"type": "Feature", "geometry": {"type": "Polygon", "coordinates": [[[36.0, 39.75], [36.25, 39.75], [36.25, 40.0], [36.0, 40.0], [36.0, 39.75]]]}, "properties": {"risk_index": 28, "annual_rate": 0.0823, "max_mag": 3.5, "n_events": 3, "n_recent": 0}}, {"type": "Feature", "geometry": {"type": "Polygon", "coordinates": [[[31.75, 36.75], [32.0, 36.75], [32.0, 37.0], [31.75, 37.0], [31.75, 36.75]]]}, "properties": {"risk_index": 28, "annual_rate": 0.0823, "max_mag": 3.5, "n_events": 3, "n_recent": 2}}, {"type": "Feature", "geometry": {"type": "Polygon", "coordinates": [[[32.0, 38.75], [32.25, 38.75], [32.25, 39.0], [32.0, 39.0], [32.0, 38.75]]]}, "properties": {"risk_index": 28, "annual_rate": 0.0823, "max_mag": 3.5, "n_events": 3, "n_recent": 0}}, {"type": "Feature", "geometry": {"type": "Polygon", "coordinates": [[[44.25, 37.0], [44.5, 37.0], [44.5, 37.25], [44.25, 37.25], [44.25, 37.0]]]}, "properties": {"risk_index": 28, "annual_rate": 0.0823, "max_mag": 3.5, "n_events": 3, "n_recent": 0}}, {"type": "Feature", "geometry": {"type": "Polygon", "coordinates": [[[34.75, 38.75], [35.0, 38.75], [35.0, 39.0], [34.75, 39.0], [34.75, 38.75]]]}, "properties": {"risk_index": 28, "annual_rate": 0.1646, "max_mag": 3.1, "n_events": 6, "n_recent": 0}}, {"type": "Feature", "geometry": {"type": "Polygon", "coordinates": [[[34.0, 37.0], [34.25, 37.0], [34.25, 37.25], [34.0, 37.25], [34.0, 37.0]]]}, "properties": {"risk_index": 28, "annual_rate": 0.0823, "max_mag": 3.5, "n_events": 3, "n_recent": 0}}, {"type": "Feature", "geometry": {"type": "Polygon", "coordinates": [[[29.0, 41.0], [29.25, 41.0], [29.25, 41.25], [29.0, 41.25], [29.0, 41.0]]]}, "properties": {"risk_index": 28, "annual_rate": 0.1646, "max_mag": 3.1, "n_events": 6, "n_recent": 0}}, {"type": "Feature", "geometry": {"type": "Polygon", "coordinates": [[[41.5, 38.0], [41.75, 38.0], [41.75, 38.25], [41.5, 38.25], [41.5, 38.0]]]}, "properties": {"risk_index": 28, "annual_rate": 0.0823, "max_mag": 3.5, "n_events": 3, "n_recent": 1}}, {"type": "Feature", "geometry": {"type": "Polygon", "coordinates": [[[29.25, 38.25], [29.5, 38.25], [29.5, 38.5], [29.25, 38.5], [29.25, 38.25]]]}, "properties": {"risk_index": 28, "annual_rate": 0.0823, "max_mag": 3.5, "n_events": 3, "n_recent": 0}}, {"type": "Feature", "geometry": {"type": "Polygon", "coordinates": [[[37.5, 36.75], [37.75, 36.75], [37.75, 37.0], [37.5, 37.0], [37.5, 36.75]]]}, "properties": {"risk_index": 28, "annual_rate": 0.1646, "max_mag": 3.1, "n_events": 6, "n_recent": 0}}, {"type": "Feature", "geometry": {"type": "Polygon", "coordinates": [[[38.5, 40.75], [38.75, 40.75], [38.75, 41.0], [38.5, 41.0], [38.5, 40.75]]]}, "properties": {"risk_index": 28, "annual_rate": 0.1372, "max_mag": 3.2, "n_events": 5, "n_recent": 1}}, {"type": "Feature", "geometry": {"type": "Polygon", "coordinates": [[[35.0, 37.5], [35.25, 37.5], [35.25, 37.75], [35.0, 37.75], [35.0, 37.5]]]}, "properties": {"risk_index": 28, "annual_rate": 0.1372, "max_mag": 3.2, "n_events": 5, "n_recent": 0}}, {"type": "Feature", "geometry": {"type": "Polygon", "coordinates": [[[30.25, 39.0], [30.5, 39.0], [30.5, 39.25], [30.25, 39.25], [30.25, 39.0]]]}, "properties": {"risk_index": 28, "annual_rate": 0.0823, "max_mag": 3.5, "n_events": 3, "n_recent": 0}}, {"type": "Feature", "geometry": {"type": "Polygon", "coordinates": [[[37.0, 36.5], [37.25, 36.5], [37.25, 36.75], [37.0, 36.75], [37.0, 36.5]]]}, "properties": {"risk_index": 28, "annual_rate": 0.1372, "max_mag": 3.2, "n_events": 5, "n_recent": 0}}, {"type": "Feature", "geometry": {"type": "Polygon", "coordinates": [[[40.25, 40.0], [40.5, 40.0], [40.5, 40.25], [40.25, 40.25], [40.25, 40.0]]]}, "properties": {"risk_index": 28, "annual_rate": 0.0823, "max_mag": 3.5, "n_events": 3, "n_recent": 0}}, {"type": "Feature", "geometry": {"type": "Polygon", "coordinates": [[[36.25, 39.75], [36.5, 39.75], [36.5, 40.0], [36.25, 40.0], [36.25, 39.75]]]}, "properties": {"risk_index": 28, "annual_rate": 0.1372, "max_mag": 3.2, "n_events": 5, "n_recent": 0}}, {"type": "Feature", "geometry": {"type": "Polygon", "coordinates": [[[38.75, 36.5], [39.0, 36.5], [39.0, 36.75], [38.75, 36.75], [38.75, 36.5]]]}, "properties": {"risk_index": 28, "annual_rate": 0.0823, "max_mag": 3.5, "n_events": 3, "n_recent": 1}}, {"type": "Feature", "geometry": {"type": "Polygon", "coordinates": [[[25.5, 37.0], [25.75, 37.0], [25.75, 37.25], [25.5, 37.25], [25.5, 37.0]]]}, "properties": {"risk_index": 27, "annual_rate": 0.0274, "max_mag": 4.0, "n_events": 1, "n_recent": 0}}, {"type": "Feature", "geometry": {"type": "Polygon", "coordinates": [[[34.0, 39.5], [34.25, 39.5], [34.25, 39.75], [34.0, 39.75], [34.0, 39.5]]]}, "properties": {"risk_index": 27, "annual_rate": 0.1097, "max_mag": 3.3, "n_events": 4, "n_recent": 0}}, {"type": "Feature", "geometry": {"type": "Polygon", "coordinates": [[[32.75, 41.5], [33.0, 41.5], [33.0, 41.75], [32.75, 41.75], [32.75, 41.5]]]}, "properties": {"risk_index": 27, "annual_rate": 0.0274, "max_mag": 4.0, "n_events": 1, "n_recent": 1}}, {"type": "Feature", "geometry": {"type": "Polygon", "coordinates": [[[27.0, 41.0], [27.25, 41.0], [27.25, 41.25], [27.0, 41.25], [27.0, 41.0]]]}, "properties": {"risk_index": 27, "annual_rate": 0.0274, "max_mag": 4.0, "n_events": 1, "n_recent": 0}}, {"type": "Feature", "geometry": {"type": "Polygon", "coordinates": [[[44.25, 38.0], [44.5, 38.0], [44.5, 38.25], [44.25, 38.25], [44.25, 38.0]]]}, "properties": {"risk_index": 27, "annual_rate": 0.0549, "max_mag": 3.7, "n_events": 2, "n_recent": 1}}, {"type": "Feature", "geometry": {"type": "Polygon", "coordinates": [[[41.75, 38.0], [42.0, 38.0], [42.0, 38.25], [41.75, 38.25], [41.75, 38.0]]]}, "properties": {"risk_index": 27, "annual_rate": 0.1097, "max_mag": 3.3, "n_events": 4, "n_recent": 1}}, {"type": "Feature", "geometry": {"type": "Polygon", "coordinates": [[[40.25, 36.75], [40.5, 36.75], [40.5, 37.0], [40.25, 37.0], [40.25, 36.75]]]}, "properties": {"risk_index": 27, "annual_rate": 0.1097, "max_mag": 3.3, "n_events": 4, "n_recent": 1}}, {"type": "Feature", "geometry": {"type": "Polygon", "coordinates": [[[36.5, 40.0], [36.75, 40.0], [36.75, 40.25], [36.5, 40.25], [36.5, 40.0]]]}, "properties": {"risk_index": 27, "annual_rate": 0.1097, "max_mag": 3.3, "n_events": 4, "n_recent": 0}}, {"type": "Feature", "geometry": {"type": "Polygon", "coordinates": [[[42.75, 36.5], [43.0, 36.5], [43.0, 36.75], [42.75, 36.75], [42.75, 36.5]]]}, "properties": {"risk_index": 27, "annual_rate": 0.0549, "max_mag": 3.7, "n_events": 2, "n_recent": 1}}, {"type": "Feature", "geometry": {"type": "Polygon", "coordinates": [[[29.5, 39.25], [29.75, 39.25], [29.75, 39.5], [29.5, 39.5], [29.5, 39.25]]]}, "properties": {"risk_index": 27, "annual_rate": 0.1097, "max_mag": 3.3, "n_events": 4, "n_recent": 0}}, {"type": "Feature", "geometry": {"type": "Polygon", "coordinates": [[[41.0, 41.75], [41.25, 41.75], [41.25, 42.0], [41.0, 42.0], [41.0, 41.75]]]}, "properties": {"risk_index": 27, "annual_rate": 0.1097, "max_mag": 3.3, "n_events": 4, "n_recent": 0}}, {"type": "Feature", "geometry": {"type": "Polygon", "coordinates": [[[36.5, 39.75], [36.75, 39.75], [36.75, 40.0], [36.5, 40.0], [36.5, 39.75]]]}, "properties": {"risk_index": 27, "annual_rate": 0.1097, "max_mag": 3.3, "n_events": 4, "n_recent": 0}}, {"type": "Feature", "geometry": {"type": "Polygon", "coordinates": [[[35.0, 38.75], [35.25, 38.75], [35.25, 39.0], [35.0, 39.0], [35.0, 38.75]]]}, "properties": {"risk_index": 27, "annual_rate": 0.1097, "max_mag": 3.3, "n_events": 4, "n_recent": 0}}, {"type": "Feature", "geometry": {"type": "Polygon", "coordinates": [[[28.5, 41.25], [28.75, 41.25], [28.75, 41.5], [28.5, 41.5], [28.5, 41.25]]]}, "properties": {"risk_index": 27, "annual_rate": 0.0549, "max_mag": 3.7, "n_events": 2, "n_recent": 1}}, {"type": "Feature", "geometry": {"type": "Polygon", "coordinates": [[[33.25, 40.5], [33.5, 40.5], [33.5, 40.75], [33.25, 40.75], [33.25, 40.5]]]}, "properties": {"risk_index": 27, "annual_rate": 0.0549, "max_mag": 3.7, "n_events": 2, "n_recent": 1}}, {"type": "Feature", "geometry": {"type": "Polygon", "coordinates": [[[29.5, 42.25], [29.75, 42.25], [29.75, 42.5], [29.5, 42.5], [29.5, 42.25]]]}, "properties": {"risk_index": 27, "annual_rate": 0.0274, "max_mag": 4.0, "n_events": 1, "n_recent": 0}}, {"type": "Feature", "geometry": {"type": "Polygon", "coordinates": [[[29.25, 42.0], [29.5, 42.0], [29.5, 42.25], [29.25, 42.25], [29.25, 42.0]]]}, "properties": {"risk_index": 27, "annual_rate": 0.0274, "max_mag": 4.0, "n_events": 1, "n_recent": 0}}, {"type": "Feature", "geometry": {"type": "Polygon", "coordinates": [[[33.75, 36.0], [34.0, 36.0], [34.0, 36.25], [33.75, 36.25], [33.75, 36.0]]]}, "properties": {"risk_index": 27, "annual_rate": 0.0274, "max_mag": 4.0, "n_events": 1, "n_recent": 0}}, {"type": "Feature", "geometry": {"type": "Polygon", "coordinates": [[[32.25, 37.0], [32.5, 37.0], [32.5, 37.25], [32.25, 37.25], [32.25, 37.0]]]}, "properties": {"risk_index": 27, "annual_rate": 0.1097, "max_mag": 3.3, "n_events": 4, "n_recent": 0}}, {"type": "Feature", "geometry": {"type": "Polygon", "coordinates": [[[34.0, 38.75], [34.25, 38.75], [34.25, 39.0], [34.0, 39.0], [34.0, 38.75]]]}, "properties": {"risk_index": 27, "annual_rate": 0.0549, "max_mag": 3.7, "n_events": 2, "n_recent": 0}}, {"type": "Feature", "geometry": {"type": "Polygon", "coordinates": [[[37.25, 40.5], [37.5, 40.5], [37.5, 40.75], [37.25, 40.75], [37.25, 40.5]]]}, "properties": {"risk_index": 27, "annual_rate": 0.1097, "max_mag": 3.3, "n_events": 4, "n_recent": 0}}, {"type": "Feature", "geometry": {"type": "Polygon", "coordinates": [[[33.5, 38.75], [33.75, 38.75], [33.75, 39.0], [33.5, 39.0], [33.5, 38.75]]]}, "properties": {"risk_index": 27, "annual_rate": 0.0549, "max_mag": 3.7, "n_events": 2, "n_recent": 0}}, {"type": "Feature", "geometry": {"type": "Polygon", "coordinates": [[[44.5, 37.0], [44.75, 37.0], [44.75, 37.25], [44.5, 37.25], [44.5, 37.0]]]}, "properties": {"risk_index": 27, "annual_rate": 0.1097, "max_mag": 3.3, "n_events": 4, "n_recent": 1}}, {"type": "Feature", "geometry": {"type": "Polygon", "coordinates": [[[38.0, 41.0], [38.25, 41.0], [38.25, 41.25], [38.0, 41.25], [38.0, 41.0]]]}, "properties": {"risk_index": 27, "annual_rate": 0.1097, "max_mag": 3.3, "n_events": 4, "n_recent": 0}}, {"type": "Feature", "geometry": {"type": "Polygon", "coordinates": [[[37.5, 35.75], [37.75, 35.75], [37.75, 36.0], [37.5, 36.0], [37.5, 35.75]]]}, "properties": {"risk_index": 27, "annual_rate": 0.0549, "max_mag": 3.7, "n_events": 2, "n_recent": 0}}, {"type": "Feature", "geometry": {"type": "Polygon", "coordinates": [[[38.75, 35.75], [39.0, 35.75], [39.0, 36.0], [38.75, 36.0], [38.75, 35.75]]]}, "properties": {"risk_index": 27, "annual_rate": 0.0549, "max_mag": 3.7, "n_events": 2, "n_recent": 2}}, {"type": "Feature", "geometry": {"type": "Polygon", "coordinates": [[[38.25, 37.0], [38.5, 37.0], [38.5, 37.25], [38.25, 37.25], [38.25, 37.0]]]}, "properties": {"risk_index": 27, "annual_rate": 0.1097, "max_mag": 3.3, "n_events": 4, "n_recent": 1}}, {"type": "Feature", "geometry": {"type": "Polygon", "coordinates": [[[33.5, 40.25], [33.75, 40.25], [33.75, 40.5], [33.5, 40.5], [33.5, 40.25]]]}, "properties": {"risk_index": 27, "annual_rate": 0.1097, "max_mag": 3.3, "n_events": 4, "n_recent": 0}}, {"type": "Feature", "geometry": {"type": "Polygon", "coordinates": [[[37.75, 40.75], [38.0, 40.75], [38.0, 41.0], [37.75, 41.0], [37.75, 40.75]]]}, "properties": {"risk_index": 27, "annual_rate": 0.1097, "max_mag": 3.3, "n_events": 4, "n_recent": 0}}, {"type": "Feature", "geometry": {"type": "Polygon", "coordinates": [[[35.75, 39.75], [36.0, 39.75], [36.0, 40.0], [35.75, 40.0], [35.75, 39.75]]]}, "properties": {"risk_index": 27, "annual_rate": 0.1097, "max_mag": 3.3, "n_events": 4, "n_recent": 0}}, {"type": "Feature", "geometry": {"type": "Polygon", "coordinates": [[[34.75, 39.75], [35.0, 39.75], [35.0, 40.0], [34.75, 40.0], [34.75, 39.75]]]}, "properties": {"risk_index": 27, "annual_rate": 0.1097, "max_mag": 3.3, "n_events": 4, "n_recent": 0}}, {"type": "Feature", "geometry": {"type": "Polygon", "coordinates": [[[43.0, 42.0], [43.25, 42.0], [43.25, 42.25], [43.0, 42.25], [43.0, 42.0]]]}, "properties": {"risk_index": 27, "annual_rate": 0.1097, "max_mag": 3.3, "n_events": 4, "n_recent": 1}}, {"type": "Feature", "geometry": {"type": "Polygon", "coordinates": [[[41.75, 37.5], [42.0, 37.5], [42.0, 37.75], [41.75, 37.75], [41.75, 37.5]]]}, "properties": {"risk_index": 27, "annual_rate": 0.1097, "max_mag": 3.3, "n_events": 4, "n_recent": 0}}, {"type": "Feature", "geometry": {"type": "Polygon", "coordinates": [[[38.75, 40.75], [39.0, 40.75], [39.0, 41.0], [38.75, 41.0], [38.75, 40.75]]]}, "properties": {"risk_index": 27, "annual_rate": 0.1097, "max_mag": 3.3, "n_events": 4, "n_recent": 0}}, {"type": "Feature", "geometry": {"type": "Polygon", "coordinates": [[[37.5, 38.75], [37.75, 38.75], [37.75, 39.0], [37.5, 39.0], [37.5, 38.75]]]}, "properties": {"risk_index": 27, "annual_rate": 0.1097, "max_mag": 3.3, "n_events": 4, "n_recent": 0}}, {"type": "Feature", "geometry": {"type": "Polygon", "coordinates": [[[35.0, 39.75], [35.25, 39.75], [35.25, 40.0], [35.0, 40.0], [35.0, 39.75]]]}, "properties": {"risk_index": 27, "annual_rate": 0.1097, "max_mag": 3.3, "n_events": 4, "n_recent": 0}}, {"type": "Feature", "geometry": {"type": "Polygon", "coordinates": [[[31.75, 39.0], [32.0, 39.0], [32.0, 39.25], [31.75, 39.25], [31.75, 39.0]]]}, "properties": {"risk_index": 26, "annual_rate": 0.1372, "max_mag": 3.1, "n_events": 5, "n_recent": 0}}, {"type": "Feature", "geometry": {"type": "Polygon", "coordinates": [[[33.0, 37.25], [33.25, 37.25], [33.25, 37.5], [33.0, 37.5], [33.0, 37.25]]]}, "properties": {"risk_index": 26, "annual_rate": 0.0823, "max_mag": 3.4, "n_events": 3, "n_recent": 0}}, {"type": "Feature", "geometry": {"type": "Polygon", "coordinates": [[[34.5, 39.5], [34.75, 39.5], [34.75, 39.75], [34.5, 39.75], [34.5, 39.5]]]}, "properties": {"risk_index": 26, "annual_rate": 0.0823, "max_mag": 3.4, "n_events": 3, "n_recent": 0}}, {"type": "Feature", "geometry": {"type": "Polygon", "coordinates": [[[44.75, 41.5], [45.0, 41.5], [45.0, 41.75], [44.75, 41.75], [44.75, 41.5]]]}, "properties": {"risk_index": 26, "annual_rate": 0.0823, "max_mag": 3.4, "n_events": 3, "n_recent": 0}}, {"type": "Feature", "geometry": {"type": "Polygon", "coordinates": [[[41.75, 37.25], [42.0, 37.25], [42.0, 37.5], [41.75, 37.5], [41.75, 37.25]]]}, "properties": {"risk_index": 26, "annual_rate": 0.0823, "max_mag": 3.4, "n_events": 3, "n_recent": 1}}, {"type": "Feature", "geometry": {"type": "Polygon", "coordinates": [[[38.0, 37.25], [38.25, 37.25], [38.25, 37.5], [38.0, 37.5], [38.0, 37.25]]]}, "properties": {"risk_index": 26, "annual_rate": 0.0823, "max_mag": 3.4, "n_events": 3, "n_recent": 0}}, {"type": "Feature", "geometry": {"type": "Polygon", "coordinates": [[[44.75, 40.0], [45.0, 40.0], [45.0, 40.25], [44.75, 40.25], [44.75, 40.0]]]}, "properties": {"risk_index": 26, "annual_rate": 0.0823, "max_mag": 3.4, "n_events": 3, "n_recent": 0}}, {"type": "Feature", "geometry": {"type": "Polygon", "coordinates": [[[37.75, 36.75], [38.0, 36.75], [38.0, 37.0], [37.75, 37.0], [37.75, 36.75]]]}, "properties": {"risk_index": 26, "annual_rate": 0.0823, "max_mag": 3.4, "n_events": 3, "n_recent": 0}}, {"type": "Feature", "geometry": {"type": "Polygon", "coordinates": [[[32.75, 37.75], [33.0, 37.75], [33.0, 38.0], [32.75, 38.0], [32.75, 37.75]]]}, "properties": {"risk_index": 26, "annual_rate": 0.0823, "max_mag": 3.4, "n_events": 3, "n_recent": 0}}, {"type": "Feature", "geometry": {"type": "Polygon", "coordinates": [[[31.5, 37.25], [31.75, 37.25], [31.75, 37.5], [31.5, 37.5], [31.5, 37.25]]]}, "properties": {"risk_index": 26, "annual_rate": 0.1372, "max_mag": 3.1, "n_events": 5, "n_recent": 0}}, {"type": "Feature", "geometry": {"type": "Polygon", "coordinates": [[[38.75, 41.0], [39.0, 41.0], [39.0, 41.25], [38.75, 41.25], [38.75, 41.0]]]}, "properties": {"risk_index": 26, "annual_rate": 0.1372, "max_mag": 3.1, "n_events": 5, "n_recent": 0}}, {"type": "Feature", "geometry": {"type": "Polygon", "coordinates": [[[32.25, 37.25], [32.5, 37.25], [32.5, 37.5], [32.25, 37.5], [32.25, 37.25]]]}, "properties": {"risk_index": 26, "annual_rate": 0.0823, "max_mag": 3.4, "n_events": 3, "n_recent": 1}}, {"type": "Feature", "geometry": {"type": "Polygon", "coordinates": [[[40.75, 41.5], [41.0, 41.5], [41.0, 41.75], [40.75, 41.75], [40.75, 41.5]]]}, "properties": {"risk_index": 26, "annual_rate": 0.0823, "max_mag": 3.4, "n_events": 3, "n_recent": 0}}, {"type": "Feature", "geometry": {"type": "Polygon", "coordinates": [[[44.75, 39.5], [45.0, 39.5], [45.0, 39.75], [44.75, 39.75], [44.75, 39.5]]]}, "properties": {"risk_index": 26, "annual_rate": 0.0823, "max_mag": 3.4, "n_events": 3, "n_recent": 2}}, {"type": "Feature", "geometry": {"type": "Polygon", "coordinates": [[[42.25, 41.75], [42.5, 41.75], [42.5, 42.0], [42.25, 42.0], [42.25, 41.75]]]}, "properties": {"risk_index": 26, "annual_rate": 0.0823, "max_mag": 3.4, "n_events": 3, "n_recent": 1}}, {"type": "Feature", "geometry": {"type": "Polygon", "coordinates": [[[33.5, 36.75], [33.75, 36.75], [33.75, 37.0], [33.5, 37.0], [33.5, 36.75]]]}, "properties": {"risk_index": 26, "annual_rate": 0.0823, "max_mag": 3.4, "n_events": 3, "n_recent": 2}}, {"type": "Feature", "geometry": {"type": "Polygon", "coordinates": [[[31.75, 37.75], [32.0, 37.75], [32.0, 38.0], [31.75, 38.0], [31.75, 37.75]]]}, "properties": {"risk_index": 26, "annual_rate": 0.0823, "max_mag": 3.4, "n_events": 3, "n_recent": 0}}, {"type": "Feature", "geometry": {"type": "Polygon", "coordinates": [[[41.5, 41.5], [41.75, 41.5], [41.75, 41.75], [41.5, 41.75], [41.5, 41.5]]]}, "properties": {"risk_index": 26, "annual_rate": 0.0823, "max_mag": 3.4, "n_events": 3, "n_recent": 0}}, {"type": "Feature", "geometry": {"type": "Polygon", "coordinates": [[[34.5, 38.75], [34.75, 38.75], [34.75, 39.0], [34.5, 39.0], [34.5, 38.75]]]}, "properties": {"risk_index": 25, "annual_rate": 0.1097, "max_mag": 3.2, "n_events": 4, "n_recent": 0}}, {"type": "Feature", "geometry": {"type": "Polygon", "coordinates": [[[37.75, 40.0], [38.0, 40.0], [38.0, 40.25], [37.75, 40.25], [37.75, 40.0]]]}, "properties": {"risk_index": 25, "annual_rate": 0.1097, "max_mag": 3.2, "n_events": 4, "n_recent": 1}}, {"type": "Feature", "geometry": {"type": "Polygon", "coordinates": [[[44.5, 37.5], [44.75, 37.5], [44.75, 37.75], [44.5, 37.75], [44.5, 37.5]]]}, "properties": {"risk_index": 25, "annual_rate": 0.0549, "max_mag": 3.6, "n_events": 2, "n_recent": 1}}, {"type": "Feature", "geometry": {"type": "Polygon", "coordinates": [[[41.5, 36.75], [41.75, 36.75], [41.75, 37.0], [41.5, 37.0], [41.5, 36.75]]]}, "properties": {"risk_index": 25, "annual_rate": 0.0549, "max_mag": 3.6, "n_events": 2, "n_recent": 0}}, {"type": "Feature", "geometry": {"type": "Polygon", "coordinates": [[[28.25, 38.75], [28.5, 38.75], [28.5, 39.0], [28.25, 39.0], [28.25, 38.75]]]}, "properties": {"risk_index": 25, "annual_rate": 0.1097, "max_mag": 3.2, "n_events": 4, "n_recent": 2}}, {"type": "Feature", "geometry": {"type": "Polygon", "coordinates": [[[40.0, 40.75], [40.25, 40.75], [40.25, 41.0], [40.0, 41.0], [40.0, 40.75]]]}, "properties": {"risk_index": 25, "annual_rate": 0.1097, "max_mag": 3.2, "n_events": 4, "n_recent": 1}}, {"type": "Feature", "geometry": {"type": "Polygon", "coordinates": [[[42.75, 35.75], [43.0, 35.75], [43.0, 36.0], [42.75, 36.0], [42.75, 35.75]]]}, "properties": {"risk_index": 25, "annual_rate": 0.0549, "max_mag": 3.6, "n_events": 2, "n_recent": 0}}, {"type": "Feature", "geometry": {"type": "Polygon", "coordinates": [[[26.5, 41.75], [26.75, 41.75], [26.75, 42.0], [26.5, 42.0], [26.5, 41.75]]]}, "properties": {"risk_index": 25, "annual_rate": 0.0549, "max_mag": 3.6, "n_events": 2, "n_recent": 1}}, {"type": "Feature", "geometry": {"type": "Polygon", "coordinates": [[[32.0, 36.75], [32.25, 36.75], [32.25, 37.0], [32.0, 37.0], [32.0, 36.75]]]}, "properties": {"risk_index": 25, "annual_rate": 0.1097, "max_mag": 3.2, "n_events": 4, "n_recent": 0}}, {"type": "Feature", "geometry": {"type": "Polygon", "coordinates": [[[37.0, 35.5], [37.25, 35.5], [37.25, 35.75], [37.0, 35.75], [37.0, 35.5]]]}, "properties": {"risk_index": 25, "annual_rate": 0.0549, "max_mag": 3.6, "n_events": 2, "n_recent": 0}}, {"type": "Feature", "geometry": {"type": "Polygon", "coordinates": [[[41.75, 37.75], [42.0, 37.75], [42.0, 38.0], [41.75, 38.0], [41.75, 37.75]]]}, "properties": {"risk_index": 25, "annual_rate": 0.1097, "max_mag": 3.2, "n_events": 4, "n_recent": 3}}, {"type": "Feature", "geometry": {"type": "Polygon", "coordinates": [[[44.5, 40.25], [44.75, 40.25], [44.75, 40.5], [44.5, 40.5], [44.5, 40.25]]]}, "properties": {"risk_index": 25, "annual_rate": 0.0549, "max_mag": 3.6, "n_events": 2, "n_recent": 0}}, {"type": "Feature", "geometry": {"type": "Polygon", "coordinates": [[[33.0, 42.0], [33.25, 42.0], [33.25, 42.25], [33.0, 42.25], [33.0, 42.0]]]}, "properties": {"risk_index": 25, "annual_rate": 0.1097, "max_mag": 3.2, "n_events": 4, "n_recent": 0}}, {"type": "Feature", "geometry": {"type": "Polygon", "coordinates": [[[32.75, 42.25], [33.0, 42.25], [33.0, 42.5], [32.75, 42.5], [32.75, 42.25]]]}, "properties": {"risk_index": 25, "annual_rate": 0.0549, "max_mag": 3.6, "n_events": 2, "n_recent": 1}}, {"type": "Feature", "geometry": {"type": "Polygon", "coordinates": [[[34.75, 36.25], [35.0, 36.25], [35.0, 36.5], [34.75, 36.5], [34.75, 36.25]]]}, "properties": {"risk_index": 25, "annual_rate": 0.0549, "max_mag": 3.6, "n_events": 2, "n_recent": 0}}, {"type": "Feature", "geometry": {"type": "Polygon", "coordinates": [[[41.0, 41.5], [41.25, 41.5], [41.25, 41.75], [41.0, 41.75], [41.0, 41.5]]]}, "properties": {"risk_index": 25, "annual_rate": 0.1097, "max_mag": 3.2, "n_events": 4, "n_recent": 0}}, {"type": "Feature", "geometry": {"type": "Polygon", "coordinates": [[[38.25, 38.5], [38.5, 38.5], [38.5, 38.75], [38.25, 38.75], [38.25, 38.5]]]}, "properties": {"risk_index": 25, "annual_rate": 0.0549, "max_mag": 3.6, "n_events": 2, "n_recent": 1}}, {"type": "Feature", "geometry": {"type": "Polygon", "coordinates": [[[35.25, 38.0], [35.5, 38.0], [35.5, 38.25], [35.25, 38.25], [35.25, 38.0]]]}, "properties": {"risk_index": 25, "annual_rate": 0.0549, "max_mag": 3.6, "n_events": 2, "n_recent": 0}}, {"type": "Feature", "geometry": {"type": "Polygon", "coordinates": [[[43.75, 42.0], [44.0, 42.0], [44.0, 42.25], [43.75, 42.25], [43.75, 42.0]]]}, "properties": {"risk_index": 25, "annual_rate": 0.1097, "max_mag": 3.2, "n_events": 4, "n_recent": 0}}, {"type": "Feature", "geometry": {"type": "Polygon", "coordinates": [[[34.25, 35.5], [34.5, 35.5], [34.5, 35.75], [34.25, 35.75], [34.25, 35.5]]]}, "properties": {"risk_index": 25, "annual_rate": 0.0549, "max_mag": 3.6, "n_events": 2, "n_recent": 0}}, {"type": "Feature", "geometry": {"type": "Polygon", "coordinates": [[[32.0, 36.0], [32.25, 36.0], [32.25, 36.25], [32.0, 36.25], [32.0, 36.0]]]}, "properties": {"risk_index": 25, "annual_rate": 0.0549, "max_mag": 3.6, "n_events": 2, "n_recent": 1}}, {"type": "Feature", "geometry": {"type": "Polygon", "coordinates": [[[32.25, 36.25], [32.5, 36.25], [32.5, 36.5], [32.25, 36.5], [32.25, 36.25]]]}, "properties": {"risk_index": 25, "annual_rate": 0.0274, "max_mag": 3.9, "n_events": 1, "n_recent": 0}}, {"type": "Feature", "geometry": {"type": "Polygon", "coordinates": [[[43.0, 37.25], [43.25, 37.25], [43.25, 37.5], [43.0, 37.5], [43.0, 37.25]]]}, "properties": {"risk_index": 25, "annual_rate": 0.0549, "max_mag": 3.6, "n_events": 2, "n_recent": 0}}, {"type": "Feature", "geometry": {"type": "Polygon", "coordinates": [[[32.5, 37.0], [32.75, 37.0], [32.75, 37.25], [32.5, 37.25], [32.5, 37.0]]]}, "properties": {"risk_index": 25, "annual_rate": 0.0274, "max_mag": 3.9, "n_events": 1, "n_recent": 0}}, {"type": "Feature", "geometry": {"type": "Polygon", "coordinates": [[[34.25, 41.75], [34.5, 41.75], [34.5, 42.0], [34.25, 42.0], [34.25, 41.75]]]}, "properties": {"risk_index": 25, "annual_rate": 0.0274, "max_mag": 3.9, "n_events": 1, "n_recent": 0}}, {"type": "Feature", "geometry": {"type": "Polygon", "coordinates": [[[38.5, 42.0], [38.75, 42.0], [38.75, 42.25], [38.5, 42.25], [38.5, 42.0]]]}, "properties": {"risk_index": 23, "annual_rate": 0.0274, "max_mag": 3.8, "n_events": 1, "n_recent": 0}}, {"type": "Feature", "geometry": {"type": "Polygon", "coordinates": [[[32.5, 42.0], [32.75, 42.0], [32.75, 42.25], [32.5, 42.25], [32.5, 42.0]]]}, "properties": {"risk_index": 23, "annual_rate": 0.0274, "max_mag": 3.8, "n_events": 1, "n_recent": 0}}, {"type": "Feature", "geometry": {"type": "Polygon", "coordinates": [[[33.5, 38.0], [33.75, 38.0], [33.75, 38.25], [33.5, 38.25], [33.5, 38.0]]]}, "properties": {"risk_index": 23, "annual_rate": 0.0549, "max_mag": 3.5, "n_events": 2, "n_recent": 1}}, {"type": "Feature", "geometry": {"type": "Polygon", "coordinates": [[[35.5, 39.75], [35.75, 39.75], [35.75, 40.0], [35.5, 40.0], [35.5, 39.75]]]}, "properties": {"risk_index": 23, "annual_rate": 0.0823, "max_mag": 3.3, "n_events": 3, "n_recent": 0}}, {"type": "Feature", "geometry": {"type": "Polygon", "coordinates": [[[32.75, 35.5], [33.0, 35.5], [33.0, 35.75], [32.75, 35.75], [32.75, 35.5]]]}, "properties": {"risk_index": 23, "annual_rate": 0.0549, "max_mag": 3.5, "n_events": 2, "n_recent": 0}}, {"type": "Feature", "geometry": {"type": "Polygon", "coordinates": [[[43.25, 39.25], [43.5, 39.25], [43.5, 39.5], [43.25, 39.5], [43.25, 39.25]]]}, "properties": {"risk_index": 23, "annual_rate": 0.0274, "max_mag": 3.8, "n_events": 1, "n_recent": 0}}, {"type": "Feature", "geometry": {"type": "Polygon", "coordinates": [[[42.25, 41.0], [42.5, 41.0], [42.5, 41.25], [42.25, 41.25], [42.25, 41.0]]]}, "properties": {"risk_index": 23, "annual_rate": 0.0549, "max_mag": 3.5, "n_events": 2, "n_recent": 0}}, {"type": "Feature", "geometry": {"type": "Polygon", "coordinates": [[[34.5, 38.5], [34.75, 38.5], [34.75, 38.75], [34.5, 38.75], [34.5, 38.5]]]}, "properties": {"risk_index": 23, "annual_rate": 0.1097, "max_mag": 3.1, "n_events": 4, "n_recent": 0}}, {"type": "Feature", "geometry": {"type": "Polygon", "coordinates": [[[28.25, 39.75], [28.5, 39.75], [28.5, 40.0], [28.25, 40.0], [28.25, 39.75]]]}, "properties": {"risk_index": 23, "annual_rate": 0.0823, "max_mag": 3.3, "n_events": 3, "n_recent": 2}}, {"type": "Feature", "geometry": {"type": "Polygon", "coordinates": [[[41.5, 36.25], [41.75, 36.25], [41.75, 36.5], [41.5, 36.5], [41.5, 36.25]]]}, "properties": {"risk_index": 23, "annual_rate": 0.0549, "max_mag": 3.5, "n_events": 2, "n_recent": 2}}, {"type": "Feature", "geometry": {"type": "Polygon", "coordinates": [[[34.0, 36.0], [34.25, 36.0], [34.25, 36.25], [34.0, 36.25], [34.0, 36.0]]]}, "properties": {"risk_index": 23, "annual_rate": 0.0549, "max_mag": 3.5, "n_events": 2, "n_recent": 1}}, {"type": "Feature", "geometry": {"type": "Polygon", "coordinates": [[[28.75, 41.25], [29.0, 41.25], [29.0, 41.5], [28.75, 41.5], [28.75, 41.25]]]}, "properties": {"risk_index": 23, "annual_rate": 0.0274, "max_mag": 3.8, "n_events": 1, "n_recent": 1}}, {"type": "Feature", "geometry": {"type": "Polygon", "coordinates": [[[33.25, 38.5], [33.5, 38.5], [33.5, 38.75], [33.25, 38.75], [33.25, 38.5]]]}, "properties": {"risk_index": 23, "annual_rate": 0.0549, "max_mag": 3.5, "n_events": 2, "n_recent": 0}}, {"type": "Feature", "geometry": {"type": "Polygon", "coordinates": [[[29.75, 39.75], [30.0, 39.75], [30.0, 40.0], [29.75, 40.0], [29.75, 39.75]]]}, "properties": {"risk_index": 23, "annual_rate": 0.0823, "max_mag": 3.3, "n_events": 3, "n_recent": 0}}, {"type": "Feature", "geometry": {"type": "Polygon", "coordinates": [[[26.75, 41.5], [27.0, 41.5], [27.0, 41.75], [26.75, 41.75], [26.75, 41.5]]]}, "properties": {"risk_index": 23, "annual_rate": 0.0274, "max_mag": 3.8, "n_events": 1, "n_recent": 1}}, {"type": "Feature", "geometry": {"type": "Polygon", "coordinates": [[[37.5, 36.25], [37.75, 36.25], [37.75, 36.5], [37.5, 36.5], [37.5, 36.25]]]}, "properties": {"risk_index": 23, "annual_rate": 0.0823, "max_mag": 3.3, "n_events": 3, "n_recent": 0}}, {"type": "Feature", "geometry": {"type": "Polygon", "coordinates": [[[42.25, 42.25], [42.5, 42.25], [42.5, 42.5], [42.25, 42.5], [42.25, 42.25]]]}, "properties": {"risk_index": 23, "annual_rate": 0.1097, "max_mag": 3.1, "n_events": 4, "n_recent": 0}}, {"type": "Feature", "geometry": {"type": "Polygon", "coordinates": [[[41.0, 38.5], [41.25, 38.5], [41.25, 38.75], [41.0, 38.75], [41.0, 38.5]]]}, "properties": {"risk_index": 23, "annual_rate": 0.1097, "max_mag": 3.1, "n_events": 4, "n_recent": 0}}, {"type": "Feature", "geometry": {"type": "Polygon", "coordinates": [[[37.0, 35.75], [37.25, 35.75], [37.25, 36.0], [37.0, 36.0], [37.0, 35.75]]]}, "properties": {"risk_index": 23, "annual_rate": 0.0823, "max_mag": 3.3, "n_events": 3, "n_recent": 0}}, {"type": "Feature", "geometry": {"type": "Polygon", "coordinates": [[[27.75, 37.25], [28.0, 37.25], [28.0, 37.5], [27.75, 37.5], [27.75, 37.25]]]}, "properties": {"risk_index": 23, "annual_rate": 0.1097, "max_mag": 3.1, "n_events": 4, "n_recent": 1}}, {"type": "Feature", "geometry": {"type": "Polygon", "coordinates": [[[32.25, 37.5], [32.5, 37.5], [32.5, 37.75], [32.25, 37.75], [32.25, 37.5]]]}, "properties": {"risk_index": 23, "annual_rate": 0.0823, "max_mag": 3.3, "n_events": 3, "n_recent": 0}}, {"type": "Feature", "geometry": {"type": "Polygon", "coordinates": [[[43.5, 40.75], [43.75, 40.75], [43.75, 41.0], [43.5, 41.0], [43.5, 40.75]]]}, "properties": {"risk_index": 23, "annual_rate": 0.1097, "max_mag": 3.1, "n_events": 4, "n_recent": 1}}, {"type": "Feature", "geometry": {"type": "Polygon", "coordinates": [[[36.75, 38.25], [37.0, 38.25], [37.0, 38.5], [36.75, 38.5], [36.75, 38.25]]]}, "properties": {"risk_index": 23, "annual_rate": 0.1097, "max_mag": 3.1, "n_events": 4, "n_recent": 1}}, {"type": "Feature", "geometry": {"type": "Polygon", "coordinates": [[[25.75, 41.0], [26.0, 41.0], [26.0, 41.25], [25.75, 41.25], [25.75, 41.0]]]}, "properties": {"risk_index": 23, "annual_rate": 0.0823, "max_mag": 3.3, "n_events": 3, "n_recent": 1}}, {"type": "Feature", "geometry": {"type": "Polygon", "coordinates": [[[34.5, 39.25], [34.75, 39.25], [34.75, 39.5], [34.5, 39.5], [34.5, 39.25]]]}, "properties": {"risk_index": 23, "annual_rate": 0.0823, "max_mag": 3.3, "n_events": 3, "n_recent": 0}}, {"type": "Feature", "geometry": {"type": "Polygon", "coordinates": [[[38.0, 39.75], [38.25, 39.75], [38.25, 40.0], [38.0, 40.0], [38.0, 39.75]]]}, "properties": {"risk_index": 23, "annual_rate": 0.0823, "max_mag": 3.3, "n_events": 3, "n_recent": 0}}, {"type": "Feature", "geometry": {"type": "Polygon", "coordinates": [[[41.25, 37.75], [41.5, 37.75], [41.5, 38.0], [41.25, 38.0], [41.25, 37.75]]]}, "properties": {"risk_index": 23, "annual_rate": 0.0823, "max_mag": 3.3, "n_events": 3, "n_recent": 2}}, {"type": "Feature", "geometry": {"type": "Polygon", "coordinates": [[[44.75, 36.0], [45.0, 36.0], [45.0, 36.25], [44.75, 36.25], [44.75, 36.0]]]}, "properties": {"risk_index": 23, "annual_rate": 0.0549, "max_mag": 3.5, "n_events": 2, "n_recent": 2}}, {"type": "Feature", "geometry": {"type": "Polygon", "coordinates": [[[29.75, 36.25], [30.0, 36.25], [30.0, 36.5], [29.75, 36.5], [29.75, 36.25]]]}, "properties": {"risk_index": 23, "annual_rate": 0.0823, "max_mag": 3.3, "n_events": 3, "n_recent": 0}}, {"type": "Feature", "geometry": {"type": "Polygon", "coordinates": [[[26.25, 41.75], [26.5, 41.75], [26.5, 42.0], [26.25, 42.0], [26.25, 41.75]]]}, "properties": {"risk_index": 23, "annual_rate": 0.0823, "max_mag": 3.3, "n_events": 3, "n_recent": 0}}, {"type": "Feature", "geometry": {"type": "Polygon", "coordinates": [[[42.25, 35.75], [42.5, 35.75], [42.5, 36.0], [42.25, 36.0], [42.25, 35.75]]]}, "properties": {"risk_index": 23, "annual_rate": 0.0274, "max_mag": 3.8, "n_events": 1, "n_recent": 1}}, {"type": "Feature", "geometry": {"type": "Polygon", "coordinates": [[[28.75, 41.0], [29.0, 41.0], [29.0, 41.25], [28.75, 41.25], [28.75, 41.0]]]}, "properties": {"risk_index": 23, "annual_rate": 0.0549, "max_mag": 3.5, "n_events": 2, "n_recent": 1}}, {"type": "Feature", "geometry": {"type": "Polygon", "coordinates": [[[44.75, 37.75], [45.0, 37.75], [45.0, 38.0], [44.75, 38.0], [44.75, 37.75]]]}, "properties": {"risk_index": 23, "annual_rate": 0.0274, "max_mag": 3.8, "n_events": 1, "n_recent": 0}}, {"type": "Feature", "geometry": {"type": "Polygon", "coordinates": [[[37.0, 42.0], [37.25, 42.0], [37.25, 42.25], [37.0, 42.25], [37.0, 42.0]]]}, "properties": {"risk_index": 23, "annual_rate": 0.0823, "max_mag": 3.3, "n_events": 3, "n_recent": 3}}, {"type": "Feature", "geometry": {"type": "Polygon", "coordinates": [[[40.75, 40.5], [41.0, 40.5], [41.0, 40.75], [40.75, 40.75], [40.75, 40.5]]]}, "properties": {"risk_index": 23, "annual_rate": 0.0823, "max_mag": 3.3, "n_events": 3, "n_recent": 1}}, {"type": "Feature", "geometry": {"type": "Polygon", "coordinates": [[[36.75, 35.5], [37.0, 35.5], [37.0, 35.75], [36.75, 35.75], [36.75, 35.5]]]}, "properties": {"risk_index": 23, "annual_rate": 0.0549, "max_mag": 3.5, "n_events": 2, "n_recent": 1}}, {"type": "Feature", "geometry": {"type": "Polygon", "coordinates": [[[40.0, 35.75], [40.25, 35.75], [40.25, 36.0], [40.0, 36.0], [40.0, 35.75]]]}, "properties": {"risk_index": 23, "annual_rate": 0.0549, "max_mag": 3.5, "n_events": 2, "n_recent": 1}}, {"type": "Feature", "geometry": {"type": "Polygon", "coordinates": [[[41.25, 36.75], [41.5, 36.75], [41.5, 37.0], [41.25, 37.0], [41.25, 36.75]]]}, "properties": {"risk_index": 23, "annual_rate": 0.0274, "max_mag": 3.8, "n_events": 1, "n_recent": 1}}, {"type": "Feature", "geometry": {"type": "Polygon", "coordinates": [[[35.5, 42.0], [35.75, 42.0], [35.75, 42.25], [35.5, 42.25], [35.5, 42.0]]]}, "properties": {"risk_index": 21, "annual_rate": 0.0274, "max_mag": 3.7, "n_events": 1, "n_recent": 0}}, {"type": "Feature", "geometry": {"type": "Polygon", "coordinates": [[[40.75, 35.75], [41.0, 35.75], [41.0, 36.0], [40.75, 36.0], [40.75, 35.75]]]}, "properties": {"risk_index": 21, "annual_rate": 0.0823, "max_mag": 3.2, "n_events": 3, "n_recent": 2}}, {"type": "Feature", "geometry": {"type": "Polygon", "coordinates": [[[26.75, 41.0], [27.0, 41.0], [27.0, 41.25], [26.75, 41.25], [26.75, 41.0]]]}, "properties": {"risk_index": 21, "annual_rate": 0.0274, "max_mag": 3.7, "n_events": 1, "n_recent": 0}}, {"type": "Feature", "geometry": {"type": "Polygon", "coordinates": [[[43.25, 39.5], [43.5, 39.5], [43.5, 39.75], [43.25, 39.75], [43.25, 39.5]]]}, "properties": {"risk_index": 21, "annual_rate": 0.0549, "max_mag": 3.4, "n_events": 2, "n_recent": 0}}, {"type": "Feature", "geometry": {"type": "Polygon", "coordinates": [[[44.5, 35.75], [44.75, 35.75], [44.75, 36.0], [44.5, 36.0], [44.5, 35.75]]]}, "properties": {"risk_index": 21, "annual_rate": 0.0274, "max_mag": 3.7, "n_events": 1, "n_recent": 1}}, {"type": "Feature", "geometry": {"type": "Polygon", "coordinates": [[[36.75, 40.0], [37.0, 40.0], [37.0, 40.25], [36.75, 40.25], [36.75, 40.0]]]}, "properties": {"risk_index": 21, "annual_rate": 0.0549, "max_mag": 3.4, "n_events": 2, "n_recent": 0}}, {"type": "Feature", "geometry": {"type": "Polygon", "coordinates": [[[39.75, 36.5], [40.0, 36.5], [40.0, 36.75], [39.75, 36.75], [39.75, 36.5]]]}, "properties": {"risk_index": 21, "annual_rate": 0.0274, "max_mag": 3.7, "n_events": 1, "n_recent": 0}}, {"type": "Feature", "geometry": {"type": "Polygon", "coordinates": [[[38.25, 36.5], [38.5, 36.5], [38.5, 36.75], [38.25, 36.75], [38.25, 36.5]]]}, "properties": {"risk_index": 21, "annual_rate": 0.0823, "max_mag": 3.2, "n_events": 3, "n_recent": 0}}, {"type": "Feature", "geometry": {"type": "Polygon", "coordinates": [[[32.25, 41.25], [32.5, 41.25], [32.5, 41.5], [32.25, 41.5], [32.25, 41.25]]]}, "properties": {"risk_index": 21, "annual_rate": 0.0274, "max_mag": 3.7, "n_events": 1, "n_recent": 0}}, {"type": "Feature", "geometry": {"type": "Polygon", "coordinates": [[[34.75, 39.5], [35.0, 39.5], [35.0, 39.75], [34.75, 39.75], [34.75, 39.5]]]}, "properties": {"risk_index": 21, "annual_rate": 0.0823, "max_mag": 3.2, "n_events": 3, "n_recent": 0}}, {"type": "Feature", "geometry": {"type": "Polygon", "coordinates": [[[33.0, 37.5], [33.25, 37.5], [33.25, 37.75], [33.0, 37.75], [33.0, 37.5]]]}, "properties": {"risk_index": 21, "annual_rate": 0.0274, "max_mag": 3.7, "n_events": 1, "n_recent": 0}}, {"type": "Feature", "geometry": {"type": "Polygon", "coordinates": [[[34.0, 38.25], [34.25, 38.25], [34.25, 38.5], [34.0, 38.5], [34.0, 38.25]]]}, "properties": {"risk_index": 21, "annual_rate": 0.0823, "max_mag": 3.2, "n_events": 3, "n_recent": 0}}, {"type": "Feature", "geometry": {"type": "Polygon", "coordinates": [[[44.25, 41.25], [44.5, 41.25], [44.5, 41.5], [44.25, 41.5], [44.25, 41.25]]]}, "properties": {"risk_index": 21, "annual_rate": 0.0549, "max_mag": 3.4, "n_events": 2, "n_recent": 0}}, {"type": "Feature", "geometry": {"type": "Polygon", "coordinates": [[[34.75, 39.25], [35.0, 39.25], [35.0, 39.5], [34.75, 39.5], [34.75, 39.25]]]}, "properties": {"risk_index": 21, "annual_rate": 0.0823, "max_mag": 3.2, "n_events": 3, "n_recent": 0}}, {"type": "Feature", "geometry": {"type": "Polygon", "coordinates": [[[28.25, 41.5], [28.5, 41.5], [28.5, 41.75], [28.25, 41.75], [28.25, 41.5]]]}, "properties": {"risk_index": 21, "annual_rate": 0.0549, "max_mag": 3.4, "n_events": 2, "n_recent": 0}}, {"type": "Feature", "geometry": {"type": "Polygon", "coordinates": [[[25.5, 42.0], [25.75, 42.0], [25.75, 42.25], [25.5, 42.25], [25.5, 42.0]]]}, "properties": {"risk_index": 21, "annual_rate": 0.0274, "max_mag": 3.7, "n_events": 1, "n_recent": 1}}, {"type": "Feature", "geometry": {"type": "Polygon", "coordinates": [[[34.5, 38.25], [34.75, 38.25], [34.75, 38.5], [34.5, 38.5], [34.5, 38.25]]]}, "properties": {"risk_index": 21, "annual_rate": 0.0549, "max_mag": 3.4, "n_events": 2, "n_recent": 0}}, {"type": "Feature", "geometry": {"type": "Polygon", "coordinates": [[[42.25, 42.0], [42.5, 42.0], [42.5, 42.25], [42.25, 42.25], [42.25, 42.0]]]}, "properties": {"risk_index": 21, "annual_rate": 0.0823, "max_mag": 3.2, "n_events": 3, "n_recent": 0}}, {"type": "Feature", "geometry": {"type": "Polygon", "coordinates": [[[36.0, 41.5], [36.25, 41.5], [36.25, 41.75], [36.0, 41.75], [36.0, 41.5]]]}, "properties": {"risk_index": 21, "annual_rate": 0.0823, "max_mag": 3.2, "n_events": 3, "n_recent": 0}}, {"type": "Feature", "geometry": {"type": "Polygon", "coordinates": [[[32.0, 36.5], [32.25, 36.5], [32.25, 36.75], [32.0, 36.75], [32.0, 36.5]]]}, "properties": {"risk_index": 21, "annual_rate": 0.0549, "max_mag": 3.4, "n_events": 2, "n_recent": 0}}, {"type": "Feature", "geometry": {"type": "Polygon", "coordinates": [[[41.75, 41.75], [42.0, 41.75], [42.0, 42.0], [41.75, 42.0], [41.75, 41.75]]]}, "properties": {"risk_index": 21, "annual_rate": 0.0823, "max_mag": 3.2, "n_events": 3, "n_recent": 2}}, {"type": "Feature", "geometry": {"type": "Polygon", "coordinates": [[[42.25, 41.25], [42.5, 41.25], [42.5, 41.5], [42.25, 41.5], [42.25, 41.25]]]}, "properties": {"risk_index": 21, "annual_rate": 0.0549, "max_mag": 3.4, "n_events": 2, "n_recent": 0}}, {"type": "Feature", "geometry": {"type": "Polygon", "coordinates": [[[35.75, 38.25], [36.0, 38.25], [36.0, 38.5], [35.75, 38.5], [35.75, 38.25]]]}, "properties": {"risk_index": 21, "annual_rate": 0.0823, "max_mag": 3.2, "n_events": 3, "n_recent": 0}}, {"type": "Feature", "geometry": {"type": "Polygon", "coordinates": [[[39.75, 36.25], [40.0, 36.25], [40.0, 36.5], [39.75, 36.5], [39.75, 36.25]]]}, "properties": {"risk_index": 21, "annual_rate": 0.0823, "max_mag": 3.2, "n_events": 3, "n_recent": 1}}, {"type": "Feature", "geometry": {"type": "Polygon", "coordinates": [[[36.25, 39.0], [36.5, 39.0], [36.5, 39.25], [36.25, 39.25], [36.25, 39.0]]]}, "properties": {"risk_index": 21, "annual_rate": 0.0823, "max_mag": 3.2, "n_events": 3, "n_recent": 0}}, {"type": "Feature", "geometry": {"type": "Polygon", "coordinates": [[[30.75, 40.0], [31.0, 40.0], [31.0, 40.25], [30.75, 40.25], [30.75, 40.0]]]}, "properties": {"risk_index": 21, "annual_rate": 0.0823, "max_mag": 3.2, "n_events": 3, "n_recent": 0}}, {"type": "Feature", "geometry": {"type": "Polygon", "coordinates": [[[28.25, 38.5], [28.5, 38.5], [28.5, 38.75], [28.25, 38.75], [28.25, 38.5]]]}, "properties": {"risk_index": 21, "annual_rate": 0.0823, "max_mag": 3.2, "n_events": 3, "n_recent": 0}}, {"type": "Feature", "geometry": {"type": "Polygon", "coordinates": [[[30.0, 39.5], [30.25, 39.5], [30.25, 39.75], [30.0, 39.75], [30.0, 39.5]]]}, "properties": {"risk_index": 21, "annual_rate": 0.1097, "max_mag": 3.0, "n_events": 4, "n_recent": 0}}, {"type": "Feature", "geometry": {"type": "Polygon", "coordinates": [[[34.5, 37.75], [34.75, 37.75], [34.75, 38.0], [34.5, 38.0], [34.5, 37.75]]]}, "properties": {"risk_index": 21, "annual_rate": 0.0823, "max_mag": 3.2, "n_events": 3, "n_recent": 0}}, {"type": "Feature", "geometry": {"type": "Polygon", "coordinates": [[[39.5, 39.0], [39.75, 39.0], [39.75, 39.25], [39.5, 39.25], [39.5, 39.0]]]}, "properties": {"risk_index": 21, "annual_rate": 0.0823, "max_mag": 3.2, "n_events": 3, "n_recent": 0}}, {"type": "Feature", "geometry": {"type": "Polygon", "coordinates": [[[34.75, 41.75], [35.0, 41.75], [35.0, 42.0], [34.75, 42.0], [34.75, 41.75]]]}, "properties": {"risk_index": 21, "annual_rate": 0.0549, "max_mag": 3.4, "n_events": 2, "n_recent": 0}}, {"type": "Feature", "geometry": {"type": "Polygon", "coordinates": [[[37.0, 39.75], [37.25, 39.75], [37.25, 40.0], [37.0, 40.0], [37.0, 39.75]]]}, "properties": {"risk_index": 21, "annual_rate": 0.0549, "max_mag": 3.4, "n_events": 2, "n_recent": 0}}, {"type": "Feature", "geometry": {"type": "Polygon", "coordinates": [[[39.75, 40.75], [40.0, 40.75], [40.0, 41.0], [39.75, 41.0], [39.75, 40.75]]]}, "properties": {"risk_index": 21, "annual_rate": 0.0823, "max_mag": 3.2, "n_events": 3, "n_recent": 0}}, {"type": "Feature", "geometry": {"type": "Polygon", "coordinates": [[[43.75, 36.0], [44.0, 36.0], [44.0, 36.25], [43.75, 36.25], [43.75, 36.0]]]}, "properties": {"risk_index": 21, "annual_rate": 0.0549, "max_mag": 3.4, "n_events": 2, "n_recent": 1}}, {"type": "Feature", "geometry": {"type": "Polygon", "coordinates": [[[34.75, 41.25], [35.0, 41.25], [35.0, 41.5], [34.75, 41.5], [34.75, 41.25]]]}, "properties": {"risk_index": 21, "annual_rate": 0.0549, "max_mag": 3.4, "n_events": 2, "n_recent": 0}}, {"type": "Feature", "geometry": {"type": "Polygon", "coordinates": [[[36.75, 41.0], [37.0, 41.0], [37.0, 41.25], [36.75, 41.25], [36.75, 41.0]]]}, "properties": {"risk_index": 21, "annual_rate": 0.0549, "max_mag": 3.4, "n_events": 2, "n_recent": 0}}, {"type": "Feature", "geometry": {"type": "Polygon", "coordinates": [[[40.25, 35.5], [40.5, 35.5], [40.5, 35.75], [40.25, 35.75], [40.25, 35.5]]]}, "properties": {"risk_index": 21, "annual_rate": 0.0274, "max_mag": 3.7, "n_events": 1, "n_recent": 1}}, {"type": "Feature", "geometry": {"type": "Polygon", "coordinates": [[[31.0, 42.25], [31.25, 42.25], [31.25, 42.5], [31.0, 42.5], [31.0, 42.25]]]}, "properties": {"risk_index": 21, "annual_rate": 0.0549, "max_mag": 3.4, "n_events": 2, "n_recent": 0}}, {"type": "Feature", "geometry": {"type": "Polygon", "coordinates": [[[42.0, 37.25], [42.25, 37.25], [42.25, 37.5], [42.0, 37.5], [42.0, 37.25]]]}, "properties": {"risk_index": 21, "annual_rate": 0.0549, "max_mag": 3.4, "n_events": 2, "n_recent": 0}}, {"type": "Feature", "geometry": {"type": "Polygon", "coordinates": [[[32.25, 38.75], [32.5, 38.75], [32.5, 39.0], [32.25, 39.0], [32.25, 38.75]]]}, "properties": {"risk_index": 21, "annual_rate": 0.0823, "max_mag": 3.2, "n_events": 3, "n_recent": 0}}, {"type": "Feature", "geometry": {"type": "Polygon", "coordinates": [[[26.5, 42.0], [26.75, 42.0], [26.75, 42.25], [26.5, 42.25], [26.5, 42.0]]]}, "properties": {"risk_index": 21, "annual_rate": 0.0823, "max_mag": 3.2, "n_events": 3, "n_recent": 0}}, {"type": "Feature", "geometry": {"type": "Polygon", "coordinates": [[[25.75, 41.25], [26.0, 41.25], [26.0, 41.5], [25.75, 41.5], [25.75, 41.25]]]}, "properties": {"risk_index": 21, "annual_rate": 0.0274, "max_mag": 3.7, "n_events": 1, "n_recent": 0}}, {"type": "Feature", "geometry": {"type": "Polygon", "coordinates": [[[26.0, 37.0], [26.25, 37.0], [26.25, 37.25], [26.0, 37.25], [26.0, 37.0]]]}, "properties": {"risk_index": 21, "annual_rate": 0.0549, "max_mag": 3.4, "n_events": 2, "n_recent": 0}}, {"type": "Feature", "geometry": {"type": "Polygon", "coordinates": [[[28.0, 41.25], [28.25, 41.25], [28.25, 41.5], [28.0, 41.5], [28.0, 41.25]]]}, "properties": {"risk_index": 21, "annual_rate": 0.0549, "max_mag": 3.4, "n_events": 2, "n_recent": 0}}, {"type": "Feature", "geometry": {"type": "Polygon", "coordinates": [[[41.5, 36.0], [41.75, 36.0], [41.75, 36.25], [41.5, 36.25], [41.5, 36.0]]]}, "properties": {"risk_index": 21, "annual_rate": 0.0823, "max_mag": 3.2, "n_events": 3, "n_recent": 1}}, {"type": "Feature", "geometry": {"type": "Polygon", "coordinates": [[[41.0, 41.25], [41.25, 41.25], [41.25, 41.5], [41.0, 41.5], [41.0, 41.25]]]}, "properties": {"risk_index": 21, "annual_rate": 0.0823, "max_mag": 3.2, "n_events": 3, "n_recent": 2}}, {"type": "Feature", "geometry": {"type": "Polygon", "coordinates": [[[44.5, 36.75], [44.75, 36.75], [44.75, 37.0], [44.5, 37.0], [44.5, 36.75]]]}, "properties": {"risk_index": 21, "annual_rate": 0.0549, "max_mag": 3.4, "n_events": 2, "n_recent": 0}}, {"type": "Feature", "geometry": {"type": "Polygon", "coordinates": [[[40.25, 41.25], [40.5, 41.25], [40.5, 41.5], [40.25, 41.5], [40.25, 41.25]]]}, "properties": {"risk_index": 21, "annual_rate": 0.0823, "max_mag": 3.2, "n_events": 3, "n_recent": 0}}, {"type": "Feature", "geometry": {"type": "Polygon", "coordinates": [[[39.25, 35.75], [39.5, 35.75], [39.5, 36.0], [39.25, 36.0], [39.25, 35.75]]]}, "properties": {"risk_index": 19, "annual_rate": 0.0274, "max_mag": 3.6, "n_events": 1, "n_recent": 0}}, {"type": "Feature", "geometry": {"type": "Polygon", "coordinates": [[[37.75, 41.75], [38.0, 41.75], [38.0, 42.0], [37.75, 42.0], [37.75, 41.75]]]}, "properties": {"risk_index": 19, "annual_rate": 0.0274, "max_mag": 3.6, "n_events": 1, "n_recent": 0}}, {"type": "Feature", "geometry": {"type": "Polygon", "coordinates": [[[39.75, 35.75], [40.0, 35.75], [40.0, 36.0], [39.75, 36.0], [39.75, 35.75]]]}, "properties": {"risk_index": 19, "annual_rate": 0.0274, "max_mag": 3.6, "n_events": 1, "n_recent": 1}}, {"type": "Feature", "geometry": {"type": "Polygon", "coordinates": [[[30.5, 39.25], [30.75, 39.25], [30.75, 39.5], [30.5, 39.5], [30.5, 39.25]]]}, "properties": {"risk_index": 19, "annual_rate": 0.0274, "max_mag": 3.6, "n_events": 1, "n_recent": 1}}, {"type": "Feature", "geometry": {"type": "Polygon", "coordinates": [[[25.5, 41.75], [25.75, 41.75], [25.75, 42.0], [25.5, 42.0], [25.5, 41.75]]]}, "properties": {"risk_index": 19, "annual_rate": 0.0274, "max_mag": 3.6, "n_events": 1, "n_recent": 0}}, {"type": "Feature", "geometry": {"type": "Polygon", "coordinates": [[[32.25, 38.0], [32.5, 38.0], [32.5, 38.25], [32.25, 38.25], [32.25, 38.0]]]}, "properties": {"risk_index": 19, "annual_rate": 0.0274, "max_mag": 3.6, "n_events": 1, "n_recent": 0}}, {"type": "Feature", "geometry": {"type": "Polygon", "coordinates": [[[30.5, 41.0], [30.75, 41.0], [30.75, 41.25], [30.5, 41.25], [30.5, 41.0]]]}, "properties": {"risk_index": 19, "annual_rate": 0.0274, "max_mag": 3.6, "n_events": 1, "n_recent": 0}}, {"type": "Feature", "geometry": {"type": "Polygon", "coordinates": [[[31.75, 41.0], [32.0, 41.0], [32.0, 41.25], [31.75, 41.25], [31.75, 41.0]]]}, "properties": {"risk_index": 19, "annual_rate": 0.0274, "max_mag": 3.6, "n_events": 1, "n_recent": 0}}, {"type": "Feature", "geometry": {"type": "Polygon", "coordinates": [[[34.0, 37.5], [34.25, 37.5], [34.25, 37.75], [34.0, 37.75], [34.0, 37.5]]]}, "properties": {"risk_index": 19, "annual_rate": 0.0274, "max_mag": 3.6, "n_events": 1, "n_recent": 0}}, {"type": "Feature", "geometry": {"type": "Polygon", "coordinates": [[[41.75, 41.5], [42.0, 41.5], [42.0, 41.75], [41.75, 41.75], [41.75, 41.5]]]}, "properties": {"risk_index": 19, "annual_rate": 0.0274, "max_mag": 3.6, "n_events": 1, "n_recent": 1}}, {"type": "Feature", "geometry": {"type": "Polygon", "coordinates": [[[44.0, 41.75], [44.25, 41.75], [44.25, 42.0], [44.0, 42.0], [44.0, 41.75]]]}, "properties": {"risk_index": 19, "annual_rate": 0.0274, "max_mag": 3.6, "n_events": 1, "n_recent": 1}}, {"type": "Feature", "geometry": {"type": "Polygon", "coordinates": [[[33.5, 35.75], [33.75, 35.75], [33.75, 36.0], [33.5, 36.0], [33.5, 35.75]]]}, "properties": {"risk_index": 18, "annual_rate": 0.0823, "max_mag": 3.1, "n_events": 3, "n_recent": 0}}, {"type": "Feature", "geometry": {"type": "Polygon", "coordinates": [[[42.25, 41.5], [42.5, 41.5], [42.5, 41.75], [42.25, 41.75], [42.25, 41.5]]]}, "properties": {"risk_index": 18, "annual_rate": 0.0549, "max_mag": 3.3, "n_events": 2, "n_recent": 0}}, {"type": "Feature", "geometry": {"type": "Polygon", "coordinates": [[[44.75, 37.25], [45.0, 37.25], [45.0, 37.5], [44.75, 37.5], [44.75, 37.25]]]}, "properties": {"risk_index": 18, "annual_rate": 0.0549, "max_mag": 3.3, "n_events": 2, "n_recent": 1}}, {"type": "Feature", "geometry": {"type": "Polygon", "coordinates": [[[43.0, 41.25], [43.25, 41.25], [43.25, 41.5], [43.0, 41.5], [43.0, 41.25]]]}, "properties": {"risk_index": 18, "annual_rate": 0.0823, "max_mag": 3.1, "n_events": 3, "n_recent": 0}}, {"type": "Feature", "geometry": {"type": "Polygon", "coordinates": [[[40.25, 41.75], [40.5, 41.75], [40.5, 42.0], [40.25, 42.0], [40.25, 41.75]]]}, "properties": {"risk_index": 18, "annual_rate": 0.0549, "max_mag": 3.3, "n_events": 2, "n_recent": 0}}, {"type": "Feature", "geometry": {"type": "Polygon", "coordinates": [[[39.75, 35.5], [40.0, 35.5], [40.0, 35.75], [39.75, 35.75], [39.75, 35.5]]]}, "properties": {"risk_index": 18, "annual_rate": 0.0823, "max_mag": 3.1, "n_events": 3, "n_recent": 2}}, {"type": "Feature", "geometry": {"type": "Polygon", "coordinates": [[[32.5, 41.25], [32.75, 41.25], [32.75, 41.5], [32.5, 41.5], [32.5, 41.25]]]}, "properties": {"risk_index": 18, "annual_rate": 0.0823, "max_mag": 3.1, "n_events": 3, "n_recent": 0}}, {"type": "Feature", "geometry": {"type": "Polygon", "coordinates": [[[41.75, 42.25], [42.0, 42.25], [42.0, 42.5], [41.75, 42.5], [41.75, 42.25]]]}, "properties": {"risk_index": 18, "annual_rate": 0.0549, "max_mag": 3.3, "n_events": 2, "n_recent": 0}}, {"type": "Feature", "geometry": {"type": "Polygon", "coordinates": [[[33.5, 41.75], [33.75, 41.75], [33.75, 42.0], [33.5, 42.0], [33.5, 41.75]]]}, "properties": {"risk_index": 18, "annual_rate": 0.0823, "max_mag": 3.1, "n_events": 3, "n_recent": 0}}, {"type": "Feature", "geometry": {"type": "Polygon", "coordinates": [[[44.75, 41.75], [45.0, 41.75], [45.0, 42.0], [44.75, 42.0], [44.75, 41.75]]]}, "properties": {"risk_index": 18, "annual_rate": 0.0823, "max_mag": 3.1, "n_events": 3, "n_recent": 0}}, {"type": "Feature", "geometry": {"type": "Polygon", "coordinates": [[[44.5, 37.25], [44.75, 37.25], [44.75, 37.5], [44.5, 37.5], [44.5, 37.25]]]}, "properties": {"risk_index": 18, "annual_rate": 0.0823, "max_mag": 3.1, "n_events": 3, "n_recent": 1}}, {"type": "Feature", "geometry": {"type": "Polygon", "coordinates": [[[30.75, 39.25], [31.0, 39.25], [31.0, 39.5], [30.75, 39.5], [30.75, 39.25]]]}, "properties": {"risk_index": 18, "annual_rate": 0.0823, "max_mag": 3.1, "n_events": 3, "n_recent": 0}}, {"type": "Feature", "geometry": {"type": "Polygon", "coordinates": [[[33.5, 37.25], [33.75, 37.25], [33.75, 37.5], [33.5, 37.5], [33.5, 37.25]]]}, "properties": {"risk_index": 18, "annual_rate": 0.0549, "max_mag": 3.3, "n_events": 2, "n_recent": 1}}, {"type": "Feature", "geometry": {"type": "Polygon", "coordinates": [[[36.0, 39.25], [36.25, 39.25], [36.25, 39.5], [36.0, 39.5], [36.0, 39.25]]]}, "properties": {"risk_index": 18, "annual_rate": 0.0549, "max_mag": 3.3, "n_events": 2, "n_recent": 0}}, {"type": "Feature", "geometry": {"type": "Polygon", "coordinates": [[[33.5, 37.5], [33.75, 37.5], [33.75, 37.75], [33.5, 37.75], [33.5, 37.5]]]}, "properties": {"risk_index": 18, "annual_rate": 0.0823, "max_mag": 3.1, "n_events": 3, "n_recent": 1}}, {"type": "Feature", "geometry": {"type": "Polygon", "coordinates": [[[31.75, 40.5], [32.0, 40.5], [32.0, 40.75], [31.75, 40.75], [31.75, 40.5]]]}, "properties": {"risk_index": 18, "annual_rate": 0.0549, "max_mag": 3.3, "n_events": 2, "n_recent": 0}}, {"type": "Feature", "geometry": {"type": "Polygon", "coordinates": [[[33.0, 36.5], [33.25, 36.5], [33.25, 36.75], [33.0, 36.75], [33.0, 36.5]]]}, "properties": {"risk_index": 18, "annual_rate": 0.0549, "max_mag": 3.3, "n_events": 2, "n_recent": 1}}, {"type": "Feature", "geometry": {"type": "Polygon", "coordinates": [[[31.5, 37.75], [31.75, 37.75], [31.75, 38.0], [31.5, 38.0], [31.5, 37.75]]]}, "properties": {"risk_index": 18, "annual_rate": 0.0823, "max_mag": 3.1, "n_events": 3, "n_recent": 0}}, {"type": "Feature", "geometry": {"type": "Polygon", "coordinates": [[[31.75, 39.25], [32.0, 39.25], [32.0, 39.5], [31.75, 39.5], [31.75, 39.25]]]}, "properties": {"risk_index": 18, "annual_rate": 0.0823, "max_mag": 3.1, "n_events": 3, "n_recent": 1}}, {"type": "Feature", "geometry": {"type": "Polygon", "coordinates": [[[36.75, 36.0], [37.0, 36.0], [37.0, 36.25], [36.75, 36.25], [36.75, 36.0]]]}, "properties": {"risk_index": 18, "annual_rate": 0.0823, "max_mag": 3.1, "n_events": 3, "n_recent": 0}}, {"type": "Feature", "geometry": {"type": "Polygon", "coordinates": [[[40.5, 36.0], [40.75, 36.0], [40.75, 36.25], [40.5, 36.25], [40.5, 36.0]]]}, "properties": {"risk_index": 18, "annual_rate": 0.0549, "max_mag": 3.3, "n_events": 2, "n_recent": 0}}, {"type": "Feature", "geometry": {"type": "Polygon", "coordinates": [[[30.75, 39.0], [31.0, 39.0], [31.0, 39.25], [30.75, 39.25], [30.75, 39.0]]]}, "properties": {"risk_index": 18, "annual_rate": 0.0823, "max_mag": 3.1, "n_events": 3, "n_recent": 0}}, {"type": "Feature", "geometry": {"type": "Polygon", "coordinates": [[[32.5, 36.0], [32.75, 36.0], [32.75, 36.25], [32.5, 36.25], [32.5, 36.0]]]}, "properties": {"risk_index": 18, "annual_rate": 0.0549, "max_mag": 3.3, "n_events": 2, "n_recent": 1}}, {"type": "Feature", "geometry": {"type": "Polygon", "coordinates": [[[37.25, 36.5], [37.5, 36.5], [37.5, 36.75], [37.25, 36.75], [37.25, 36.5]]]}, "properties": {"risk_index": 18, "annual_rate": 0.0823, "max_mag": 3.1, "n_events": 3, "n_recent": 0}}, {"type": "Feature", "geometry": {"type": "Polygon", "coordinates": [[[44.5, 39.75], [44.75, 39.75], [44.75, 40.0], [44.5, 40.0], [44.5, 39.75]]]}, "properties": {"risk_index": 18, "annual_rate": 0.0549, "max_mag": 3.3, "n_events": 2, "n_recent": 0}}, {"type": "Feature", "geometry": {"type": "Polygon", "coordinates": [[[42.5, 40.25], [42.75, 40.25], [42.75, 40.5], [42.5, 40.5], [42.5, 40.25]]]}, "properties": {"risk_index": 18, "annual_rate": 0.0549, "max_mag": 3.3, "n_events": 2, "n_recent": 0}}, {"type": "Feature", "geometry": {"type": "Polygon", "coordinates": [[[42.0, 37.5], [42.25, 37.5], [42.25, 37.75], [42.0, 37.75], [42.0, 37.5]]]}, "properties": {"risk_index": 18, "annual_rate": 0.0549, "max_mag": 3.3, "n_events": 2, "n_recent": 1}}, {"type": "Feature", "geometry": {"type": "Polygon", "coordinates": [[[34.25, 39.25], [34.5, 39.25], [34.5, 39.5], [34.25, 39.5], [34.25, 39.25]]]}, "properties": {"risk_index": 18, "annual_rate": 0.0823, "max_mag": 3.1, "n_events": 3, "n_recent": 0}}, {"type": "Feature", "geometry": {"type": "Polygon", "coordinates": [[[40.25, 40.25], [40.5, 40.25], [40.5, 40.5], [40.25, 40.5], [40.25, 40.25]]]}, "properties": {"risk_index": 18, "annual_rate": 0.0823, "max_mag": 3.1, "n_events": 3, "n_recent": 0}}, {"type": "Feature", "geometry": {"type": "Polygon", "coordinates": [[[34.25, 39.75], [34.5, 39.75], [34.5, 40.0], [34.25, 40.0], [34.25, 39.75]]]}, "properties": {"risk_index": 18, "annual_rate": 0.0549, "max_mag": 3.3, "n_events": 2, "n_recent": 0}}, {"type": "Feature", "geometry": {"type": "Polygon", "coordinates": [[[37.5, 39.0], [37.75, 39.0], [37.75, 39.25], [37.5, 39.25], [37.5, 39.0]]]}, "properties": {"risk_index": 18, "annual_rate": 0.0549, "max_mag": 3.3, "n_events": 2, "n_recent": 0}}, {"type": "Feature", "geometry": {"type": "Polygon", "coordinates": [[[40.5, 36.25], [40.75, 36.25], [40.75, 36.5], [40.5, 36.5], [40.5, 36.25]]]}, "properties": {"risk_index": 18, "annual_rate": 0.0549, "max_mag": 3.3, "n_events": 2, "n_recent": 0}}, {"type": "Feature", "geometry": {"type": "Polygon", "coordinates": [[[37.75, 39.75], [38.0, 39.75], [38.0, 40.0], [37.75, 40.0], [37.75, 39.75]]]}, "properties": {"risk_index": 18, "annual_rate": 0.0823, "max_mag": 3.1, "n_events": 3, "n_recent": 0}}, {"type": "Feature", "geometry": {"type": "Polygon", "coordinates": [[[29.0, 38.25], [29.25, 38.25], [29.25, 38.5], [29.0, 38.5], [29.0, 38.25]]]}, "properties": {"risk_index": 18, "annual_rate": 0.0823, "max_mag": 3.1, "n_events": 3, "n_recent": 0}}, {"type": "Feature", "geometry": {"type": "Polygon", "coordinates": [[[31.25, 37.5], [31.5, 37.5], [31.5, 37.75], [31.25, 37.75], [31.25, 37.5]]]}, "properties": {"risk_index": 18, "annual_rate": 0.0549, "max_mag": 3.3, "n_events": 2, "n_recent": 0}}, {"type": "Feature", "geometry": {"type": "Polygon", "coordinates": [[[35.25, 40.0], [35.5, 40.0], [35.5, 40.25], [35.25, 40.25], [35.25, 40.0]]]}, "properties": {"risk_index": 17, "annual_rate": 0.0823, "max_mag": 3.0, "n_events": 3, "n_recent": 1}}, {"type": "Feature", "geometry": {"type": "Polygon", "coordinates": [[[31.75, 39.5], [32.0, 39.5], [32.0, 39.75], [31.75, 39.75], [31.75, 39.5]]]}, "properties": {"risk_index": 17, "annual_rate": 0.0823, "max_mag": 3.0, "n_events": 3, "n_recent": 0}}, {"type": "Feature", "geometry": {"type": "Polygon", "coordinates": [[[34.0, 37.25], [34.25, 37.25], [34.25, 37.5], [34.0, 37.5], [34.0, 37.25]]]}, "properties": {"risk_index": 17, "annual_rate": 0.0823, "max_mag": 3.0, "n_events": 3, "n_recent": 0}}, {"type": "Feature", "geometry": {"type": "Polygon", "coordinates": [[[29.5, 41.0], [29.75, 41.0], [29.75, 41.25], [29.5, 41.25], [29.5, 41.0]]]}, "properties": {"risk_index": 17, "annual_rate": 0.0823, "max_mag": 3.0, "n_events": 3, "n_recent": 0}}, {"type": "Feature", "geometry": {"type": "Polygon", "coordinates": [[[37.0, 36.0], [37.25, 36.0], [37.25, 36.25], [37.0, 36.25], [37.0, 36.0]]]}, "properties": {"risk_index": 17, "annual_rate": 0.0823, "max_mag": 3.0, "n_events": 3, "n_recent": 0}}, {"type": "Feature", "geometry": {"type": "Polygon", "coordinates": [[[40.5, 41.0], [40.75, 41.0], [40.75, 41.25], [40.5, 41.25], [40.5, 41.0]]]}, "properties": {"risk_index": 17, "annual_rate": 0.0823, "max_mag": 3.0, "n_events": 3, "n_recent": 1}}, {"type": "Feature", "geometry": {"type": "Polygon", "coordinates": [[[32.25, 42.0], [32.5, 42.0], [32.5, 42.25], [32.25, 42.25], [32.25, 42.0]]]}, "properties": {"risk_index": 16, "annual_rate": 0.0274, "max_mag": 3.5, "n_events": 1, "n_recent": 0}}, {"type": "Feature", "geometry": {"type": "Polygon", "coordinates": [[[44.75, 39.0], [45.0, 39.0], [45.0, 39.25], [44.75, 39.25], [44.75, 39.0]]]}, "properties": {"risk_index": 16, "annual_rate": 0.0549, "max_mag": 3.2, "n_events": 2, "n_recent": 0}}, {"type": "Feature", "geometry": {"type": "Polygon", "coordinates": [[[37.75, 36.5], [38.0, 36.5], [38.0, 36.75], [37.75, 36.75], [37.75, 36.5]]]}, "properties": {"risk_index": 16, "annual_rate": 0.0274, "max_mag": 3.5, "n_events": 1, "n_recent": 0}}, {"type": "Feature", "geometry": {"type": "Polygon", "coordinates": [[[38.5, 35.5], [38.75, 35.5], [38.75, 35.75], [38.5, 35.75], [38.5, 35.5]]]}, "properties": {"risk_index": 16, "annual_rate": 0.0274, "max_mag": 3.5, "n_events": 1, "n_recent": 0}}, {"type": "Feature", "geometry": {"type": "Polygon", "coordinates": [[[34.5, 38.0], [34.75, 38.0], [34.75, 38.25], [34.5, 38.25], [34.5, 38.0]]]}, "properties": {"risk_index": 16, "annual_rate": 0.0549, "max_mag": 3.2, "n_events": 2, "n_recent": 0}}, {"type": "Feature", "geometry": {"type": "Polygon", "coordinates": [[[39.25, 41.0], [39.5, 41.0], [39.5, 41.25], [39.25, 41.25], [39.25, 41.0]]]}, "properties": {"risk_index": 16, "annual_rate": 0.0549, "max_mag": 3.2, "n_events": 2, "n_recent": 0}}, {"type": "Feature", "geometry": {"type": "Polygon", "coordinates": [[[34.75, 40.0], [35.0, 40.0], [35.0, 40.25], [34.75, 40.25], [34.75, 40.0]]]}, "properties": {"risk_index": 16, "annual_rate": 0.0549, "max_mag": 3.2, "n_events": 2, "n_recent": 0}}, {"type": "Feature", "geometry": {"type": "Polygon", "coordinates": [[[33.25, 42.0], [33.5, 42.0], [33.5, 42.25], [33.25, 42.25], [33.25, 42.0]]]}, "properties": {"risk_index": 16, "annual_rate": 0.0274, "max_mag": 3.5, "n_events": 1, "n_recent": 0}}, {"type": "Feature", "geometry": {"type": "Polygon", "coordinates": [[[37.0, 41.25], [37.25, 41.25], [37.25, 41.5], [37.0, 41.5], [37.0, 41.25]]]}, "properties": {"risk_index": 16, "annual_rate": 0.0549, "max_mag": 3.2, "n_events": 2, "n_recent": 0}}, {"type": "Feature", "geometry": {"type": "Polygon", "coordinates": [[[32.0, 40.5], [32.25, 40.5], [32.25, 40.75], [32.0, 40.75], [32.0, 40.5]]]}, "properties": {"risk_index": 16, "annual_rate": 0.0549, "max_mag": 3.2, "n_events": 2, "n_recent": 0}}, {"type": "Feature", "geometry": {"type": "Polygon", "coordinates": [[[25.75, 41.5], [26.0, 41.5], [26.0, 41.75], [25.75, 41.75], [25.75, 41.5]]]}, "properties": {"risk_index": 16, "annual_rate": 0.0549, "max_mag": 3.2, "n_events": 2, "n_recent": 1}}, {"type": "Feature", "geometry": {"type": "Polygon", "coordinates": [[[33.5, 39.25], [33.75, 39.25], [33.75, 39.5], [33.5, 39.5], [33.5, 39.25]]]}, "properties": {"risk_index": 16, "annual_rate": 0.0549, "max_mag": 3.2, "n_events": 2, "n_recent": 0}}, {"type": "Feature", "geometry": {"type": "Polygon", "coordinates": [[[39.75, 41.5], [40.0, 41.5], [40.0, 41.75], [39.75, 41.75], [39.75, 41.5]]]}, "properties": {"risk_index": 16, "annual_rate": 0.0274, "max_mag": 3.5, "n_events": 1, "n_recent": 0}}, {"type": "Feature", "geometry": {"type": "Polygon", "coordinates": [[[36.5, 41.5], [36.75, 41.5], [36.75, 41.75], [36.5, 41.75], [36.5, 41.5]]]}, "properties": {"risk_index": 16, "annual_rate": 0.0274, "max_mag": 3.5, "n_events": 1, "n_recent": 0}}, {"type": "Feature", "geometry": {"type": "Polygon", "coordinates": [[[38.25, 40.25], [38.5, 40.25], [38.5, 40.5], [38.25, 40.5], [38.25, 40.25]]]}, "properties": {"risk_index": 16, "annual_rate": 0.0549, "max_mag": 3.2, "n_events": 2, "n_recent": 0}}, {"type": "Feature", "geometry": {"type": "Polygon", "coordinates": [[[42.25, 36.25], [42.5, 36.25], [42.5, 36.5], [42.25, 36.5], [42.25, 36.25]]]}, "properties": {"risk_index": 16, "annual_rate": 0.0549, "max_mag": 3.2, "n_events": 2, "n_recent": 1}}, {"type": "Feature", "geometry": {"type": "Polygon", "coordinates": [[[42.5, 36.25], [42.75, 36.25], [42.75, 36.5], [42.5, 36.5], [42.5, 36.25]]]}, "properties": {"risk_index": 16, "annual_rate": 0.0274, "max_mag": 3.5, "n_events": 1, "n_recent": 0}}, {"type": "Feature", "geometry": {"type": "Polygon", "coordinates": [[[44.25, 40.25], [44.5, 40.25], [44.5, 40.5], [44.25, 40.5], [44.25, 40.25]]]}, "properties": {"risk_index": 16, "annual_rate": 0.0274, "max_mag": 3.5, "n_events": 1, "n_recent": 0}}, {"type": "Feature", "geometry": {"type": "Polygon", "coordinates": [[[36.0, 39.5], [36.25, 39.5], [36.25, 39.75], [36.0, 39.75], [36.0, 39.5]]]}, "properties": {"risk_index": 16, "annual_rate": 0.0549, "max_mag": 3.2, "n_events": 2, "n_recent": 1}}, {"type": "Feature", "geometry": {"type": "Polygon", "coordinates": [[[44.5, 36.0], [44.75, 36.0], [44.75, 36.25], [44.5, 36.25], [44.5, 36.0]]]}, "properties": {"risk_index": 16, "annual_rate": 0.0549, "max_mag": 3.2, "n_events": 2, "n_recent": 2}}, {"type": "Feature", "geometry": {"type": "Polygon", "coordinates": [[[44.25, 36.25], [44.5, 36.25], [44.5, 36.5], [44.25, 36.5], [44.25, 36.25]]]}, "properties": {"risk_index": 16, "annual_rate": 0.0274, "max_mag": 3.5, "n_events": 1, "n_recent": 0}}, {"type": "Feature", "geometry": {"type": "Polygon", "coordinates": [[[40.75, 41.75], [41.0, 41.75], [41.0, 42.0], [40.75, 42.0], [40.75, 41.75]]]}, "properties": {"risk_index": 16, "annual_rate": 0.0549, "max_mag": 3.2, "n_events": 2, "n_recent": 0}}, {"type": "Feature", "geometry": {"type": "Polygon", "coordinates": [[[33.0, 37.75], [33.25, 37.75], [33.25, 38.0], [33.0, 38.0], [33.0, 37.75]]]}, "properties": {"risk_index": 16, "annual_rate": 0.0549, "max_mag": 3.2, "n_events": 2, "n_recent": 0}}, {"type": "Feature", "geometry": {"type": "Polygon", "coordinates": [[[37.5, 41.25], [37.75, 41.25], [37.75, 41.5], [37.5, 41.5], [37.5, 41.25]]]}, "properties": {"risk_index": 16, "annual_rate": 0.0274, "max_mag": 3.5, "n_events": 1, "n_recent": 1}}, {"type": "Feature", "geometry": {"type": "Polygon", "coordinates": [[[38.25, 35.5], [38.5, 35.5], [38.5, 35.75], [38.25, 35.75], [38.25, 35.5]]]}, "properties": {"risk_index": 16, "annual_rate": 0.0549, "max_mag": 3.2, "n_events": 2, "n_recent": 0}}, {"type": "Feature", "geometry": {"type": "Polygon", "coordinates": [[[40.5, 36.5], [40.75, 36.5], [40.75, 36.75], [40.5, 36.75], [40.5, 36.5]]]}, "properties": {"risk_index": 16, "annual_rate": 0.0274, "max_mag": 3.5, "n_events": 1, "n_recent": 0}}, {"type": "Feature", "geometry": {"type": "Polygon", "coordinates": [[[31.0, 39.5], [31.25, 39.5], [31.25, 39.75], [31.0, 39.75], [31.0, 39.5]]]}, "properties": {"risk_index": 16, "annual_rate": 0.0549, "max_mag": 3.2, "n_events": 2, "n_recent": 0}}, {"type": "Feature", "geometry": {"type": "Polygon", "coordinates": [[[35.25, 41.0], [35.5, 41.0], [35.5, 41.25], [35.25, 41.25], [35.25, 41.0]]]}, "properties": {"risk_index": 16, "annual_rate": 0.0549, "max_mag": 3.2, "n_events": 2, "n_recent": 0}}, {"type": "Feature", "geometry": {"type": "Polygon", "coordinates": [[[42.0, 35.75], [42.25, 35.75], [42.25, 36.0], [42.0, 36.0], [42.0, 35.75]]]}, "properties": {"risk_index": 16, "annual_rate": 0.0549, "max_mag": 3.2, "n_events": 2, "n_recent": 0}}, {"type": "Feature", "geometry": {"type": "Polygon", "coordinates": [[[31.25, 42.25], [31.5, 42.25], [31.5, 42.5], [31.25, 42.5], [31.25, 42.25]]]}, "properties": {"risk_index": 16, "annual_rate": 0.0274, "max_mag": 3.5, "n_events": 1, "n_recent": 1}}, {"type": "Feature", "geometry": {"type": "Polygon", "coordinates": [[[32.75, 35.75], [33.0, 35.75], [33.0, 36.0], [32.75, 36.0], [32.75, 35.75]]]}, "properties": {"risk_index": 16, "annual_rate": 0.0549, "max_mag": 3.2, "n_events": 2, "n_recent": 0}}, {"type": "Feature", "geometry": {"type": "Polygon", "coordinates": [[[27.75, 41.0], [28.0, 41.0], [28.0, 41.25], [27.75, 41.25], [27.75, 41.0]]]}, "properties": {"risk_index": 16, "annual_rate": 0.0274, "max_mag": 3.5, "n_events": 1, "n_recent": 0}}, {"type": "Feature", "geometry": {"type": "Polygon", "coordinates": [[[44.0, 35.75], [44.25, 35.75], [44.25, 36.0], [44.0, 36.0], [44.0, 35.75]]]}, "properties": {"risk_index": 16, "annual_rate": 0.0549, "max_mag": 3.2, "n_events": 2, "n_recent": 2}}, {"type": "Feature", "geometry": {"type": "Polygon", "coordinates": [[[31.25, 41.0], [31.5, 41.0], [31.5, 41.25], [31.25, 41.25], [31.25, 41.0]]]}, "properties": {"risk_index": 16, "annual_rate": 0.0549, "max_mag": 3.2, "n_events": 2, "n_recent": 0}}, {"type": "Feature", "geometry": {"type": "Polygon", "coordinates": [[[33.0, 35.5], [33.25, 35.5], [33.25, 35.75], [33.0, 35.75], [33.0, 35.5]]]}, "properties": {"risk_index": 16, "annual_rate": 0.0549, "max_mag": 3.2, "n_events": 2, "n_recent": 0}}, {"type": "Feature", "geometry": {"type": "Polygon", "coordinates": [[[34.25, 37.25], [34.5, 37.25], [34.5, 37.5], [34.25, 37.5], [34.25, 37.25]]]}, "properties": {"risk_index": 16, "annual_rate": 0.0549, "max_mag": 3.2, "n_events": 2, "n_recent": 0}}, {"type": "Feature", "geometry": {"type": "Polygon", "coordinates": [[[32.75, 41.0], [33.0, 41.0], [33.0, 41.25], [32.75, 41.25], [32.75, 41.0]]]}, "properties": {"risk_index": 16, "annual_rate": 0.0274, "max_mag": 3.5, "n_events": 1, "n_recent": 0}}, {"type": "Feature", "geometry": {"type": "Polygon", "coordinates": [[[31.25, 40.0], [31.5, 40.0], [31.5, 40.25], [31.25, 40.25], [31.25, 40.0]]]}, "properties": {"risk_index": 16, "annual_rate": 0.0549, "max_mag": 3.2, "n_events": 2, "n_recent": 0}}, {"type": "Feature", "geometry": {"type": "Polygon", "coordinates": [[[40.75, 37.5], [41.0, 37.5], [41.0, 37.75], [40.75, 37.75], [40.75, 37.5]]]}, "properties": {"risk_index": 16, "annual_rate": 0.0549, "max_mag": 3.2, "n_events": 2, "n_recent": 0}}, {"type": "Feature", "geometry": {"type": "Polygon", "coordinates": [[[37.0, 40.75], [37.25, 40.75], [37.25, 41.0], [37.0, 41.0], [37.0, 40.75]]]}, "properties": {"risk_index": 16, "annual_rate": 0.0274, "max_mag": 3.5, "n_events": 1, "n_recent": 0}}, {"type": "Feature", "geometry": {"type": "Polygon", "coordinates": [[[41.25, 36.5], [41.5, 36.5], [41.5, 36.75], [41.25, 36.75], [41.25, 36.5]]]}, "properties": {"risk_index": 16, "annual_rate": 0.0549, "max_mag": 3.2, "n_events": 2, "n_recent": 0}}, {"type": "Feature", "geometry": {"type": "Polygon", "coordinates": [[[41.0, 40.75], [41.25, 40.75], [41.25, 41.0], [41.0, 41.0], [41.0, 40.75]]]}, "properties": {"risk_index": 16, "annual_rate": 0.0549, "max_mag": 3.2, "n_events": 2, "n_recent": 0}}, {"type": "Feature", "geometry": {"type": "Polygon", "coordinates": [[[33.75, 38.75], [34.0, 38.75], [34.0, 39.0], [33.75, 39.0], [33.75, 38.75]]]}, "properties": {"risk_index": 16, "annual_rate": 0.0274, "max_mag": 3.5, "n_events": 1, "n_recent": 0}}, {"type": "Feature", "geometry": {"type": "Polygon", "coordinates": [[[41.25, 40.75], [41.5, 40.75], [41.5, 41.0], [41.25, 41.0], [41.25, 40.75]]]}, "properties": {"risk_index": 14, "annual_rate": 0.0274, "max_mag": 3.4, "n_events": 1, "n_recent": 0}}, {"type": "Feature", "geometry": {"type": "Polygon", "coordinates": [[[32.0, 39.75], [32.25, 39.75], [32.25, 40.0], [32.0, 40.0], [32.0, 39.75]]]}, "properties": {"risk_index": 14, "annual_rate": 0.0549, "max_mag": 3.1, "n_events": 2, "n_recent": 0}}, {"type": "Feature", "geometry": {"type": "Polygon", "coordinates": [[[40.25, 36.0], [40.5, 36.0], [40.5, 36.25], [40.25, 36.25], [40.25, 36.0]]]}, "properties": {"risk_index": 14, "annual_rate": 0.0274, "max_mag": 3.4, "n_events": 1, "n_recent": 0}}, {"type": "Feature", "geometry": {"type": "Polygon", "coordinates": [[[34.5, 35.5], [34.75, 35.5], [34.75, 35.75], [34.5, 35.75], [34.5, 35.5]]]}, "properties": {"risk_index": 14, "annual_rate": 0.0274, "max_mag": 3.4, "n_events": 1, "n_recent": 0}}, {"type": "Feature", "geometry": {"type": "Polygon", "coordinates": [[[34.75, 42.25], [35.0, 42.25], [35.0, 42.5], [34.75, 42.5], [34.75, 42.25]]]}, "properties": {"risk_index": 14, "annual_rate": 0.0549, "max_mag": 3.1, "n_events": 2, "n_recent": 1}}, {"type": "Feature", "geometry": {"type": "Polygon", "coordinates": [[[41.25, 41.5], [41.5, 41.5], [41.5, 41.75], [41.25, 41.75], [41.25, 41.5]]]}, "properties": {"risk_index": 14, "annual_rate": 0.0274, "max_mag": 3.4, "n_events": 1, "n_recent": 0}}, {"type": "Feature", "geometry": {"type": "Polygon", "coordinates": [[[33.75, 36.25], [34.0, 36.25], [34.0, 36.5], [33.75, 36.5], [33.75, 36.25]]]}, "properties": {"risk_index": 14, "annual_rate": 0.0274, "max_mag": 3.4, "n_events": 1, "n_recent": 1}}, {"type": "Feature", "geometry": {"type": "Polygon", "coordinates": [[[39.25, 41.25], [39.5, 41.25], [39.5, 41.5], [39.25, 41.5], [39.25, 41.25]]]}, "properties": {"risk_index": 14, "annual_rate": 0.0549, "max_mag": 3.1, "n_events": 2, "n_recent": 0}}, {"type": "Feature", "geometry": {"type": "Polygon", "coordinates": [[[31.25, 39.25], [31.5, 39.25], [31.5, 39.5], [31.25, 39.5], [31.25, 39.25]]]}, "properties": {"risk_index": 14, "annual_rate": 0.0549, "max_mag": 3.1, "n_events": 2, "n_recent": 0}}, {"type": "Feature", "geometry": {"type": "Polygon", "coordinates": [[[36.0, 42.25], [36.25, 42.25], [36.25, 42.5], [36.0, 42.5], [36.0, 42.25]]]}, "properties": {"risk_index": 14, "annual_rate": 0.0274, "max_mag": 3.4, "n_events": 1, "n_recent": 0}}, {"type": "Feature", "geometry": {"type": "Polygon", "coordinates": [[[39.0, 41.5], [39.25, 41.5], [39.25, 41.75], [39.0, 41.75], [39.0, 41.5]]]}, "properties": {"risk_index": 14, "annual_rate": 0.0549, "max_mag": 3.1, "n_events": 2, "n_recent": 0}}, {"type": "Feature", "geometry": {"type": "Polygon", "coordinates": [[[43.0, 36.0], [43.25, 36.0], [43.25, 36.25], [43.0, 36.25], [43.0, 36.0]]]}, "properties": {"risk_index": 14, "annual_rate": 0.0549, "max_mag": 3.1, "n_events": 2, "n_recent": 1}}, {"type": "Feature", "geometry": {"type": "Polygon", "coordinates": [[[43.75, 40.25], [44.0, 40.25], [44.0, 40.5], [43.75, 40.5], [43.75, 40.25]]]}, "properties": {"risk_index": 14, "annual_rate": 0.0274, "max_mag": 3.4, "n_events": 1, "n_recent": 0}}, {"type": "Feature", "geometry": {"type": "Polygon", "coordinates": [[[36.5, 40.75], [36.75, 40.75], [36.75, 41.0], [36.5, 41.0], [36.5, 40.75]]]}, "properties": {"risk_index": 14, "annual_rate": 0.0274, "max_mag": 3.4, "n_events": 1, "n_recent": 0}}, {"type": "Feature", "geometry": {"type": "Polygon", "coordinates": [[[42.0, 42.25], [42.25, 42.25], [42.25, 42.5], [42.0, 42.5], [42.0, 42.25]]]}, "properties": {"risk_index": 14, "annual_rate": 0.0274, "max_mag": 3.4, "n_events": 1, "n_recent": 1}}, {"type": "Feature", "geometry": {"type": "Polygon", "coordinates": [[[32.75, 41.75], [33.0, 41.75], [33.0, 42.0], [32.75, 42.0], [32.75, 41.75]]]}, "properties": {"risk_index": 14, "annual_rate": 0.0549, "max_mag": 3.1, "n_events": 2, "n_recent": 0}}, {"type": "Feature", "geometry": {"type": "Polygon", "coordinates": [[[33.25, 36.25], [33.5, 36.25], [33.5, 36.5], [33.25, 36.5], [33.25, 36.25]]]}, "properties": {"risk_index": 14, "annual_rate": 0.0549, "max_mag": 3.1, "n_events": 2, "n_recent": 0}}, {"type": "Feature", "geometry": {"type": "Polygon", "coordinates": [[[31.0, 40.25], [31.25, 40.25], [31.25, 40.5], [31.0, 40.5], [31.0, 40.25]]]}, "properties": {"risk_index": 14, "annual_rate": 0.0274, "max_mag": 3.4, "n_events": 1, "n_recent": 0}}, {"type": "Feature", "geometry": {"type": "Polygon", "coordinates": [[[30.5, 35.5], [30.75, 35.5], [30.75, 35.75], [30.5, 35.75], [30.5, 35.5]]]}, "properties": {"risk_index": 14, "annual_rate": 0.0549, "max_mag": 3.1, "n_events": 2, "n_recent": 0}}, {"type": "Feature", "geometry": {"type": "Polygon", "coordinates": [[[31.5, 37.5], [31.75, 37.5], [31.75, 37.75], [31.5, 37.75], [31.5, 37.5]]]}, "properties": {"risk_index": 14, "annual_rate": 0.0549, "max_mag": 3.1, "n_events": 2, "n_recent": 0}}, {"type": "Feature", "geometry": {"type": "Polygon", "coordinates": [[[33.0, 36.25], [33.25, 36.25], [33.25, 36.5], [33.0, 36.5], [33.0, 36.25]]]}, "properties": {"risk_index": 14, "annual_rate": 0.0274, "max_mag": 3.4, "n_events": 1, "n_recent": 1}}, {"type": "Feature", "geometry": {"type": "Polygon", "coordinates": [[[34.75, 38.25], [35.0, 38.25], [35.0, 38.5], [34.75, 38.5], [34.75, 38.25]]]}, "properties": {"risk_index": 14, "annual_rate": 0.0549, "max_mag": 3.1, "n_events": 2, "n_recent": 0}}, {"type": "Feature", "geometry": {"type": "Polygon", "coordinates": [[[36.0, 38.5], [36.25, 38.5], [36.25, 38.75], [36.0, 38.75], [36.0, 38.5]]]}, "properties": {"risk_index": 14, "annual_rate": 0.0549, "max_mag": 3.1, "n_events": 2, "n_recent": 0}}, {"type": "Feature", "geometry": {"type": "Polygon", "coordinates": [[[39.25, 40.25], [39.5, 40.25], [39.5, 40.5], [39.25, 40.5], [39.25, 40.25]]]}, "properties": {"risk_index": 14, "annual_rate": 0.0549, "max_mag": 3.1, "n_events": 2, "n_recent": 0}}, {"type": "Feature", "geometry": {"type": "Polygon", "coordinates": [[[40.0, 36.0], [40.25, 36.0], [40.25, 36.25], [40.0, 36.25], [40.0, 36.0]]]}, "properties": {"risk_index": 14, "annual_rate": 0.0274, "max_mag": 3.4, "n_events": 1, "n_recent": 1}}, {"type": "Feature", "geometry": {"type": "Polygon", "coordinates": [[[35.75, 39.5], [36.0, 39.5], [36.0, 39.75], [35.75, 39.75], [35.75, 39.5]]]}, "properties": {"risk_index": 14, "annual_rate": 0.0549, "max_mag": 3.1, "n_events": 2, "n_recent": 0}}, {"type": "Feature", "geometry": {"type": "Polygon", "coordinates": [[[44.5, 35.5], [44.75, 35.5], [44.75, 35.75], [44.5, 35.75], [44.5, 35.5]]]}, "properties": {"risk_index": 14, "annual_rate": 0.0274, "max_mag": 3.4, "n_events": 1, "n_recent": 1}}, {"type": "Feature", "geometry": {"type": "Polygon", "coordinates": [[[31.5, 41.25], [31.75, 41.25], [31.75, 41.5], [31.5, 41.5], [31.5, 41.25]]]}, "properties": {"risk_index": 14, "annual_rate": 0.0549, "max_mag": 3.1, "n_events": 2, "n_recent": 0}}, {"type": "Feature", "geometry": {"type": "Polygon", "coordinates": [[[41.5, 37.0], [41.75, 37.0], [41.75, 37.25], [41.5, 37.25], [41.5, 37.0]]]}, "properties": {"risk_index": 14, "annual_rate": 0.0549, "max_mag": 3.1, "n_events": 2, "n_recent": 0}}, {"type": "Feature", "geometry": {"type": "Polygon", "coordinates": [[[33.5, 35.5], [33.75, 35.5], [33.75, 35.75], [33.5, 35.75], [33.5, 35.5]]]}, "properties": {"risk_index": 14, "annual_rate": 0.0274, "max_mag": 3.4, "n_events": 1, "n_recent": 1}}, {"type": "Feature", "geometry": {"type": "Polygon", "coordinates": [[[31.25, 39.5], [31.5, 39.5], [31.5, 39.75], [31.25, 39.75], [31.25, 39.5]]]}, "properties": {"risk_index": 14, "annual_rate": 0.0549, "max_mag": 3.1, "n_events": 2, "n_recent": 0}}, {"type": "Feature", "geometry": {"type": "Polygon", "coordinates": [[[43.75, 35.5], [44.0, 35.5], [44.0, 35.75], [43.75, 35.75], [43.75, 35.5]]]}, "properties": {"risk_index": 14, "annual_rate": 0.0274, "max_mag": 3.4, "n_events": 1, "n_recent": 0}}, {"type": "Feature", "geometry": {"type": "Polygon", "coordinates": [[[33.25, 38.0], [33.5, 38.0], [33.5, 38.25], [33.25, 38.25], [33.25, 38.0]]]}, "properties": {"risk_index": 14, "annual_rate": 0.0549, "max_mag": 3.1, "n_events": 2, "n_recent": 2}}, {"type": "Feature", "geometry": {"type": "Polygon", "coordinates": [[[35.75, 38.0], [36.0, 38.0], [36.0, 38.25], [35.75, 38.25], [35.75, 38.0]]]}, "properties": {"risk_index": 14, "annual_rate": 0.0549, "max_mag": 3.1, "n_events": 2, "n_recent": 0}}, {"type": "Feature", "geometry": {"type": "Polygon", "coordinates": [[[39.25, 36.5], [39.5, 36.5], [39.5, 36.75], [39.25, 36.75], [39.25, 36.5]]]}, "properties": {"risk_index": 14, "annual_rate": 0.0549, "max_mag": 3.1, "n_events": 2, "n_recent": 0}}, {"type": "Feature", "geometry": {"type": "Polygon", "coordinates": [[[37.5, 40.5], [37.75, 40.5], [37.75, 40.75], [37.5, 40.75], [37.5, 40.5]]]}, "properties": {"risk_index": 14, "annual_rate": 0.0274, "max_mag": 3.4, "n_events": 1, "n_recent": 0}}, {"type": "Feature", "geometry": {"type": "Polygon", "coordinates": [[[41.0, 40.5], [41.25, 40.5], [41.25, 40.75], [41.0, 40.75], [41.0, 40.5]]]}, "properties": {"risk_index": 14, "annual_rate": 0.0549, "max_mag": 3.1, "n_events": 2, "n_recent": 0}}, {"type": "Feature", "geometry": {"type": "Polygon", "coordinates": [[[41.25, 40.5], [41.5, 40.5], [41.5, 40.75], [41.25, 40.75], [41.25, 40.5]]]}, "properties": {"risk_index": 14, "annual_rate": 0.0549, "max_mag": 3.1, "n_events": 2, "n_recent": 0}}, {"type": "Feature", "geometry": {"type": "Polygon", "coordinates": [[[40.0, 37.5], [40.25, 37.5], [40.25, 37.75], [40.0, 37.75], [40.0, 37.5]]]}, "properties": {"risk_index": 14, "annual_rate": 0.0549, "max_mag": 3.1, "n_events": 2, "n_recent": 0}}, {"type": "Feature", "geometry": {"type": "Polygon", "coordinates": [[[37.5, 36.0], [37.75, 36.0], [37.75, 36.25], [37.5, 36.25], [37.5, 36.0]]]}, "properties": {"risk_index": 14, "annual_rate": 0.0274, "max_mag": 3.4, "n_events": 1, "n_recent": 0}}, {"type": "Feature", "geometry": {"type": "Polygon", "coordinates": [[[33.75, 35.75], [34.0, 35.75], [34.0, 36.0], [33.75, 36.0], [33.75, 35.75]]]}, "properties": {"risk_index": 12, "annual_rate": 0.0549, "max_mag": 3.0, "n_events": 2, "n_recent": 1}}, {"type": "Feature", "geometry": {"type": "Polygon", "coordinates": [[[37.75, 35.75], [38.0, 35.75], [38.0, 36.0], [37.75, 36.0], [37.75, 35.75]]]}, "properties": {"risk_index": 12, "annual_rate": 0.0274, "max_mag": 3.3, "n_events": 1, "n_recent": 0}}, {"type": "Feature", "geometry": {"type": "Polygon", "coordinates": [[[33.0, 41.75], [33.25, 41.75], [33.25, 42.0], [33.0, 42.0], [33.0, 41.75]]]}, "properties": {"risk_index": 12, "annual_rate": 0.0549, "max_mag": 3.0, "n_events": 2, "n_recent": 0}}, {"type": "Feature", "geometry": {"type": "Polygon", "coordinates": [[[30.25, 41.75], [30.5, 41.75], [30.5, 42.0], [30.25, 42.0], [30.25, 41.75]]]}, "properties": {"risk_index": 12, "annual_rate": 0.0274, "max_mag": 3.3, "n_events": 1, "n_recent": 1}}, {"type": "Feature", "geometry": {"type": "Polygon", "coordinates": [[[34.0, 36.75], [34.25, 36.75], [34.25, 37.0], [34.0, 37.0], [34.0, 36.75]]]}, "properties": {"risk_index": 12, "annual_rate": 0.0274, "max_mag": 3.3, "n_events": 1, "n_recent": 0}}, {"type": "Feature", "geometry": {"type": "Polygon", "coordinates": [[[33.0, 41.5], [33.25, 41.5], [33.25, 41.75], [33.0, 41.75], [33.0, 41.5]]]}, "properties": {"risk_index": 12, "annual_rate": 0.0549, "max_mag": 3.0, "n_events": 2, "n_recent": 0}}, {"type": "Feature", "geometry": {"type": "Polygon", "coordinates": [[[32.0, 42.0], [32.25, 42.0], [32.25, 42.25], [32.0, 42.25], [32.0, 42.0]]]}, "properties": {"risk_index": 12, "annual_rate": 0.0549, "max_mag": 3.0, "n_events": 2, "n_recent": 0}}, {"type": "Feature", "geometry": {"type": "Polygon", "coordinates": [[[33.0, 41.25], [33.25, 41.25], [33.25, 41.5], [33.0, 41.5], [33.0, 41.25]]]}, "properties": {"risk_index": 12, "annual_rate": 0.0274, "max_mag": 3.3, "n_events": 1, "n_recent": 0}}, {"type": "Feature", "geometry": {"type": "Polygon", "coordinates": [[[37.75, 40.5], [38.0, 40.5], [38.0, 40.75], [37.75, 40.75], [37.75, 40.5]]]}, "properties": {"risk_index": 12, "annual_rate": 0.0549, "max_mag": 3.0, "n_events": 2, "n_recent": 0}}, {"type": "Feature", "geometry": {"type": "Polygon", "coordinates": [[[34.5, 41.5], [34.75, 41.5], [34.75, 41.75], [34.5, 41.75], [34.5, 41.5]]]}, "properties": {"risk_index": 12, "annual_rate": 0.0274, "max_mag": 3.3, "n_events": 1, "n_recent": 0}}, {"type": "Feature", "geometry": {"type": "Polygon", "coordinates": [[[44.5, 41.25], [44.75, 41.25], [44.75, 41.5], [44.5, 41.5], [44.5, 41.25]]]}, "properties": {"risk_index": 12, "annual_rate": 0.0274, "max_mag": 3.3, "n_events": 1, "n_recent": 0}}, {"type": "Feature", "geometry": {"type": "Polygon", "coordinates": [[[33.75, 37.25], [34.0, 37.25], [34.0, 37.5], [33.75, 37.5], [33.75, 37.25]]]}, "properties": {"risk_index": 12, "annual_rate": 0.0274, "max_mag": 3.3, "n_events": 1, "n_recent": 1}}, {"type": "Feature", "geometry": {"type": "Polygon", "coordinates": [[[38.0, 40.5], [38.25, 40.5], [38.25, 40.75], [38.0, 40.75], [38.0, 40.5]]]}, "properties": {"risk_index": 12, "annual_rate": 0.0549, "max_mag": 3.0, "n_events": 2, "n_recent": 0}}, {"type": "Feature", "geometry": {"type": "Polygon", "coordinates": [[[38.75, 40.5], [39.0, 40.5], [39.0, 40.75], [38.75, 40.75], [38.75, 40.5]]]}, "properties": {"risk_index": 12, "annual_rate": 0.0549, "max_mag": 3.0, "n_events": 2, "n_recent": 0}}, {"type": "Feature", "geometry": {"type": "Polygon", "coordinates": [[[40.75, 37.25], [41.0, 37.25], [41.0, 37.5], [40.75, 37.5], [40.75, 37.25]]]}, "properties": {"risk_index": 12, "annual_rate": 0.0274, "max_mag": 3.3, "n_events": 1, "n_recent": 0}}, {"type": "Feature", "geometry": {"type": "Polygon", "coordinates": [[[36.0, 42.0], [36.25, 42.0], [36.25, 42.25], [36.0, 42.25], [36.0, 42.0]]]}, "properties": {"risk_index": 12, "annual_rate": 0.0274, "max_mag": 3.3, "n_events": 1, "n_recent": 0}}, {"type": "Feature", "geometry": {"type": "Polygon", "coordinates": [[[33.5, 39.0], [33.75, 39.0], [33.75, 39.25], [33.5, 39.25], [33.5, 39.0]]]}, "properties": {"risk_index": 12, "annual_rate": 0.0274, "max_mag": 3.3, "n_events": 1, "n_recent": 0}}, {"type": "Feature", "geometry": {"type": "Polygon", "coordinates": [[[38.0, 36.75], [38.25, 36.75], [38.25, 37.0], [38.0, 37.0], [38.0, 36.75]]]}, "properties": {"risk_index": 12, "annual_rate": 0.0549, "max_mag": 3.0, "n_events": 2, "n_recent": 1}}, {"type": "Feature", "geometry": {"type": "Polygon", "coordinates": [[[35.25, 36.25], [35.5, 36.25], [35.5, 36.5], [35.25, 36.5], [35.25, 36.25]]]}, "properties": {"risk_index": 12, "annual_rate": 0.0274, "max_mag": 3.3, "n_events": 1, "n_recent": 0}}, {"type": "Feature", "geometry": {"type": "Polygon", "coordinates": [[[40.75, 35.5], [41.0, 35.5], [41.0, 35.75], [40.75, 35.75], [40.75, 35.5]]]}, "properties": {"risk_index": 12, "annual_rate": 0.0274, "max_mag": 3.3, "n_events": 1, "n_recent": 1}}, {"type": "Feature", "geometry": {"type": "Polygon", "coordinates": [[[35.0, 41.5], [35.25, 41.5], [35.25, 41.75], [35.0, 41.75], [35.0, 41.5]]]}, "properties": {"risk_index": 12, "annual_rate": 0.0549, "max_mag": 3.0, "n_events": 2, "n_recent": 0}}, {"type": "Feature", "geometry": {"type": "Polygon", "coordinates": [[[42.75, 36.25], [43.0, 36.25], [43.0, 36.5], [42.75, 36.5], [42.75, 36.25]]]}, "properties": {"risk_index": 12, "annual_rate": 0.0274, "max_mag": 3.3, "n_events": 1, "n_recent": 0}}, {"type": "Feature", "geometry": {"type": "Polygon", "coordinates": [[[37.5, 36.5], [37.75, 36.5], [37.75, 36.75], [37.5, 36.75], [37.5, 36.5]]]}, "properties": {"risk_index": 12, "annual_rate": 0.0274, "max_mag": 3.3, "n_events": 1, "n_recent": 1}}, {"type": "Feature", "geometry": {"type": "Polygon", "coordinates": [[[40.5, 41.75], [40.75, 41.75], [40.75, 42.0], [40.5, 42.0], [40.5, 41.75]]]}, "properties": {"risk_index": 12, "annual_rate": 0.0549, "max_mag": 3.0, "n_events": 2, "n_recent": 0}}, {"type": "Feature", "geometry": {"type": "Polygon", "coordinates": [[[41.0, 37.0], [41.25, 37.0], [41.25, 37.25], [41.0, 37.25], [41.0, 37.0]]]}, "properties": {"risk_index": 12, "annual_rate": 0.0549, "max_mag": 3.0, "n_events": 2, "n_recent": 0}}, {"type": "Feature", "geometry": {"type": "Polygon", "coordinates": [[[34.5, 42.25], [34.75, 42.25], [34.75, 42.5], [34.5, 42.5], [34.5, 42.25]]]}, "properties": {"risk_index": 12, "annual_rate": 0.0274, "max_mag": 3.3, "n_events": 1, "n_recent": 0}}, {"type": "Feature", "geometry": {"type": "Polygon", "coordinates": [[[34.25, 42.25], [34.5, 42.25], [34.5, 42.5], [34.25, 42.5], [34.25, 42.25]]]}, "properties": {"risk_index": 12, "annual_rate": 0.0274, "max_mag": 3.3, "n_events": 1, "n_recent": 0}}, {"type": "Feature", "geometry": {"type": "Polygon", "coordinates": [[[32.5, 38.5], [32.75, 38.5], [32.75, 38.75], [32.5, 38.75], [32.5, 38.5]]]}, "properties": {"risk_index": 12, "annual_rate": 0.0274, "max_mag": 3.3, "n_events": 1, "n_recent": 0}}, {"type": "Feature", "geometry": {"type": "Polygon", "coordinates": [[[35.25, 41.25], [35.5, 41.25], [35.5, 41.5], [35.25, 41.5], [35.25, 41.25]]]}, "properties": {"risk_index": 12, "annual_rate": 0.0549, "max_mag": 3.0, "n_events": 2, "n_recent": 0}}, {"type": "Feature", "geometry": {"type": "Polygon", "coordinates": [[[40.0, 36.75], [40.25, 36.75], [40.25, 37.0], [40.0, 37.0], [40.0, 36.75]]]}, "properties": {"risk_index": 12, "annual_rate": 0.0274, "max_mag": 3.3, "n_events": 1, "n_recent": 0}}, {"type": "Feature", "geometry": {"type": "Polygon", "coordinates": [[[32.5, 38.25], [32.75, 38.25], [32.75, 38.5], [32.5, 38.5], [32.5, 38.25]]]}, "properties": {"risk_index": 12, "annual_rate": 0.0549, "max_mag": 3.0, "n_events": 2, "n_recent": 1}}, {"type": "Feature", "geometry": {"type": "Polygon", "coordinates": [[[28.25, 41.0], [28.5, 41.0], [28.5, 41.25], [28.25, 41.25], [28.25, 41.0]]]}, "properties": {"risk_index": 12, "annual_rate": 0.0549, "max_mag": 3.0, "n_events": 2, "n_recent": 0}}, {"type": "Feature", "geometry": {"type": "Polygon", "coordinates": [[[41.75, 35.5], [42.0, 35.5], [42.0, 35.75], [41.75, 35.75], [41.75, 35.5]]]}, "properties": {"risk_index": 12, "annual_rate": 0.0274, "max_mag": 3.3, "n_events": 1, "n_recent": 0}}, {"type": "Feature", "geometry": {"type": "Polygon", "coordinates": [[[35.0, 39.25], [35.25, 39.25], [35.25, 39.5], [35.0, 39.5], [35.0, 39.25]]]}, "properties": {"risk_index": 12, "annual_rate": 0.0274, "max_mag": 3.3, "n_events": 1, "n_recent": 1}}, {"type": "Feature", "geometry": {"type": "Polygon", "coordinates": [[[27.5, 41.0], [27.75, 41.0], [27.75, 41.25], [27.5, 41.25], [27.5, 41.0]]]}, "properties": {"risk_index": 12, "annual_rate": 0.0549, "max_mag": 3.0, "n_events": 2, "n_recent": 0}}, {"type": "Feature", "geometry": {"type": "Polygon", "coordinates": [[[37.75, 36.25], [38.0, 36.25], [38.0, 36.5], [37.75, 36.5], [37.75, 36.25]]]}, "properties": {"risk_index": 12, "annual_rate": 0.0274, "max_mag": 3.3, "n_events": 1, "n_recent": 0}}, {"type": "Feature", "geometry": {"type": "Polygon", "coordinates": [[[32.0, 38.5], [32.25, 38.5], [32.25, 38.75], [32.0, 38.75], [32.0, 38.5]]]}, "properties": {"risk_index": 12, "annual_rate": 0.0549, "max_mag": 3.0, "n_events": 2, "n_recent": 0}}, {"type": "Feature", "geometry": {"type": "Polygon", "coordinates": [[[31.75, 39.75], [32.0, 39.75], [32.0, 40.0], [31.75, 40.0], [31.75, 39.75]]]}, "properties": {"risk_index": 12, "annual_rate": 0.0549, "max_mag": 3.0, "n_events": 2, "n_recent": 0}}, {"type": "Feature", "geometry": {"type": "Polygon", "coordinates": [[[40.25, 37.0], [40.5, 37.0], [40.5, 37.25], [40.25, 37.25], [40.25, 37.0]]]}, "properties": {"risk_index": 12, "annual_rate": 0.0274, "max_mag": 3.3, "n_events": 1, "n_recent": 0}}, {"type": "Feature", "geometry": {"type": "Polygon", "coordinates": [[[30.25, 42.0], [30.5, 42.0], [30.5, 42.25], [30.25, 42.25], [30.25, 42.0]]]}, "properties": {"risk_index": 12, "annual_rate": 0.0274, "max_mag": 3.3, "n_events": 1, "n_recent": 0}}, {"type": "Feature", "geometry": {"type": "Polygon", "coordinates": [[[41.5, 41.25], [41.75, 41.25], [41.75, 41.5], [41.5, 41.5], [41.5, 41.25]]]}, "properties": {"risk_index": 12, "annual_rate": 0.0274, "max_mag": 3.3, "n_events": 1, "n_recent": 0}}, {"type": "Feature", "geometry": {"type": "Polygon", "coordinates": [[[37.25, 41.75], [37.5, 41.75], [37.5, 42.0], [37.25, 42.0], [37.25, 41.75]]]}, "properties": {"risk_index": 12, "annual_rate": 0.0274, "max_mag": 3.3, "n_events": 1, "n_recent": 0}}, {"type": "Feature", "geometry": {"type": "Polygon", "coordinates": [[[44.75, 38.0], [45.0, 38.0], [45.0, 38.25], [44.75, 38.25], [44.75, 38.0]]]}, "properties": {"risk_index": 12, "annual_rate": 0.0549, "max_mag": 3.0, "n_events": 2, "n_recent": 0}}, {"type": "Feature", "geometry": {"type": "Polygon", "coordinates": [[[26.5, 42.25], [26.75, 42.25], [26.75, 42.5], [26.5, 42.5], [26.5, 42.25]]]}, "properties": {"risk_index": 9, "annual_rate": 0.0274, "max_mag": 3.2, "n_events": 1, "n_recent": 1}}, {"type": "Feature", "geometry": {"type": "Polygon", "coordinates": [[[39.5, 36.25], [39.75, 36.25], [39.75, 36.5], [39.5, 36.5], [39.5, 36.25]]]}, "properties": {"risk_index": 9, "annual_rate": 0.0274, "max_mag": 3.2, "n_events": 1, "n_recent": 0}}, {"type": "Feature", "geometry": {"type": "Polygon", "coordinates": [[[34.5, 41.75], [34.75, 41.75], [34.75, 42.0], [34.5, 42.0], [34.5, 41.75]]]}, "properties": {"risk_index": 9, "annual_rate": 0.0274, "max_mag": 3.2, "n_events": 1, "n_recent": 0}}, {"type": "Feature", "geometry": {"type": "Polygon", "coordinates": [[[36.75, 42.0], [37.0, 42.0], [37.0, 42.25], [36.75, 42.25], [36.75, 42.0]]]}, "properties": {"risk_index": 9, "annual_rate": 0.0274, "max_mag": 3.2, "n_events": 1, "n_recent": 1}}, {"type": "Feature", "geometry": {"type": "Polygon", "coordinates": [[[43.5, 36.25], [43.75, 36.25], [43.75, 36.5], [43.5, 36.5], [43.5, 36.25]]]}, "properties": {"risk_index": 9, "annual_rate": 0.0274, "max_mag": 3.2, "n_events": 1, "n_recent": 1}}, {"type": "Feature", "geometry": {"type": "Polygon", "coordinates": [[[39.75, 37.5], [40.0, 37.5], [40.0, 37.75], [39.75, 37.75], [39.75, 37.5]]]}, "properties": {"risk_index": 9, "annual_rate": 0.0274, "max_mag": 3.2, "n_events": 1, "n_recent": 0}}, {"type": "Feature", "geometry": {"type": "Polygon", "coordinates": [[[36.5, 41.75], [36.75, 41.75], [36.75, 42.0], [36.5, 42.0], [36.5, 41.75]]]}, "properties": {"risk_index": 9, "annual_rate": 0.0274, "max_mag": 3.2, "n_events": 1, "n_recent": 0}}, {"type": "Feature", "geometry": {"type": "Polygon", "coordinates": [[[33.0, 36.75], [33.25, 36.75], [33.25, 37.0], [33.0, 37.0], [33.0, 36.75]]]}, "properties": {"risk_index": 9, "annual_rate": 0.0274, "max_mag": 3.2, "n_events": 1, "n_recent": 0}}, {"type": "Feature", "geometry": {"type": "Polygon", "coordinates": [[[40.5, 36.75], [40.75, 36.75], [40.75, 37.0], [40.5, 37.0], [40.5, 36.75]]]}, "properties": {"risk_index": 9, "annual_rate": 0.0274, "max_mag": 3.2, "n_events": 1, "n_recent": 1}}, {"type": "Feature", "geometry": {"type": "Polygon", "coordinates": [[[34.0, 42.0], [34.25, 42.0], [34.25, 42.25], [34.0, 42.25], [34.0, 42.0]]]}, "properties": {"risk_index": 9, "annual_rate": 0.0274, "max_mag": 3.2, "n_events": 1, "n_recent": 0}}, {"type": "Feature", "geometry": {"type": "Polygon", "coordinates": [[[44.0, 40.0], [44.25, 40.0], [44.25, 40.25], [44.0, 40.25], [44.0, 40.0]]]}, "properties": {"risk_index": 9, "annual_rate": 0.0274, "max_mag": 3.2, "n_events": 1, "n_recent": 0}}, {"type": "Feature", "geometry": {"type": "Polygon", "coordinates": [[[29.25, 41.75], [29.5, 41.75], [29.5, 42.0], [29.25, 42.0], [29.25, 41.75]]]}, "properties": {"risk_index": 9, "annual_rate": 0.0274, "max_mag": 3.2, "n_events": 1, "n_recent": 1}}, {"type": "Feature", "geometry": {"type": "Polygon", "coordinates": [[[34.0, 41.75], [34.25, 41.75], [34.25, 42.0], [34.0, 42.0], [34.0, 41.75]]]}, "properties": {"risk_index": 9, "annual_rate": 0.0274, "max_mag": 3.2, "n_events": 1, "n_recent": 0}}, {"type": "Feature", "geometry": {"type": "Polygon", "coordinates": [[[33.25, 36.5], [33.5, 36.5], [33.5, 36.75], [33.25, 36.75], [33.25, 36.5]]]}, "properties": {"risk_index": 9, "annual_rate": 0.0274, "max_mag": 3.2, "n_events": 1, "n_recent": 0}}, {"type": "Feature", "geometry": {"type": "Polygon", "coordinates": [[[27.25, 37.25], [27.5, 37.25], [27.5, 37.5], [27.25, 37.5], [27.25, 37.25]]]}, "properties": {"risk_index": 9, "annual_rate": 0.0274, "max_mag": 3.2, "n_events": 1, "n_recent": 0}}, {"type": "Feature", "geometry": {"type": "Polygon", "coordinates": [[[43.5, 35.75], [43.75, 35.75], [43.75, 36.0], [43.5, 36.0], [43.5, 35.75]]]}, "properties": {"risk_index": 9, "annual_rate": 0.0274, "max_mag": 3.2, "n_events": 1, "n_recent": 1}}, {"type": "Feature", "geometry": {"type": "Polygon", "coordinates": [[[39.75, 40.5], [40.0, 40.5], [40.0, 40.75], [39.75, 40.75], [39.75, 40.5]]]}, "properties": {"risk_index": 9, "annual_rate": 0.0274, "max_mag": 3.2, "n_events": 1, "n_recent": 0}}, {"type": "Feature", "geometry": {"type": "Polygon", "coordinates": [[[33.0, 38.0], [33.25, 38.0], [33.25, 38.25], [33.0, 38.25], [33.0, 38.0]]]}, "properties": {"risk_index": 9, "annual_rate": 0.0274, "max_mag": 3.2, "n_events": 1, "n_recent": 0}}, {"type": "Feature", "geometry": {"type": "Polygon", "coordinates": [[[30.25, 41.0], [30.5, 41.0], [30.5, 41.25], [30.25, 41.25], [30.25, 41.0]]]}, "properties": {"risk_index": 9, "annual_rate": 0.0274, "max_mag": 3.2, "n_events": 1, "n_recent": 0}}, {"type": "Feature", "geometry": {"type": "Polygon", "coordinates": [[[43.25, 35.75], [43.5, 35.75], [43.5, 36.0], [43.25, 36.0], [43.25, 35.75]]]}, "properties": {"risk_index": 9, "annual_rate": 0.0274, "max_mag": 3.2, "n_events": 1, "n_recent": 0}}, {"type": "Feature", "geometry": {"type": "Polygon", "coordinates": [[[43.5, 40.25], [43.75, 40.25], [43.75, 40.5], [43.5, 40.5], [43.5, 40.25]]]}, "properties": {"risk_index": 9, "annual_rate": 0.0274, "max_mag": 3.2, "n_events": 1, "n_recent": 1}}, {"type": "Feature", "geometry": {"type": "Polygon", "coordinates": [[[45.0, 41.25], [45.25, 41.25], [45.25, 41.5], [45.0, 41.5], [45.0, 41.25]]]}, "properties": {"risk_index": 9, "annual_rate": 0.0274, "max_mag": 3.2, "n_events": 1, "n_recent": 0}}, {"type": "Feature", "geometry": {"type": "Polygon", "coordinates": [[[28.25, 41.25], [28.5, 41.25], [28.5, 41.5], [28.25, 41.5], [28.25, 41.25]]]}, "properties": {"risk_index": 9, "annual_rate": 0.0274, "max_mag": 3.2, "n_events": 1, "n_recent": 0}}, {"type": "Feature", "geometry": {"type": "Polygon", "coordinates": [[[26.0, 41.5], [26.25, 41.5], [26.25, 41.75], [26.0, 41.75], [26.0, 41.5]]]}, "properties": {"risk_index": 9, "annual_rate": 0.0274, "max_mag": 3.2, "n_events": 1, "n_recent": 0}}, {"type": "Feature", "geometry": {"type": "Polygon", "coordinates": [[[32.25, 38.25], [32.5, 38.25], [32.5, 38.5], [32.25, 38.5], [32.25, 38.25]]]}, "properties": {"risk_index": 9, "annual_rate": 0.0274, "max_mag": 3.2, "n_events": 1, "n_recent": 0}}, {"type": "Feature", "geometry": {"type": "Polygon", "coordinates": [[[38.25, 40.5], [38.5, 40.5], [38.5, 40.75], [38.25, 40.75], [38.25, 40.5]]]}, "properties": {"risk_index": 9, "annual_rate": 0.0274, "max_mag": 3.2, "n_events": 1, "n_recent": 0}}, {"type": "Feature", "geometry": {"type": "Polygon", "coordinates": [[[41.25, 37.0], [41.5, 37.0], [41.5, 37.25], [41.25, 37.25], [41.25, 37.0]]]}, "properties": {"risk_index": 9, "annual_rate": 0.0274, "max_mag": 3.2, "n_events": 1, "n_recent": 0}}, {"type": "Feature", "geometry": {"type": "Polygon", "coordinates": [[[27.75, 41.25], [28.0, 41.25], [28.0, 41.5], [27.75, 41.5], [27.75, 41.25]]]}, "properties": {"risk_index": 9, "annual_rate": 0.0274, "max_mag": 3.2, "n_events": 1, "n_recent": 1}}, {"type": "Feature", "geometry": {"type": "Polygon", "coordinates": [[[31.75, 41.25], [32.0, 41.25], [32.0, 41.5], [31.75, 41.5], [31.75, 41.25]]]}, "properties": {"risk_index": 9, "annual_rate": 0.0274, "max_mag": 3.2, "n_events": 1, "n_recent": 0}}, {"type": "Feature", "geometry": {"type": "Polygon", "coordinates": [[[40.5, 41.25], [40.75, 41.25], [40.75, 41.5], [40.5, 41.5], [40.5, 41.25]]]}, "properties": {"risk_index": 9, "annual_rate": 0.0274, "max_mag": 3.2, "n_events": 1, "n_recent": 1}}, {"type": "Feature", "geometry": {"type": "Polygon", "coordinates": [[[35.5, 38.0], [35.75, 38.0], [35.75, 38.25], [35.5, 38.25], [35.5, 38.0]]]}, "properties": {"risk_index": 9, "annual_rate": 0.0274, "max_mag": 3.2, "n_events": 1, "n_recent": 0}}, {"type": "Feature", "geometry": {"type": "Polygon", "coordinates": [[[39.75, 37.0], [40.0, 37.0], [40.0, 37.25], [39.75, 37.25], [39.75, 37.0]]]}, "properties": {"risk_index": 9, "annual_rate": 0.0274, "max_mag": 3.2, "n_events": 1, "n_recent": 0}}, {"type": "Feature", "geometry": {"type": "Polygon", "coordinates": [[[38.5, 35.75], [38.75, 35.75], [38.75, 36.0], [38.5, 36.0], [38.5, 35.75]]]}, "properties": {"risk_index": 9, "annual_rate": 0.0274, "max_mag": 3.2, "n_events": 1, "n_recent": 0}}, {"type": "Feature", "geometry": {"type": "Polygon", "coordinates": [[[37.75, 36.0], [38.0, 36.0], [38.0, 36.25], [37.75, 36.25], [37.75, 36.0]]]}, "properties": {"risk_index": 9, "annual_rate": 0.0274, "max_mag": 3.2, "n_events": 1, "n_recent": 0}}, {"type": "Feature", "geometry": {"type": "Polygon", "coordinates": [[[43.5, 40.5], [43.75, 40.5], [43.75, 40.75], [43.5, 40.75], [43.5, 40.5]]]}, "properties": {"risk_index": 9, "annual_rate": 0.0274, "max_mag": 3.2, "n_events": 1, "n_recent": 0}}, {"type": "Feature", "geometry": {"type": "Polygon", "coordinates": [[[32.5, 41.0], [32.75, 41.0], [32.75, 41.25], [32.5, 41.25], [32.5, 41.0]]]}, "properties": {"risk_index": 9, "annual_rate": 0.0274, "max_mag": 3.2, "n_events": 1, "n_recent": 0}}, {"type": "Feature", "geometry": {"type": "Polygon", "coordinates": [[[40.75, 40.75], [41.0, 40.75], [41.0, 41.0], [40.75, 41.0], [40.75, 40.75]]]}, "properties": {"risk_index": 9, "annual_rate": 0.0274, "max_mag": 3.2, "n_events": 1, "n_recent": 0}}, {"type": "Feature", "geometry": {"type": "Polygon", "coordinates": [[[44.0, 35.5], [44.25, 35.5], [44.25, 35.75], [44.0, 35.75], [44.0, 35.5]]]}, "properties": {"risk_index": 9, "annual_rate": 0.0274, "max_mag": 3.2, "n_events": 1, "n_recent": 0}}, {"type": "Feature", "geometry": {"type": "Polygon", "coordinates": [[[39.0, 35.5], [39.25, 35.5], [39.25, 35.75], [39.0, 35.75], [39.0, 35.5]]]}, "properties": {"risk_index": 9, "annual_rate": 0.0274, "max_mag": 3.2, "n_events": 1, "n_recent": 1}}, {"type": "Feature", "geometry": {"type": "Polygon", "coordinates": [[[31.25, 37.75], [31.5, 37.75], [31.5, 38.0], [31.25, 38.0], [31.25, 37.75]]]}, "properties": {"risk_index": 7, "annual_rate": 0.0274, "max_mag": 3.1, "n_events": 1, "n_recent": 0}}, {"type": "Feature", "geometry": {"type": "Polygon", "coordinates": [[[31.0, 41.25], [31.25, 41.25], [31.25, 41.5], [31.0, 41.5], [31.0, 41.25]]]}, "properties": {"risk_index": 7, "annual_rate": 0.0274, "max_mag": 3.1, "n_events": 1, "n_recent": 0}}, {"type": "Feature", "geometry": {"type": "Polygon", "coordinates": [[[44.5, 41.75], [44.75, 41.75], [44.75, 42.0], [44.5, 42.0], [44.5, 41.75]]]}, "properties": {"risk_index": 7, "annual_rate": 0.0274, "max_mag": 3.1, "n_events": 1, "n_recent": 0}}, {"type": "Feature", "geometry": {"type": "Polygon", "coordinates": [[[26.75, 42.0], [27.0, 42.0], [27.0, 42.25], [26.75, 42.25], [26.75, 42.0]]]}, "properties": {"risk_index": 7, "annual_rate": 0.0274, "max_mag": 3.1, "n_events": 1, "n_recent": 0}}, {"type": "Feature", "geometry": {"type": "Polygon", "coordinates": [[[39.5, 40.75], [39.75, 40.75], [39.75, 41.0], [39.5, 41.0], [39.5, 40.75]]]}, "properties": {"risk_index": 7, "annual_rate": 0.0274, "max_mag": 3.1, "n_events": 1, "n_recent": 0}}, {"type": "Feature", "geometry": {"type": "Polygon", "coordinates": [[[36.25, 39.5], [36.5, 39.5], [36.5, 39.75], [36.25, 39.75], [36.25, 39.5]]]}, "properties": {"risk_index": 7, "annual_rate": 0.0274, "max_mag": 3.1, "n_events": 1, "n_recent": 0}}, {"type": "Feature", "geometry": {"type": "Polygon", "coordinates": [[[39.25, 35.5], [39.5, 35.5], [39.5, 35.75], [39.25, 35.75], [39.25, 35.5]]]}, "properties": {"risk_index": 7, "annual_rate": 0.0274, "max_mag": 3.1, "n_events": 1, "n_recent": 1}}, {"type": "Feature", "geometry": {"type": "Polygon", "coordinates": [[[26.75, 42.25], [27.0, 42.25], [27.0, 42.5], [26.75, 42.5], [26.75, 42.25]]]}, "properties": {"risk_index": 7, "annual_rate": 0.0274, "max_mag": 3.1, "n_events": 1, "n_recent": 0}}, {"type": "Feature", "geometry": {"type": "Polygon", "coordinates": [[[44.5, 36.5], [44.75, 36.5], [44.75, 36.75], [44.5, 36.75], [44.5, 36.5]]]}, "properties": {"risk_index": 7, "annual_rate": 0.0274, "max_mag": 3.1, "n_events": 1, "n_recent": 1}}, {"type": "Feature", "geometry": {"type": "Polygon", "coordinates": [[[41.5, 41.0], [41.75, 41.0], [41.75, 41.25], [41.5, 41.25], [41.5, 41.0]]]}, "properties": {"risk_index": 7, "annual_rate": 0.0274, "max_mag": 3.1, "n_events": 1, "n_recent": 0}}, {"type": "Feature", "geometry": {"type": "Polygon", "coordinates": [[[39.5, 40.5], [39.75, 40.5], [39.75, 40.75], [39.5, 40.75], [39.5, 40.5]]]}, "properties": {"risk_index": 7, "annual_rate": 0.0274, "max_mag": 3.1, "n_events": 1, "n_recent": 0}}, {"type": "Feature", "geometry": {"type": "Polygon", "coordinates": [[[44.0, 42.0], [44.25, 42.0], [44.25, 42.25], [44.0, 42.25], [44.0, 42.0]]]}, "properties": {"risk_index": 7, "annual_rate": 0.0274, "max_mag": 3.1, "n_events": 1, "n_recent": 0}}, {"type": "Feature", "geometry": {"type": "Polygon", "coordinates": [[[44.25, 40.5], [44.5, 40.5], [44.5, 40.75], [44.25, 40.75], [44.25, 40.5]]]}, "properties": {"risk_index": 7, "annual_rate": 0.0274, "max_mag": 3.1, "n_events": 1, "n_recent": 0}}, {"type": "Feature", "geometry": {"type": "Polygon", "coordinates": [[[35.75, 39.25], [36.0, 39.25], [36.0, 39.5], [35.75, 39.5], [35.75, 39.25]]]}, "properties": {"risk_index": 7, "annual_rate": 0.0274, "max_mag": 3.1, "n_events": 1, "n_recent": 0}}, {"type": "Feature", "geometry": {"type": "Polygon", "coordinates": [[[43.5, 35.5], [43.75, 35.5], [43.75, 35.75], [43.5, 35.75], [43.5, 35.5]]]}, "properties": {"risk_index": 7, "annual_rate": 0.0274, "max_mag": 3.1, "n_events": 1, "n_recent": 1}}, {"type": "Feature", "geometry": {"type": "Polygon", "coordinates": [[[41.0, 37.5], [41.25, 37.5], [41.25, 37.75], [41.0, 37.75], [41.0, 37.5]]]}, "properties": {"risk_index": 7, "annual_rate": 0.0274, "max_mag": 3.1, "n_events": 1, "n_recent": 1}}, {"type": "Feature", "geometry": {"type": "Polygon", "coordinates": [[[33.75, 41.25], [34.0, 41.25], [34.0, 41.5], [33.75, 41.5], [33.75, 41.25]]]}, "properties": {"risk_index": 7, "annual_rate": 0.0274, "max_mag": 3.1, "n_events": 1, "n_recent": 0}}, {"type": "Feature", "geometry": {"type": "Polygon", "coordinates": [[[37.25, 35.5], [37.5, 35.5], [37.5, 35.75], [37.25, 35.75], [37.25, 35.5]]]}, "properties": {"risk_index": 7, "annual_rate": 0.0274, "max_mag": 3.1, "n_events": 1, "n_recent": 0}}, {"type": "Feature", "geometry": {"type": "Polygon", "coordinates": [[[44.25, 36.0], [44.5, 36.0], [44.5, 36.25], [44.25, 36.25], [44.25, 36.0]]]}, "properties": {"risk_index": 7, "annual_rate": 0.0274, "max_mag": 3.1, "n_events": 1, "n_recent": 1}}, {"type": "Feature", "geometry": {"type": "Polygon", "coordinates": [[[40.0, 37.0], [40.25, 37.0], [40.25, 37.25], [40.0, 37.25], [40.0, 37.0]]]}, "properties": {"risk_index": 7, "annual_rate": 0.0274, "max_mag": 3.1, "n_events": 1, "n_recent": 0}}, {"type": "Feature", "geometry": {"type": "Polygon", "coordinates": [[[37.25, 41.5], [37.5, 41.5], [37.5, 41.75], [37.25, 41.75], [37.25, 41.5]]]}, "properties": {"risk_index": 7, "annual_rate": 0.0274, "max_mag": 3.1, "n_events": 1, "n_recent": 0}}, {"type": "Feature", "geometry": {"type": "Polygon", "coordinates": [[[31.75, 40.25], [32.0, 40.25], [32.0, 40.5], [31.75, 40.5], [31.75, 40.25]]]}, "properties": {"risk_index": 7, "annual_rate": 0.0274, "max_mag": 3.1, "n_events": 1, "n_recent": 0}}, {"type": "Feature", "geometry": {"type": "Polygon", "coordinates": [[[41.75, 40.75], [42.0, 40.75], [42.0, 41.0], [41.75, 41.0], [41.75, 40.75]]]}, "properties": {"risk_index": 7, "annual_rate": 0.0274, "max_mag": 3.1, "n_events": 1, "n_recent": 0}}, {"type": "Feature", "geometry": {"type": "Polygon", "coordinates": [[[38.0, 40.25], [38.25, 40.25], [38.25, 40.5], [38.0, 40.5], [38.0, 40.25]]]}, "properties": {"risk_index": 7, "annual_rate": 0.0274, "max_mag": 3.1, "n_events": 1, "n_recent": 0}}, {"type": "Feature", "geometry": {"type": "Polygon", "coordinates": [[[33.25, 37.5], [33.5, 37.5], [33.5, 37.75], [33.25, 37.75], [33.25, 37.5]]]}, "properties": {"risk_index": 7, "annual_rate": 0.0274, "max_mag": 3.1, "n_events": 1, "n_recent": 0}}, {"type": "Feature", "geometry": {"type": "Polygon", "coordinates": [[[39.0, 40.25], [39.25, 40.25], [39.25, 40.5], [39.0, 40.5], [39.0, 40.25]]]}, "properties": {"risk_index": 7, "annual_rate": 0.0274, "max_mag": 3.1, "n_events": 1, "n_recent": 0}}, {"type": "Feature", "geometry": {"type": "Polygon", "coordinates": [[[26.75, 41.75], [27.0, 41.75], [27.0, 42.0], [26.75, 42.0], [26.75, 41.75]]]}, "properties": {"risk_index": 7, "annual_rate": 0.0274, "max_mag": 3.1, "n_events": 1, "n_recent": 0}}, {"type": "Feature", "geometry": {"type": "Polygon", "coordinates": [[[39.75, 37.75], [40.0, 37.75], [40.0, 38.0], [39.75, 38.0], [39.75, 37.75]]]}, "properties": {"risk_index": 7, "annual_rate": 0.0274, "max_mag": 3.1, "n_events": 1, "n_recent": 1}}, {"type": "Feature", "geometry": {"type": "Polygon", "coordinates": [[[29.75, 40.25], [30.0, 40.25], [30.0, 40.5], [29.75, 40.5], [29.75, 40.25]]]}, "properties": {"risk_index": 7, "annual_rate": 0.0274, "max_mag": 3.1, "n_events": 1, "n_recent": 0}}, {"type": "Feature", "geometry": {"type": "Polygon", "coordinates": [[[32.5, 37.25], [32.75, 37.25], [32.75, 37.5], [32.5, 37.5], [32.5, 37.25]]]}, "properties": {"risk_index": 7, "annual_rate": 0.0274, "max_mag": 3.1, "n_events": 1, "n_recent": 0}}, {"type": "Feature", "geometry": {"type": "Polygon", "coordinates": [[[42.5, 42.25], [42.75, 42.25], [42.75, 42.5], [42.5, 42.5], [42.5, 42.25]]]}, "properties": {"risk_index": 7, "annual_rate": 0.0274, "max_mag": 3.1, "n_events": 1, "n_recent": 1}}, {"type": "Feature", "geometry": {"type": "Polygon", "coordinates": [[[26.25, 41.5], [26.5, 41.5], [26.5, 41.75], [26.25, 41.75], [26.25, 41.5]]]}, "properties": {"risk_index": 7, "annual_rate": 0.0274, "max_mag": 3.1, "n_events": 1, "n_recent": 0}}, {"type": "Feature", "geometry": {"type": "Polygon", "coordinates": [[[42.75, 41.25], [43.0, 41.25], [43.0, 41.5], [42.75, 41.5], [42.75, 41.25]]]}, "properties": {"risk_index": 7, "annual_rate": 0.0274, "max_mag": 3.1, "n_events": 1, "n_recent": 0}}, {"type": "Feature", "geometry": {"type": "Polygon", "coordinates": [[[39.5, 41.25], [39.75, 41.25], [39.75, 41.5], [39.5, 41.5], [39.5, 41.25]]]}, "properties": {"risk_index": 7, "annual_rate": 0.0274, "max_mag": 3.1, "n_events": 1, "n_recent": 0}}, {"type": "Feature", "geometry": {"type": "Polygon", "coordinates": [[[34.25, 38.75], [34.5, 38.75], [34.5, 39.0], [34.25, 39.0], [34.25, 38.75]]]}, "properties": {"risk_index": 7, "annual_rate": 0.0274, "max_mag": 3.1, "n_events": 1, "n_recent": 0}}, {"type": "Feature", "geometry": {"type": "Polygon", "coordinates": [[[41.75, 41.25], [42.0, 41.25], [42.0, 41.5], [41.75, 41.5], [41.75, 41.25]]]}, "properties": {"risk_index": 7, "annual_rate": 0.0274, "max_mag": 3.1, "n_events": 1, "n_recent": 0}}, {"type": "Feature", "geometry": {"type": "Polygon", "coordinates": [[[32.75, 38.25], [33.0, 38.25], [33.0, 38.5], [32.75, 38.5], [32.75, 38.25]]]}, "properties": {"risk_index": 7, "annual_rate": 0.0274, "max_mag": 3.1, "n_events": 1, "n_recent": 0}}, {"type": "Feature", "geometry": {"type": "Polygon", "coordinates": [[[39.0, 35.75], [39.25, 35.75], [39.25, 36.0], [39.0, 36.0], [39.0, 35.75]]]}, "properties": {"risk_index": 7, "annual_rate": 0.0274, "max_mag": 3.1, "n_events": 1, "n_recent": 0}}, {"type": "Feature", "geometry": {"type": "Polygon", "coordinates": [[[42.25, 36.0], [42.5, 36.0], [42.5, 36.25], [42.25, 36.25], [42.25, 36.0]]]}, "properties": {"risk_index": 7, "annual_rate": 0.0274, "max_mag": 3.1, "n_events": 1, "n_recent": 0}}, {"type": "Feature", "geometry": {"type": "Polygon", "coordinates": [[[40.0, 41.75], [40.25, 41.75], [40.25, 42.0], [40.0, 42.0], [40.0, 41.75]]]}, "properties": {"risk_index": 7, "annual_rate": 0.0274, "max_mag": 3.1, "n_events": 1, "n_recent": 0}}, {"type": "Feature", "geometry": {"type": "Polygon", "coordinates": [[[34.25, 37.75], [34.5, 37.75], [34.5, 38.0], [34.25, 38.0], [34.25, 37.75]]]}, "properties": {"risk_index": 7, "annual_rate": 0.0274, "max_mag": 3.1, "n_events": 1, "n_recent": 0}}, {"type": "Feature", "geometry": {"type": "Polygon", "coordinates": [[[40.5, 42.25], [40.75, 42.25], [40.75, 42.5], [40.5, 42.5], [40.5, 42.25]]]}, "properties": {"risk_index": 7, "annual_rate": 0.0274, "max_mag": 3.1, "n_events": 1, "n_recent": 0}}, {"type": "Feature", "geometry": {"type": "Polygon", "coordinates": [[[34.25, 37.5], [34.5, 37.5], [34.5, 37.75], [34.25, 37.75], [34.25, 37.5]]]}, "properties": {"risk_index": 7, "annual_rate": 0.0274, "max_mag": 3.1, "n_events": 1, "n_recent": 0}}, {"type": "Feature", "geometry": {"type": "Polygon", "coordinates": [[[36.0, 41.75], [36.25, 41.75], [36.25, 42.0], [36.0, 42.0], [36.0, 41.75]]]}, "properties": {"risk_index": 7, "annual_rate": 0.0274, "max_mag": 3.1, "n_events": 1, "n_recent": 0}}, {"type": "Feature", "geometry": {"type": "Polygon", "coordinates": [[[41.75, 35.75], [42.0, 35.75], [42.0, 36.0], [41.75, 36.0], [41.75, 35.75]]]}, "properties": {"risk_index": 5, "annual_rate": 0.0274, "max_mag": 3.0, "n_events": 1, "n_recent": 0}}, {"type": "Feature", "geometry": {"type": "Polygon", "coordinates": [[[31.5, 39.25], [31.75, 39.25], [31.75, 39.5], [31.5, 39.5], [31.5, 39.25]]]}, "properties": {"risk_index": 5, "annual_rate": 0.0274, "max_mag": 3.0, "n_events": 1, "n_recent": 0}}, {"type": "Feature", "geometry": {"type": "Polygon", "coordinates": [[[40.25, 42.25], [40.5, 42.25], [40.5, 42.5], [40.25, 42.5], [40.25, 42.25]]]}, "properties": {"risk_index": 5, "annual_rate": 0.0274, "max_mag": 3.0, "n_events": 1, "n_recent": 0}}, {"type": "Feature", "geometry": {"type": "Polygon", "coordinates": [[[40.75, 38.0], [41.0, 38.0], [41.0, 38.25], [40.75, 38.25], [40.75, 38.0]]]}, "properties": {"risk_index": 5, "annual_rate": 0.0274, "max_mag": 3.0, "n_events": 1, "n_recent": 0}}, {"type": "Feature", "geometry": {"type": "Polygon", "coordinates": [[[40.75, 37.0], [41.0, 37.0], [41.0, 37.25], [40.75, 37.25], [40.75, 37.0]]]}, "properties": {"risk_index": 5, "annual_rate": 0.0274, "max_mag": 3.0, "n_events": 1, "n_recent": 0}}, {"type": "Feature", "geometry": {"type": "Polygon", "coordinates": [[[32.75, 36.75], [33.0, 36.75], [33.0, 37.0], [32.75, 37.0], [32.75, 36.75]]]}, "properties": {"risk_index": 5, "annual_rate": 0.0274, "max_mag": 3.0, "n_events": 1, "n_recent": 0}}, {"type": "Feature", "geometry": {"type": "Polygon", "coordinates": [[[34.75, 35.75], [35.0, 35.75], [35.0, 36.0], [34.75, 36.0], [34.75, 35.75]]]}, "properties": {"risk_index": 5, "annual_rate": 0.0274, "max_mag": 3.0, "n_events": 1, "n_recent": 0}}, {"type": "Feature", "geometry": {"type": "Polygon", "coordinates": [[[36.75, 40.75], [37.0, 40.75], [37.0, 41.0], [36.75, 41.0], [36.75, 40.75]]]}, "properties": {"risk_index": 5, "annual_rate": 0.0274, "max_mag": 3.0, "n_events": 1, "n_recent": 0}}, {"type": "Feature", "geometry": {"type": "Polygon", "coordinates": [[[44.5, 40.75], [44.75, 40.75], [44.75, 41.0], [44.5, 41.0], [44.5, 40.75]]]}, "properties": {"risk_index": 5, "annual_rate": 0.0274, "max_mag": 3.0, "n_events": 1, "n_recent": 0}}, {"type": "Feature", "geometry": {"type": "Polygon", "coordinates": [[[35.0, 38.5], [35.25, 38.5], [35.25, 38.75], [35.0, 38.75], [35.0, 38.5]]]}, "properties": {"risk_index": 5, "annual_rate": 0.0274, "max_mag": 3.0, "n_events": 1, "n_recent": 0}}, {"type": "Feature", "geometry": {"type": "Polygon", "coordinates": [[[33.25, 37.0], [33.5, 37.0], [33.5, 37.25], [33.25, 37.25], [33.25, 37.0]]]}, "properties": {"risk_index": 5, "annual_rate": 0.0274, "max_mag": 3.0, "n_events": 1, "n_recent": 0}}, {"type": "Feature", "geometry": {"type": "Polygon", "coordinates": [[[39.75, 36.75], [40.0, 36.75], [40.0, 37.0], [39.75, 37.0], [39.75, 36.75]]]}, "properties": {"risk_index": 5, "annual_rate": 0.0274, "max_mag": 3.0, "n_events": 1, "n_recent": 0}}, {"type": "Feature", "geometry": {"type": "Polygon", "coordinates": [[[25.75, 42.25], [26.0, 42.25], [26.0, 42.5], [25.75, 42.5], [25.75, 42.25]]]}, "properties": {"risk_index": 5, "annual_rate": 0.0274, "max_mag": 3.0, "n_events": 1, "n_recent": 0}}, {"type": "Feature", "geometry": {"type": "Polygon", "coordinates": [[[39.0, 37.5], [39.25, 37.5], [39.25, 37.75], [39.0, 37.75], [39.0, 37.5]]]}, "properties": {"risk_index": 5, "annual_rate": 0.0274, "max_mag": 3.0, "n_events": 1, "n_recent": 0}}, {"type": "Feature", "geometry": {"type": "Polygon", "coordinates": [[[32.5, 36.75], [32.75, 36.75], [32.75, 37.0], [32.5, 37.0], [32.5, 36.75]]]}, "properties": {"risk_index": 5, "annual_rate": 0.0274, "max_mag": 3.0, "n_events": 1, "n_recent": 0}}, {"type": "Feature", "geometry": {"type": "Polygon", "coordinates": [[[39.5, 36.75], [39.75, 36.75], [39.75, 37.0], [39.5, 37.0], [39.5, 36.75]]]}, "properties": {"risk_index": 5, "annual_rate": 0.0274, "max_mag": 3.0, "n_events": 1, "n_recent": 0}}, {"type": "Feature", "geometry": {"type": "Polygon", "coordinates": [[[33.0, 35.75], [33.25, 35.75], [33.25, 36.0], [33.0, 36.0], [33.0, 35.75]]]}, "properties": {"risk_index": 5, "annual_rate": 0.0274, "max_mag": 3.0, "n_events": 1, "n_recent": 0}}, {"type": "Feature", "geometry": {"type": "Polygon", "coordinates": [[[41.5, 42.25], [41.75, 42.25], [41.75, 42.5], [41.5, 42.5], [41.5, 42.25]]]}, "properties": {"risk_index": 5, "annual_rate": 0.0274, "max_mag": 3.0, "n_events": 1, "n_recent": 0}}, {"type": "Feature", "geometry": {"type": "Polygon", "coordinates": [[[27.25, 41.0], [27.5, 41.0], [27.5, 41.25], [27.25, 41.25], [27.25, 41.0]]]}, "properties": {"risk_index": 5, "annual_rate": 0.0274, "max_mag": 3.0, "n_events": 1, "n_recent": 0}}, {"type": "Feature", "geometry": {"type": "Polygon", "coordinates": [[[42.5, 41.5], [42.75, 41.5], [42.75, 41.75], [42.5, 41.75], [42.5, 41.5]]]}, "properties": {"risk_index": 5, "annual_rate": 0.0274, "max_mag": 3.0, "n_events": 1, "n_recent": 0}}, {"type": "Feature", "geometry": {"type": "Polygon", "coordinates": [[[42.0, 42.0], [42.25, 42.0], [42.25, 42.25], [42.0, 42.25], [42.0, 42.0]]]}, "properties": {"risk_index": 5, "annual_rate": 0.0274, "max_mag": 3.0, "n_events": 1, "n_recent": 0}}, {"type": "Feature", "geometry": {"type": "Polygon", "coordinates": [[[33.75, 41.75], [34.0, 41.75], [34.0, 42.0], [33.75, 42.0], [33.75, 41.75]]]}, "properties": {"risk_index": 5, "annual_rate": 0.0274, "max_mag": 3.0, "n_events": 1, "n_recent": 0}}, {"type": "Feature", "geometry": {"type": "Polygon", "coordinates": [[[37.0, 38.5], [37.25, 38.5], [37.25, 38.75], [37.0, 38.75], [37.0, 38.5]]]}, "properties": {"risk_index": 5, "annual_rate": 0.0274, "max_mag": 3.0, "n_events": 1, "n_recent": 0}}, {"type": "Feature", "geometry": {"type": "Polygon", "coordinates": [[[40.0, 41.25], [40.25, 41.25], [40.25, 41.5], [40.0, 41.5], [40.0, 41.25]]]}, "properties": {"risk_index": 5, "annual_rate": 0.0274, "max_mag": 3.0, "n_events": 1, "n_recent": 0}}, {"type": "Feature", "geometry": {"type": "Polygon", "coordinates": [[[44.0, 36.0], [44.25, 36.0], [44.25, 36.25], [44.0, 36.25], [44.0, 36.0]]]}, "properties": {"risk_index": 5, "annual_rate": 0.0274, "max_mag": 3.0, "n_events": 1, "n_recent": 0}}, {"type": "Feature", "geometry": {"type": "Polygon", "coordinates": [[[39.75, 37.25], [40.0, 37.25], [40.0, 37.5], [39.75, 37.5], [39.75, 37.25]]]}, "properties": {"risk_index": 5, "annual_rate": 0.0274, "max_mag": 3.0, "n_events": 1, "n_recent": 0}}, {"type": "Feature", "geometry": {"type": "Polygon", "coordinates": [[[35.5, 41.75], [35.75, 41.75], [35.75, 42.0], [35.5, 42.0], [35.5, 41.75]]]}, "properties": {"risk_index": 5, "annual_rate": 0.0274, "max_mag": 3.0, "n_events": 1, "n_recent": 1}}, {"type": "Feature", "geometry": {"type": "Polygon", "coordinates": [[[35.25, 41.75], [35.5, 41.75], [35.5, 42.0], [35.25, 42.0], [35.25, 41.75]]]}, "properties": {"risk_index": 5, "annual_rate": 0.0274, "max_mag": 3.0, "n_events": 1, "n_recent": 0}}, {"type": "Feature", "geometry": {"type": "Polygon", "coordinates": [[[35.0, 41.75], [35.25, 41.75], [35.25, 42.0], [35.0, 42.0], [35.0, 41.75]]]}, "properties": {"risk_index": 5, "annual_rate": 0.0274, "max_mag": 3.0, "n_events": 1, "n_recent": 0}}, {"type": "Feature", "geometry": {"type": "Polygon", "coordinates": [[[40.25, 37.75], [40.5, 37.75], [40.5, 38.0], [40.25, 38.0], [40.25, 37.75]]]}, "properties": {"risk_index": 5, "annual_rate": 0.0274, "max_mag": 3.0, "n_events": 1, "n_recent": 0}}, {"type": "Feature", "geometry": {"type": "Polygon", "coordinates": [[[42.0, 36.0], [42.25, 36.0], [42.25, 36.25], [42.0, 36.25], [42.0, 36.0]]]}, "properties": {"risk_index": 5, "annual_rate": 0.0274, "max_mag": 3.0, "n_events": 1, "n_recent": 1}}, {"type": "Feature", "geometry": {"type": "Polygon", "coordinates": [[[31.5, 41.5], [31.75, 41.5], [31.75, 41.75], [31.5, 41.75], [31.5, 41.5]]]}, "properties": {"risk_index": 5, "annual_rate": 0.0274, "max_mag": 3.0, "n_events": 1, "n_recent": 0}}, {"type": "Feature", "geometry": {"type": "Polygon", "coordinates": [[[32.5, 36.25], [32.75, 36.25], [32.75, 36.5], [32.5, 36.5], [32.5, 36.25]]]}, "properties": {"risk_index": 5, "annual_rate": 0.0274, "max_mag": 3.0, "n_events": 1, "n_recent": 0}}, {"type": "Feature", "geometry": {"type": "Polygon", "coordinates": [[[26.0, 41.75], [26.25, 41.75], [26.25, 42.0], [26.0, 42.0], [26.0, 41.75]]]}, "properties": {"risk_index": 5, "annual_rate": 0.0274, "max_mag": 3.0, "n_events": 1, "n_recent": 1}}, {"type": "Feature", "geometry": {"type": "Polygon", "coordinates": [[[35.5, 41.5], [35.75, 41.5], [35.75, 41.75], [35.5, 41.75], [35.5, 41.5]]]}, "properties": {"risk_index": 5, "annual_rate": 0.0274, "max_mag": 3.0, "n_events": 1, "n_recent": 0}}, {"type": "Feature", "geometry": {"type": "Polygon", "coordinates": [[[44.5, 41.5], [44.75, 41.5], [44.75, 41.75], [44.5, 41.75], [44.5, 41.5]]]}, "properties": {"risk_index": 5, "annual_rate": 0.0274, "max_mag": 3.0, "n_events": 1, "n_recent": 0}}, {"type": "Feature", "geometry": {"type": "Polygon", "coordinates": [[[38.0, 36.25], [38.25, 36.25], [38.25, 36.5], [38.0, 36.5], [38.0, 36.25]]]}, "properties": {"risk_index": 5, "annual_rate": 0.0274, "max_mag": 3.0, "n_events": 1, "n_recent": 0}}, {"type": "Feature", "geometry": {"type": "Polygon", "coordinates": [[[38.75, 36.25], [39.0, 36.25], [39.0, 36.5], [38.75, 36.5], [38.75, 36.25]]]}, "properties": {"risk_index": 5, "annual_rate": 0.0274, "max_mag": 3.0, "n_events": 1, "n_recent": 1}}, {"type": "Feature", "geometry": {"type": "Polygon", "coordinates": [[[41.5, 41.75], [41.75, 41.75], [41.75, 42.0], [41.5, 42.0], [41.5, 41.75]]]}, "properties": {"risk_index": 5, "annual_rate": 0.0274, "max_mag": 3.0, "n_events": 1, "n_recent": 0}}, {"type": "Feature", "geometry": {"type": "Polygon", "coordinates": [[[36.0, 41.25], [36.25, 41.25], [36.25, 41.5], [36.0, 41.5], [36.0, 41.25]]]}, "properties": {"risk_index": 5, "annual_rate": 0.0274, "max_mag": 3.0, "n_events": 1, "n_recent": 0}}, {"type": "Feature", "geometry": {"type": "Polygon", "coordinates": [[[41.75, 42.0], [42.0, 42.0], [42.0, 42.25], [41.75, 42.25], [41.75, 42.0]]]}, "properties": {"risk_index": 5, "annual_rate": 0.0274, "max_mag": 3.0, "n_events": 1, "n_recent": 0}}, {"type": "Feature", "geometry": {"type": "Polygon", "coordinates": [[[41.75, 41.0], [42.0, 41.0], [42.0, 41.25], [41.75, 41.25], [41.75, 41.0]]]}, "properties": {"risk_index": 5, "annual_rate": 0.0274, "max_mag": 3.0, "n_events": 1, "n_recent": 0}}, {"type": "Feature", "geometry": {"type": "Polygon", "coordinates": [[[34.0, 38.5], [34.25, 38.5], [34.25, 38.75], [34.0, 38.75], [34.0, 38.5]]]}, "properties": {"risk_index": 5, "annual_rate": 0.0274, "max_mag": 3.0, "n_events": 1, "n_recent": 0}}, {"type": "Feature", "geometry": {"type": "Polygon", "coordinates": [[[37.25, 42.0], [37.5, 42.0], [37.5, 42.25], [37.25, 42.25], [37.25, 42.0]]]}, "properties": {"risk_index": 5, "annual_rate": 0.0274, "max_mag": 3.0, "n_events": 1, "n_recent": 0}}, {"type": "Feature", "geometry": {"type": "Polygon", "coordinates": [[[41.5, 40.5], [41.75, 40.5], [41.75, 40.75], [41.5, 40.75], [41.5, 40.5]]]}, "properties": {"risk_index": 5, "annual_rate": 0.0274, "max_mag": 3.0, "n_events": 1, "n_recent": 0}}, {"type": "Feature", "geometry": {"type": "Polygon", "coordinates": [[[40.25, 40.5], [40.5, 40.5], [40.5, 40.75], [40.25, 40.75], [40.25, 40.5]]]}, "properties": {"risk_index": 5, "annual_rate": 0.0274, "max_mag": 3.0, "n_events": 1, "n_recent": 0}}, {"type": "Feature", "geometry": {"type": "Polygon", "coordinates": [[[39.25, 40.5], [39.5, 40.5], [39.5, 40.75], [39.25, 40.75], [39.25, 40.5]]]}, "properties": {"risk_index": 5, "annual_rate": 0.0274, "max_mag": 3.0, "n_events": 1, "n_recent": 0}}, {"type": "Feature", "geometry": {"type": "Polygon", "coordinates": [[[34.75, 42.0], [35.0, 42.0], [35.0, 42.25], [34.75, 42.25], [34.75, 42.0]]]}, "properties": {"risk_index": 5, "annual_rate": 0.0274, "max_mag": 3.0, "n_events": 1, "n_recent": 0}}, {"type": "Feature", "geometry": {"type": "Polygon", "coordinates": [[[34.25, 42.0], [34.5, 42.0], [34.5, 42.25], [34.25, 42.25], [34.25, 42.0]]]}, "properties": {"risk_index": 5, "annual_rate": 0.0274, "max_mag": 3.0, "n_events": 1, "n_recent": 0}}, {"type": "Feature", "geometry": {"type": "Polygon", "coordinates": [[[33.25, 36.0], [33.5, 36.0], [33.5, 36.25], [33.25, 36.25], [33.25, 36.0]]]}, "properties": {"risk_index": 5, "annual_rate": 0.0274, "max_mag": 3.0, "n_events": 1, "n_recent": 0}}, {"type": "Feature", "geometry": {"type": "Polygon", "coordinates": [[[32.25, 38.5], [32.5, 38.5], [32.5, 38.75], [32.25, 38.75], [32.25, 38.5]]]}, "properties": {"risk_index": 5, "annual_rate": 0.0274, "max_mag": 3.0, "n_events": 1, "n_recent": 0}}, {"type": "Feature", "geometry": {"type": "Polygon", "coordinates": [[[38.25, 36.25], [38.5, 36.25], [38.5, 36.5], [38.25, 36.5], [38.25, 36.25]]]}, "properties": {"risk_index": 5, "annual_rate": 0.0274, "max_mag": 3.0, "n_events": 1, "n_recent": 0}}, {"type": "Feature", "geometry": {"type": "Polygon", "coordinates": [[[34.75, 36.0], [35.0, 36.0], [35.0, 36.25], [34.75, 36.25], [34.75, 36.0]]]}, "properties": {"risk_index": 5, "annual_rate": 0.0274, "max_mag": 3.0, "n_events": 1, "n_recent": 0}}, {"type": "Feature", "geometry": {"type": "Polygon", "coordinates": [[[28.0, 42.0], [28.25, 42.0], [28.25, 42.25], [28.0, 42.25], [28.0, 42.0]]]}, "properties": {"risk_index": 5, "annual_rate": 0.0274, "max_mag": 3.0, "n_events": 1, "n_recent": 0}}, {"type": "Feature", "geometry": {"type": "Polygon", "coordinates": [[[37.25, 36.0], [37.5, 36.0], [37.5, 36.25], [37.25, 36.25], [37.25, 36.0]]]}, "properties": {"risk_index": 5, "annual_rate": 0.0274, "max_mag": 3.0, "n_events": 1, "n_recent": 0}}, {"type": "Feature", "geometry": {"type": "Polygon", "coordinates": [[[34.0, 41.25], [34.25, 41.25], [34.25, 41.5], [34.0, 41.5], [34.0, 41.25]]]}, "properties": {"risk_index": 5, "annual_rate": 0.0274, "max_mag": 3.0, "n_events": 1, "n_recent": 0}}, {"type": "Feature", "geometry": {"type": "Polygon", "coordinates": [[[32.75, 36.5], [33.0, 36.5], [33.0, 36.75], [32.75, 36.75], [32.75, 36.5]]]}, "properties": {"risk_index": 5, "annual_rate": 0.0274, "max_mag": 3.0, "n_events": 1, "n_recent": 0}}, {"type": "Feature", "geometry": {"type": "Polygon", "coordinates": [[[35.0, 41.25], [35.25, 41.25], [35.25, 41.5], [35.0, 41.5], [35.0, 41.25]]]}, "properties": {"risk_index": 5, "annual_rate": 0.0274, "max_mag": 3.0, "n_events": 1, "n_recent": 0}}, {"type": "Feature", "geometry": {"type": "Polygon", "coordinates": [[[31.75, 42.0], [32.0, 42.0], [32.0, 42.25], [31.75, 42.25], [31.75, 42.0]]]}, "properties": {"risk_index": 5, "annual_rate": 0.0274, "max_mag": 3.0, "n_events": 1, "n_recent": 0}}]}